# key	a	b	extra   (pruned from 195,307 real symbols to those the checks resolve)
_stext	0xffffffffa8a00000	0x0	
_text	0xffffffffa8a00000	0x0	
__do_sys_rt_sigreturn	0xffffffffa8cbcf00	0x0	
__ia32_sys_rt_sigreturn	0xffffffffa8cbcf00	0x0	
__x64_sys_rt_sigreturn	0xffffffffa8cbcf00	0x0	
__x64_sys_iopl	0xffffffffa8cc2490	0x0	
__x64_sys_ioperm	0xffffffffa8cc2860	0x0	
__x64_sys_modify_ldt	0xffffffffa8cc4e90	0x0	
__x64_sys_mmap	0xffffffffa8cc78f0	0x0	
__do_sys_ni_syscall	0xffffffffa8ccfb70	0x0	
__ia32_sys_ni_syscall	0xffffffffa8ccfb70	0x0	
__x64_sys_ni_syscall	0xffffffffa8ccfb70	0x0	
__x64_sys_arch_prctl	0xffffffffa8ccfef0	0x0	
kprobe_ftrace_handler	0xffffffffa8d1a860	0x0	
__do_sys_uretprobe	0xffffffffa8d21aa0	0x0	
__ia32_sys_uretprobe	0xffffffffa8d21aa0	0x0	
__x64_sys_uretprobe	0xffffffffa8d21aa0	0x0	
__x64_sys_map_shadow_stack	0xffffffffa8d24f00	0x0	
__x64_sys_set_tid_address	0xffffffffa8d517c0	0x0	
__do_sys_fork	0xffffffffa8d550e0	0x0	
__ia32_sys_fork	0xffffffffa8d550e0	0x0	
__x64_sys_fork	0xffffffffa8d550e0	0x0	
__do_sys_vfork	0xffffffffa8d55150	0x0	
__ia32_sys_vfork	0xffffffffa8d55150	0x0	
__x64_sys_vfork	0xffffffffa8d55150	0x0	
__x64_sys_clone	0xffffffffa8d55270	0x0	
__x64_sys_clone3	0xffffffffa8d55430	0x0	
__x64_sys_unshare	0xffffffffa8d55ad0	0x0	
__x64_sys_personality	0xffffffffa8d55bd0	0x0	
__x64_sys_exit	0xffffffffa8d5d740	0x0	
__x64_sys_exit_group	0xffffffffa8d5d980	0x0	
__x64_sys_waitid	0xffffffffa8d5e1c0	0x0	
__x64_sys_wait4	0xffffffffa8d5e5e0	0x0	
__x64_sys_capget	0xffffffffa8d65d80	0x0	
__x64_sys_capset	0xffffffffa8d65fd0	0x0	
__x64_sys_ptrace	0xffffffffa8d67850	0x0	
__do_sys_restart_syscall	0xffffffffa8d692e0	0x0	
__ia32_sys_restart_syscall	0xffffffffa8d692e0	0x0	
__x64_sys_restart_syscall	0xffffffffa8d692e0	0x0	
__do_sys_pause	0xffffffffa8d69d70	0x0	
__ia32_sys_pause	0xffffffffa8d69d70	0x0	
__x64_sys_pause	0xffffffffa8d69d70	0x0	
__x64_sys_rt_sigpending	0xffffffffa8d6b180	0x0	
__x64_sys_rt_sigsuspend	0xffffffffa8d6b710	0x0	
__x64_sys_rt_sigprocmask	0xffffffffa8d6ba60	0x0	
__x64_sys_sigaltstack	0xffffffffa8d6bf80	0x0	
__x64_sys_rt_tgsigqueueinfo	0xffffffffa8d6eca0	0x0	
__x64_sys_tkill	0xffffffffa8d6ee50	0x0	
__x64_sys_tgkill	0xffffffffa8d6ef30	0x0	
__x64_sys_rt_sigqueueinfo	0xffffffffa8d6f520	0x0	
__x64_sys_kill	0xffffffffa8d6f830	0x0	
__x64_sys_rt_sigtimedwait	0xffffffffa8d71a00	0x0	
__x64_sys_pidfd_send_signal	0xffffffffa8d72490	0x0	
__x64_sys_rt_sigaction	0xffffffffa8d730b0	0x0	
__x64_sys_umask	0xffffffffa8d73490	0x0	
__x64_sys_getpriority	0xffffffffa8d73840	0x0	
__do_sys_gettid	0xffffffffa8d738a0	0x0	
__ia32_sys_gettid	0xffffffffa8d738a0	0x0	
__x64_sys_gettid	0xffffffffa8d738a0	0x0	
__do_sys_getpid	0xffffffffa8d738e0	0x0	
__ia32_sys_getpid	0xffffffffa8d738e0	0x0	
__x64_sys_getpid	0xffffffffa8d738e0	0x0	
__do_sys_getppid	0xffffffffa8d73920	0x0	
__ia32_sys_getppid	0xffffffffa8d73920	0x0	
__x64_sys_getppid	0xffffffffa8d73920	0x0	
__x64_sys_setpriority	0xffffffffa8d73d30	0x0	
__do_sys_getuid	0xffffffffa8d73e20	0x0	
__ia32_sys_getuid	0xffffffffa8d73e20	0x0	
__x64_sys_getuid	0xffffffffa8d73e20	0x0	
__do_sys_geteuid	0xffffffffa8d73e60	0x0	
__ia32_sys_geteuid	0xffffffffa8d73e60	0x0	
__x64_sys_geteuid	0xffffffffa8d73e60	0x0	
__do_sys_getgid	0xffffffffa8d74040	0x0	
__ia32_sys_getgid	0xffffffffa8d74040	0x0	
__x64_sys_getgid	0xffffffffa8d74040	0x0	
__do_sys_getegid	0xffffffffa8d74080	0x0	
__ia32_sys_getegid	0xffffffffa8d74080	0x0	
__x64_sys_getegid	0xffffffffa8d74080	0x0	
__x64_sys_setpgid	0xffffffffa8d745d0	0x0	
__x64_sys_newuname	0xffffffffa8d749e0	0x0	
__x64_sys_sysinfo	0xffffffffa8d75760	0x0	
__x64_sys_getcpu	0xffffffffa8d75870	0x0	
__x64_sys_times	0xffffffffa8d75920	0x0	
__x64_sys_getresuid	0xffffffffa8d75b10	0x0	
__x64_sys_getresgid	0xffffffffa8d75bf0	0x0	
__x64_sys_getsid	0xffffffffa8d75cb0	0x0	
__do_sys_getpgrp	0xffffffffa8d75d40	0x0	
__ia32_sys_getpgrp	0xffffffffa8d75d40	0x0	
__x64_sys_getpgrp	0xffffffffa8d75d40	0x0	
__x64_sys_getpgid	0xffffffffa8d75d80	0x0	
__x64_sys_sethostname	0xffffffffa8d75f60	0x0	
__x64_sys_setdomainname	0xffffffffa8d76130	0x0	
__x64_sys_getrlimit	0xffffffffa8d766c0	0x0	
__x64_sys_prlimit64	0xffffffffa8d77030	0x0	
__x64_sys_setrlimit	0xffffffffa8d770a0	0x0	
__x64_sys_setregid	0xffffffffa8d77e50	0x0	
__x64_sys_setgid	0xffffffffa8d77fb0	0x0	
__x64_sys_setreuid	0xffffffffa8d78320	0x0	
__x64_sys_setuid	0xffffffffa8d784d0	0x0	
__x64_sys_setresuid	0xffffffffa8d789d0	0x0	
__x64_sys_setresgid	0xffffffffa8d78ea0	0x0	
__x64_sys_setfsuid	0xffffffffa8d78fe0	0x0	
__x64_sys_setfsgid	0xffffffffa8d79120	0x0	
__do_sys_setsid	0xffffffffa8d79300	0x0	
__ia32_sys_setsid	0xffffffffa8d79300	0x0	
__x64_sys_setsid	0xffffffffa8d79300	0x0	
__x64_sys_getrusage	0xffffffffa8d798d0	0x0	
__x64_sys_prctl	0xffffffffa8d7a7f0	0x0	
__x64_sys_pidfd_getfd	0xffffffffa8d874a0	0x0	
__x64_sys_pidfd_open	0xffffffffa8d875e0	0x0	
__x64_sys_setns	0xffffffffa8d94210	0x0	
commit_creds	0xffffffffa8d95ad0	0x0	
__x64_sys_reboot	0xffffffffa8d97c30	0x0	
__x64_sys_getgroups	0xffffffffa8d9a580	0x0	
__x64_sys_setgroups	0xffffffffa8d9aae0	0x0	
__x64_sys_sched_getattr	0xffffffffa8dcbc10	0x0	
__x64_sys_sched_get_priority_max	0xffffffffa8dcc3e0	0x0	
__x64_sys_sched_get_priority_min	0xffffffffa8dcc450	0x0	
__x64_sys_sched_getscheduler	0xffffffffa8dccec0	0x0	
__x64_sys_sched_getparam	0xffffffffa8dcdd60	0x0	
__do_sys_sched_yield	0xffffffffa8dce400	0x0	
__ia32_sys_sched_yield	0xffffffffa8dce400	0x0	
__x64_sys_sched_yield	0xffffffffa8dce400	0x0	
__x64_sys_sched_rr_get_interval	0xffffffffa8dcfa80	0x0	
__x64_sys_sched_setscheduler	0xffffffffa8de74f0	0x0	
__x64_sys_sched_setparam	0xffffffffa8de7590	0x0	
__x64_sys_sched_setattr	0xffffffffa8de7610	0x0	
__x64_sys_sched_setaffinity	0xffffffffa8de9280	0x0	
__x64_sys_sched_getaffinity	0xffffffffa8de9530	0x0	
__x64_sys_membarrier	0xffffffffa8df4400	0x0	
__x64_sys_syslog	0xffffffffa8e15cc0	0x0	
__x64_sys_init_module	0xffffffffa8e5e0f0	0x0	
__x64_sys_finit_module	0xffffffffa8e5e5b0	0x0	
__x64_sys_delete_module	0xffffffffa8e5eaf0	0x0	
__x64_sys_kcmp	0xffffffffa8e62d90	0x0	
__x64_sys_adjtimex	0xffffffffa8e64780	0x0	
__x64_sys_time	0xffffffffa8e64820	0x0	
__x64_sys_gettimeofday	0xffffffffa8e64c40	0x0	
__x64_sys_settimeofday	0xffffffffa8e65260	0x0	
__x64_sys_nanosleep	0xffffffffa8e6c010	0x0	
__x64_sys_clock_gettime	0xffffffffa8e77ce0	0x0	
__x64_sys_clock_settime	0xffffffffa8e77f10	0x0	
__x64_sys_clock_getres	0xffffffffa8e785b0	0x0	
__x64_sys_clock_adjtime	0xffffffffa8e78a30	0x0	
__x64_sys_clock_nanosleep	0xffffffffa8e78a90	0x0	
__x64_sys_timer_getoverrun	0xffffffffa8e795a0	0x0	
__x64_sys_timer_settime	0xffffffffa8e79a90	0x0	
__x64_sys_timer_delete	0xffffffffa8e79d50	0x0	
__x64_sys_timer_gettime	0xffffffffa8e7a050	0x0	
__x64_sys_timer_create	0xffffffffa8e7a7c0	0x0	
__x64_sys_alarm	0xffffffffa8e7e6c0	0x0	
__x64_sys_setitimer	0xffffffffa8e7e790	0x0	
__x64_sys_getitimer	0xffffffffa8e7ec40	0x0	
__x64_sys_set_robust_list	0xffffffffa8e8b700	0x0	
__x64_sys_get_robust_list	0xffffffffa8e8ba60	0x0	
__x64_sys_futex_wake	0xffffffffa8e8bd70	0x0	
__x64_sys_futex_wait	0xffffffffa8e8bf00	0x0	
__x64_sys_futex	0xffffffffa8e8c810	0x0	
__x64_sys_futex_waitv	0xffffffffa8e8cd20	0x0	
__x64_sys_futex_requeue	0xffffffffa8e8ce90	0x0	
__x64_sys_acct	0xffffffffa8e94c40	0x0	
__x64_sys_kexec_load	0xffffffffa8e99de0	0x0	
__x64_sys_kexec_file_load	0xffffffffa8e9b8f0	0x0	
__x64_sys_seccomp	0xffffffffa8ee77d0	0x0	
__x64_sys_bpf	0xffffffffa8f81360	0x0	
__x64_sys_perf_event_open	0xffffffffa901dbb0	0x0	
__x64_sys_rseq	0xffffffffa9031070	0x0	
__x64_sys_cachestat	0xffffffffa9036630	0x0	
__x64_sys_process_mrelease	0xffffffffa9040a60	0x0	
__x64_sys_fadvise64	0xffffffffa9042540	0x0	
__x64_sys_readahead	0xffffffffa9048690	0x0	
__x64_sys_mincore	0xffffffffa90a8d40	0x0	
__do_sys_munlockall	0xffffffffa90a9fc0	0x0	
__ia32_sys_munlockall	0xffffffffa90a9fc0	0x0	
__x64_sys_munlockall	0xffffffffa90a9fc0	0x0	
__x64_sys_munlock	0xffffffffa90aa0a0	0x0	
__x64_sys_mlock	0xffffffffa90aa5d0	0x0	
__x64_sys_mlock2	0xffffffffa90aa6b0	0x0	
__x64_sys_mlockall	0xffffffffa90aaff0	0x0	
__x64_sys_munmap	0xffffffffa90acbf0	0x0	
__x64_sys_brk	0xffffffffa90ad9f0	0x0	
__x64_sys_remap_file_pages	0xffffffffa90ae810	0x0	
__x64_sys_pkey_alloc	0xffffffffa90b14a0	0x0	
__x64_sys_pkey_free	0xffffffffa90b2db0	0x0	
__x64_sys_mprotect	0xffffffffa90b3920	0x0	
__x64_sys_pkey_mprotect	0xffffffffa90b39a0	0x0	
__x64_sys_mremap	0xffffffffa90b6340	0x0	
__x64_sys_msync	0xffffffffa90b66f0	0x0	
__x64_sys_process_vm_readv	0xffffffffa90cf710	0x0	
__x64_sys_process_vm_writev	0xffffffffa90cf790	0x0	
__x64_sys_mseal	0xffffffffa90cfb20	0x0	
__x64_sys_process_madvise	0xffffffffa90f71a0	0x0	
__x64_sys_madvise	0xffffffffa90f73f0	0x0	
__x64_sys_swapon	0xffffffffa90fdbc0	0x0	
__x64_sys_swapoff	0xffffffffa9101340	0x0	
__x64_sys_get_mempolicy	0xffffffffa9117d10	0x0	
__x64_sys_set_mempolicy	0xffffffffa9117ff0	0x0	
__x64_sys_migrate_pages	0xffffffffa9118ce0	0x0	
__x64_sys_set_mempolicy_home_node	0xffffffffa911a910	0x0	
__x64_sys_mbind	0xffffffffa911b290	0x0	
__x64_sys_move_pages	0xffffffffa912f170	0x0	
__x64_sys_memfd_secret	0xffffffffa9160a60	0x0	
__x64_sys_memfd_create	0xffffffffa9168e80	0x0	
__do_sys_vhangup	0xffffffffa916c7a0	0x0	
__ia32_sys_vhangup	0xffffffffa916c7a0	0x0	
__x64_sys_vhangup	0xffffffffa916c7a0	0x0	
__x64_sys_faccessat	0xffffffffa916cad0	0x0	
__x64_sys_faccessat2	0xffffffffa916cb50	0x0	
__x64_sys_access	0xffffffffa916cbd0	0x0	
__x64_sys_close	0xffffffffa916d230	0x0	
__x64_sys_chdir	0xffffffffa916d2c0	0x0	
__x64_sys_fchdir	0xffffffffa916d860	0x0	
__x64_sys_fallocate	0xffffffffa916d940	0x0	
__x64_sys_chroot	0xffffffffa916daa0	0x0	
__x64_sys_truncate	0xffffffffa916e040	0x0	
__x64_sys_ftruncate	0xffffffffa916e620	0x0	
__x64_sys_fchmodat2	0xffffffffa916ea10	0x0	
__x64_sys_fchmod	0xffffffffa916eb50	0x0	
__x64_sys_chmod	0xffffffffa916ec10	0x0	
__x64_sys_fchmodat	0xffffffffa916ece0	0x0	
__x64_sys_fchownat	0xffffffffa916f360	0x0	
__x64_sys_chown	0xffffffffa916f3e0	0x0	
__x64_sys_lchown	0xffffffffa916f460	0x0	
__x64_sys_fchown	0xffffffffa916f660	0x0	
__x64_sys_openat2	0xffffffffa916fe80	0x0	
__x64_sys_creat	0xffffffffa916ffd0	0x0	
__x64_sys_open	0xffffffffa91700d0	0x0	
__x64_sys_openat	0xffffffffa9170220	0x0	
__x64_sys_lseek	0xffffffffa9170f10	0x0	
__x64_sys_readv	0xffffffffa9171db0	0x0	
__x64_sys_preadv	0xffffffffa9171f00	0x0	
__x64_sys_preadv2	0xffffffffa9172060	0x0	
__x64_sys_writev	0xffffffffa9172770	0x0	
__x64_sys_pwritev	0xffffffffa91728c0	0x0	
__x64_sys_pwritev2	0xffffffffa9172a20	0x0	
__x64_sys_sendfile64	0xffffffffa9173350	0x0	
vfs_read	0xffffffffa91739b0	0x0	
__x64_sys_pread64	0xffffffffa9173d30	0x0	
__x64_sys_pwrite64	0xffffffffa9174820	0x0	
__x64_sys_read	0xffffffffa9174ab0	0x0	
__x64_sys_write	0xffffffffa9174c10	0x0	
__x64_sys_copy_file_range	0xffffffffa9175680	0x0	
__x64_sys_readlinkat	0xffffffffa917c0e0	0x0	
__x64_sys_readlink	0xffffffffa917c160	0x0	
__x64_sys_newfstat	0xffffffffa917cb50	0x0	
__x64_sys_stat	0xffffffffa917cd30	0x0	
__x64_sys_newstat	0xffffffffa917ce50	0x0	
__x64_sys_lstat	0xffffffffa917d060	0x0	
__x64_sys_newlstat	0xffffffffa917d180	0x0	
__x64_sys_newfstatat	0xffffffffa917d430	0x0	
__x64_sys_statx	0xffffffffa917d850	0x0	
__x64_sys_execveat	0xffffffffa9180360	0x0	
__x64_sys_execve	0xffffffffa91803d0	0x0	
__x64_sys_pipe2	0xffffffffa9182f20	0x0	
__x64_sys_pipe	0xffffffffa9182f80	0x0	
__x64_sys_mknodat	0xffffffffa918b590	0x0	
__x64_sys_mknod	0xffffffffa918b5f0	0x0	
__x64_sys_mkdirat	0xffffffffa918ca80	0x0	
__x64_sys_mkdir	0xffffffffa918cad0	0x0	
__x64_sys_rmdir	0xffffffffa918cd60	0x0	
__x64_sys_unlink	0xffffffffa918d1a0	0x0	
__x64_sys_unlinkat	0xffffffffa918d210	0x0	
__x64_sys_symlinkat	0xffffffffa918d4a0	0x0	
__x64_sys_symlink	0xffffffffa918d500	0x0	
__x64_sys_linkat	0xffffffffa918d910	0x0	
__x64_sys_link	0xffffffffa918d990	0x0	
__x64_sys_renameat2	0xffffffffa918e160	0x0	
__x64_sys_renameat	0xffffffffa918e1d0	0x0	
__x64_sys_rename	0xffffffffa918e240	0x0	
__x64_sys_fcntl	0xffffffffa918f700	0x0	
__x64_sys_ioctl	0xffffffffa9191060	0x0	
filldir64	0xffffffffa9191650	0x0	
filldir	0xffffffffa9191800	0x0	
iterate_dir	0xffffffffa91919b0	0x0	
__x64_sys_getdents	0xffffffffa91921e0	0x0	
__x64_sys_getdents64	0xffffffffa9192300	0x0	
__x64_sys_ppoll	0xffffffffa9194790	0x0	
__x64_sys_poll	0xffffffffa9194ae0	0x0	
__x64_sys_select	0xffffffffa91953e0	0x0	
__x64_sys_pselect6	0xffffffffa9195670	0x0	
__x64_sys_dup	0xffffffffa91a17c0	0x0	
__x64_sys_dup3	0xffffffffa91a1ab0	0x0	
__x64_sys_dup2	0xffffffffa91a1b10	0x0	
__x64_sys_close_range	0xffffffffa91a2440	0x0	
__x64_sys_sysfs	0xffffffffa91a30c0	0x0	
__x64_sys_listmount	0xffffffffa91a7760	0x0	
__x64_sys_statmount	0xffffffffa91a8030	0x0	
__x64_sys_mount_setattr	0xffffffffa91a9570	0x0	
__x64_sys_umount	0xffffffffa91aaa30	0x0	
__x64_sys_open_tree	0xffffffffa91ab9a0	0x0	
__x64_sys_open_tree_attr	0xffffffffa91aba30	0x0	
__x64_sys_fsmount	0xffffffffa91abee0	0x0	
__x64_sys_move_mount	0xffffffffa91ad2f0	0x0	
__x64_sys_mount	0xffffffffa91addb0	0x0	
__x64_sys_pivot_root	0xffffffffa91ae8d0	0x0	
__x64_sys_listxattrat	0xffffffffa91b1530	0x0	
__x64_sys_listxattr	0xffffffffa91b15b0	0x0	
__x64_sys_llistxattr	0xffffffffa91b1630	0x0	
__x64_sys_flistxattr	0xffffffffa91b16b0	0x0	
__x64_sys_removexattrat	0xffffffffa91b2190	0x0	
__x64_sys_removexattr	0xffffffffa91b2210	0x0	
__x64_sys_lremovexattr	0xffffffffa91b2290	0x0	
__x64_sys_fremovexattr	0xffffffffa91b2310	0x0	
__x64_sys_setxattr	0xffffffffa91b2f90	0x0	
__x64_sys_lsetxattr	0xffffffffa91b3020	0x0	
__x64_sys_fsetxattr	0xffffffffa91b30c0	0x0	
__x64_sys_setxattrat	0xffffffffa91b3150	0x0	
__x64_sys_getxattr	0xffffffffa91b3650	0x0	
__x64_sys_lgetxattr	0xffffffffa91b36d0	0x0	
__x64_sys_fgetxattr	0xffffffffa91b3750	0x0	
__x64_sys_getxattrat	0xffffffffa91b37d0	0x0	
__x64_sys_vmsplice	0xffffffffa91c5ff0	0x0	
__x64_sys_splice	0xffffffffa91c7990	0x0	
__x64_sys_tee	0xffffffffa91c7ff0	0x0	
__x64_sys_fsync	0xffffffffa91c8510	0x0	
__x64_sys_fdatasync	0xffffffffa91c8570	0x0	
__x64_sys_syncfs	0xffffffffa91c85d0	0x0	
__do_sys_sync	0xffffffffa91c87f0	0x0	
__ia32_sys_sync	0xffffffffa91c87f0	0x0	
__x64_sys_sync	0xffffffffa91c87f0	0x0	
__x64_sys_sync_file_range	0xffffffffa91c89d0	0x0	
__x64_sys_futimesat	0xffffffffa91c9320	0x0	
__x64_sys_utimes	0xffffffffa91c9380	0x0	
__x64_sys_utime	0xffffffffa91c9910	0x0	
__x64_sys_utimensat	0xffffffffa91c9ac0	0x0	
__x64_sys_getcwd	0xffffffffa91ca2e0	0x0	
__x64_sys_ustat	0xffffffffa91cb730	0x0	
__x64_sys_statfs	0xffffffffa91cbb30	0x0	
__x64_sys_fstatfs	0xffffffffa91cbe50	0x0	
__x64_sys_fsconfig	0xffffffffa91cf910	0x0	
__x64_sys_fsopen	0xffffffffa91cfcb0	0x0	
__x64_sys_fspick	0xffffffffa91cfdc0	0x0	
__x64_sys_file_getattr	0xffffffffa91d3e10	0x0	
__x64_sys_file_setattr	0xffffffffa91d4170	0x0	
__x64_sys_inotify_init1	0xffffffffa91e23e0	0x0	
__do_sys_inotify_init	0xffffffffa91e2440	0x0	
__ia32_sys_inotify_init	0xffffffffa91e2440	0x0	
__x64_sys_inotify_init	0xffffffffa91e2440	0x0	
__x64_sys_inotify_rm_watch	0xffffffffa91e2660	0x0	
__x64_sys_inotify_add_watch	0xffffffffa91e3080	0x0	
__x64_sys_fanotify_init	0xffffffffa91e5c70	0x0	
__x64_sys_fanotify_mark	0xffffffffa91e8100	0x0	
__x64_sys_epoll_pwait	0xffffffffa91ea1a0	0x0	
__x64_sys_epoll_pwait2	0xffffffffa91ea440	0x0	
__x64_sys_epoll_wait	0xffffffffa91ea540	0x0	
__x64_sys_epoll_create1	0xffffffffa91eabd0	0x0	
__x64_sys_epoll_create	0xffffffffa91eac30	0x0	
__x64_sys_epoll_ctl	0xffffffffa91ebe10	0x0	
__x64_sys_signalfd4	0xffffffffa91ecde0	0x0	
__x64_sys_signalfd	0xffffffffa91ece80	0x0	
__x64_sys_timerfd_create	0xffffffffa91ed2e0	0x0	
__x64_sys_timerfd_gettime	0xffffffffa91ed7e0	0x0	
__x64_sys_timerfd_settime	0xffffffffa91ee390	0x0	
__x64_sys_eventfd2	0xffffffffa91eec20	0x0	
__x64_sys_eventfd	0xffffffffa91eec80	0x0	
__x64_sys_userfaultfd	0xffffffffa91ef7d0	0x0	
__x64_sys_io_getevents	0xffffffffa91f49f0	0x0	
__x64_sys_io_pgetevents	0xffffffffa91f4ed0	0x0	
__x64_sys_io_cancel	0xffffffffa91f59e0	0x0	
__x64_sys_io_submit	0xffffffffa91f7120	0x0	
__x64_sys_io_destroy	0xffffffffa91f7d30	0x0	
__x64_sys_io_setup	0xffffffffa91f7e60	0x0	
__x64_sys_flock	0xffffffffa920edb0	0x0	
__x64_sys_open_by_handle_at	0xffffffffa921df70	0x0	
__x64_sys_name_to_handle_at	0xffffffffa921e410	0x0	
__x64_sys_quotactl	0xffffffffa9230290	0x0	
__x64_sys_quotactl_fd	0xffffffffa9230480	0x0	
proc_pid_readdir	0xffffffffa92404e0	0x0	
__x64_sys_msgget	0xffffffffa934f150	0x0	
__x64_sys_msgsnd	0xffffffffa934fcf0	0x0	
__x64_sys_msgctl	0xffffffffa93503f0	0x0	
__x64_sys_msgrcv	0xffffffffa9350b30	0x0	
__x64_sys_semget	0xffffffffa9351530	0x0	
__x64_sys_semctl	0xffffffffa9354080	0x0	
__x64_sys_semop	0xffffffffa9355050	0x0	
__x64_sys_semtimedop	0xffffffffa9355160	0x0	
__x64_sys_shmget	0xffffffffa9356130	0x0	
__x64_sys_shmctl	0xffffffffa9357880	0x0	
__x64_sys_shmat	0xffffffffa93585b0	0x0	
__x64_sys_shmdt	0xffffffffa9358860	0x0	
__x64_sys_mq_open	0xffffffffa9359bf0	0x0	
__x64_sys_mq_unlink	0xffffffffa9359e50	0x0	
__x64_sys_mq_notify	0xffffffffa935ad80	0x0	
__x64_sys_mq_getsetattr	0xffffffffa935b0a0	0x0	
__x64_sys_mq_timedsend	0xffffffffa935b8c0	0x0	
__x64_sys_mq_timedreceive	0xffffffffa935c430	0x0	
__x64_sys_add_key	0xffffffffa9362810	0x0	
__x64_sys_request_key	0xffffffffa9362be0	0x0	
__x64_sys_keyctl	0xffffffffa93651f0	0x0	
__x64_sys_lsm_set_self_attr	0xffffffffa9371cb0	0x0	
__x64_sys_lsm_get_self_attr	0xffffffffa9371d30	0x0	
__x64_sys_lsm_list_modules	0xffffffffa9371e80	0x0	
__x64_sys_landlock_create_ruleset	0xffffffffa9400ec0	0x0	
__x64_sys_landlock_restrict_self	0xffffffffa9401280	0x0	
__x64_sys_landlock_add_rule	0xffffffffa94012e0	0x0	
__x64_sys_ioprio_get	0xffffffffa9472670	0x0	
__x64_sys_ioprio_set	0xffffffffa9472a60	0x0	
__x64_sys_io_uring_enter	0xffffffffa94b3720	0x0	
__x64_sys_io_uring_setup	0xffffffffa94b4740	0x0	
__x64_sys_io_uring_register	0xffffffffa94c7e50	0x0	
__x64_sys_getrandom	0xffffffffa97ac310	0x0	
__x64_sys_socket	0xffffffffa9b34120	0x0	
__x64_sys_socketpair	0xffffffffa9b34400	0x0	
__x64_sys_bind	0xffffffffa9b34610	0x0	
__x64_sys_listen	0xffffffffa9b347b0	0x0	
__x64_sys_accept4	0xffffffffa9b34ad0	0x0	
__x64_sys_accept	0xffffffffa9b34b50	0x0	
__x64_sys_connect	0xffffffffa9b34d40	0x0	
__x64_sys_getsockname	0xffffffffa9b34ec0	0x0	
__x64_sys_getpeername	0xffffffffa9b35050	0x0	
__x64_sys_sendto	0xffffffffa9b35300	0x0	
__x64_sys_recvfrom	0xffffffffa9b35570	0x0	
__x64_sys_setsockopt	0xffffffffa9b35730	0x0	
__x64_sys_getsockopt	0xffffffffa9b35870	0x0	
__x64_sys_shutdown	0xffffffffa9b35a10	0x0	
__x64_sys_recvmmsg	0xffffffffa9b36290	0x0	
__x64_sys_sendmsg	0xffffffffa9b366c0	0x0	
__x64_sys_sendmmsg	0xffffffffa9b36970	0x0	
__x64_sys_recvmsg	0xffffffffa9b36b20	0x0	
tcp4_seq_show	0xffffffffa9c75ce0	0x0	
udp4_seq_show	0xffffffffa9c89a70	0x0	
udp6_seq_show	0xffffffffa9d3f140	0x0	
tcp6_seq_show	0xffffffffa9d515f0	0x0	
_etext	0xffffffffa9e4f191	0x0	
__pfx_autofs_show_options	0xffffffffc0400000	0x0	autofs4
autofs_show_options	0xffffffffc0400010	0x0	autofs4
__pfx_autofs_evict_inode	0xffffffffc0400230	0x0	autofs4
autofs_evict_inode	0xffffffffc0400240	0x0	autofs4
__pfx_autofs_parse_param	0xffffffffc0400270	0x0	autofs4
autofs_parse_param	0xffffffffc0400280	0x0	autofs4
__pfx_autofs_free_fc	0xffffffffc04004b0	0x0	autofs4
autofs_free_fc	0xffffffffc04004c0	0x0	autofs4
__pfx_autofs_get_tree	0xffffffffc0400510	0x0	autofs4
autofs_get_tree	0xffffffffc0400520	0x0	autofs4
__pfx_autofs_new_ino	0xffffffffc04005d0	0x0	autofs4
autofs_new_ino	0xffffffffc04005e0	0x0	autofs4
__pfx_autofs_clean_ino	0xffffffffc0400680	0x0	autofs4
autofs_clean_ino	0xffffffffc0400690	0x0	autofs4
__pfx_autofs_free_ino	0xffffffffc04006c0	0x0	autofs4
autofs_free_ino	0xffffffffc04006d0	0x0	autofs4
__pfx_autofs_kill_sb	0xffffffffc0400700	0x0	autofs4
autofs_kill_sb	0xffffffffc0400710	0x0	autofs4
__pfx_autofs_init_fs_context	0xffffffffc0400790	0x0	autofs4
autofs_init_fs_context	0xffffffffc04007a0	0x0	autofs4
__pfx_autofs_get_inode	0xffffffffc0400940	0x0	autofs4
autofs_get_inode	0xffffffffc0400950	0x0	autofs4
__pfx_autofs_fill_super	0xffffffffc0400a20	0x0	autofs4
autofs_fill_super	0xffffffffc0400a30	0x0	autofs4
__pfx_queued_spin_unlock	0xffffffffc0400c40	0x0	autofs4
queued_spin_unlock	0xffffffffc0400c50	0x0	autofs4
__pfx_autofs_root_ioctl_unlocked	0xffffffffc0400c60	0x0	autofs4
autofs_root_ioctl_unlocked	0xffffffffc0400c70	0x0	autofs4
__pfx_autofs_root_compat_ioctl	0xffffffffc0400f90	0x0	autofs4
autofs_root_compat_ioctl	0xffffffffc0400fa0	0x0	autofs4
__pfx_autofs_root_ioctl	0xffffffffc0400fe0	0x0	autofs4
autofs_root_ioctl	0xffffffffc0400ff0	0x0	autofs4
__pfx_autofs_dir_permission	0xffffffffc0401020	0x0	autofs4
autofs_dir_permission	0xffffffffc0401030	0x0	autofs4
__pfx_autofs_mount_wait	0xffffffffc0401080	0x0	autofs4
autofs_mount_wait	0xffffffffc0401090	0x0	autofs4
__pfx_autofs_dir_unlink	0xffffffffc0401190	0x0	autofs4
autofs_dir_unlink	0xffffffffc04011a0	0x0	autofs4
__pfx_autofs_dentry_release	0xffffffffc0401270	0x0	autofs4
autofs_dentry_release	0xffffffffc0401280	0x0	autofs4
__pfx_autofs_dir_open	0xffffffffc0401370	0x0	autofs4
autofs_dir_open	0xffffffffc0401380	0x0	autofs4
__pfx_autofs_dir_symlink	0xffffffffc0401460	0x0	autofs4
autofs_dir_symlink	0xffffffffc0401470	0x0	autofs4
__pfx_autofs_dir_mkdir	0xffffffffc0401610	0x0	autofs4
autofs_dir_mkdir	0xffffffffc0401620	0x0	autofs4
__pfx_autofs_lookup_active	0xffffffffc04017e0	0x0	autofs4
autofs_lookup_active	0xffffffffc04017f0	0x0	autofs4
__pfx_autofs_lookup.part.0.isra.0	0xffffffffc0401930	0x0	autofs4
autofs_lookup.part.0.isra.0	0xffffffffc0401940	0x0	autofs4
__pfx_autofs_lookup	0xffffffffc0401b00	0x0	autofs4
autofs_lookup	0xffffffffc0401b10	0x0	autofs4
__pfx_autofs_dir_rmdir	0xffffffffc0401b80	0x0	autofs4
autofs_dir_rmdir	0xffffffffc0401b90	0x0	autofs4
__pfx_autofs_lookup_expiring	0xffffffffc0401d40	0x0	autofs4
autofs_lookup_expiring	0xffffffffc0401d50	0x0	autofs4
__pfx_do_expire_wait	0xffffffffc0401e90	0x0	autofs4
do_expire_wait	0xffffffffc0401ea0	0x0	autofs4
__pfx_autofs_d_manage	0xffffffffc0401fa0	0x0	autofs4
autofs_d_manage	0xffffffffc0401fb0	0x0	autofs4
__pfx_autofs_d_automount	0xffffffffc0402140	0x0	autofs4
autofs_d_automount	0xffffffffc0402150	0x0	autofs4
__pfx_is_autofs_dentry	0xffffffffc0402330	0x0	autofs4
is_autofs_dentry	0xffffffffc0402340	0x0	autofs4
__pfx_autofs_get_link	0xffffffffc0402380	0x0	autofs4
autofs_get_link	0xffffffffc0402390	0x0	autofs4
__pfx_autofs_find_wait.isra.0	0xffffffffc0402400	0x0	autofs4
autofs_find_wait.isra.0	0xffffffffc0402410	0x0	autofs4
__pfx_autofs_catatonic_mode	0xffffffffc0402470	0x0	autofs4
autofs_catatonic_mode	0xffffffffc0402480	0x0	autofs4
__pfx_autofs_wait_release	0xffffffffc0402580	0x0	autofs4
autofs_wait_release	0xffffffffc0402590	0x0	autofs4
__pfx_autofs_notify_daemon	0xffffffffc0402650	0x0	autofs4
autofs_notify_daemon	0xffffffffc0402660	0x0	autofs4
__pfx_autofs_wait	0xffffffffc0402ba0	0x0	autofs4
autofs_wait	0xffffffffc0402bb0	0x0	autofs4
__pfx_autofs_mount_busy	0xffffffffc0403310	0x0	autofs4
autofs_mount_busy	0xffffffffc0403320	0x0	autofs4
__pfx_autofs_direct_busy	0xffffffffc0403460	0x0	autofs4
autofs_direct_busy	0xffffffffc0403470	0x0	autofs4
__pfx_positive_after	0xffffffffc0403550	0x0	autofs4
positive_after	0xffffffffc0403560	0x0	autofs4
__pfx_get_next_positive_dentry	0xffffffffc0403610	0x0	autofs4
get_next_positive_dentry	0xffffffffc0403620	0x0	autofs4
__pfx_autofs_tree_busy	0xffffffffc0403700	0x0	autofs4
autofs_tree_busy	0xffffffffc0403710	0x0	autofs4
__pfx_should_expire	0xffffffffc0403890	0x0	autofs4
should_expire	0xffffffffc04038a0	0x0	autofs4
__pfx_autofs_expire_indirect.isra.0	0xffffffffc0403b70	0x0	autofs4
autofs_expire_indirect.isra.0	0xffffffffc0403b80	0x0	autofs4
__pfx_autofs_expire_wait	0xffffffffc0403d80	0x0	autofs4
autofs_expire_wait	0xffffffffc0403d90	0x0	autofs4
__pfx_autofs_expire_run	0xffffffffc0403ee0	0x0	autofs4
autofs_expire_run	0xffffffffc0403ef0	0x0	autofs4
__pfx_autofs_do_expire_multi	0xffffffffc0404060	0x0	autofs4
autofs_do_expire_multi	0xffffffffc0404070	0x0	autofs4
__pfx_autofs_expire_multi	0xffffffffc0404240	0x0	autofs4
autofs_expire_multi	0xffffffffc0404250	0x0	autofs4
__pfx_autofs_dev_ioctl_version	0xffffffffc0404290	0x0	autofs4
autofs_dev_ioctl_version	0xffffffffc04042a0	0x0	autofs4
__pfx_autofs_dev_ioctl_protover	0xffffffffc04042c0	0x0	autofs4
autofs_dev_ioctl_protover	0xffffffffc04042d0	0x0	autofs4
__pfx_autofs_dev_ioctl_protosubver	0xffffffffc04042f0	0x0	autofs4
autofs_dev_ioctl_protosubver	0xffffffffc0404300	0x0	autofs4
__pfx_validate_dev_ioctl	0xffffffffc0404320	0x0	autofs4
validate_dev_ioctl	0xffffffffc0404330	0x0	autofs4
__pfx_autofs_dev_ioctl_askumount	0xffffffffc04044a0	0x0	autofs4
autofs_dev_ioctl_askumount	0xffffffffc04044b0	0x0	autofs4
__pfx_autofs_dev_ioctl_expire	0xffffffffc04044f0	0x0	autofs4
autofs_dev_ioctl_expire	0xffffffffc0404500	0x0	autofs4
__pfx_autofs_dev_ioctl_timeout	0xffffffffc0404530	0x0	autofs4
autofs_dev_ioctl_timeout	0xffffffffc0404540	0x0	autofs4
__pfx_autofs_dev_ioctl_catatonic	0xffffffffc04046f0	0x0	autofs4
autofs_dev_ioctl_catatonic	0xffffffffc0404700	0x0	autofs4
__pfx_autofs_dev_ioctl_setpipefd	0xffffffffc0404720	0x0	autofs4
autofs_dev_ioctl_setpipefd	0xffffffffc0404730	0x0	autofs4
__pfx_autofs_dev_ioctl_fail	0xffffffffc0404890	0x0	autofs4
autofs_dev_ioctl_fail	0xffffffffc04048a0	0x0	autofs4
__pfx_autofs_dev_ioctl_ready	0xffffffffc04048d0	0x0	autofs4
autofs_dev_ioctl_ready	0xffffffffc04048e0	0x0	autofs4
__pfx_autofs_dev_ioctl_closemount	0xffffffffc0404900	0x0	autofs4
autofs_dev_ioctl_closemount	0xffffffffc0404910	0x0	autofs4
__pfx__autofs_dev_ioctl	0xffffffffc0404930	0x0	autofs4
_autofs_dev_ioctl	0xffffffffc0404940	0x0	autofs4
__pfx_autofs_dev_ioctl	0xffffffffc0404bf0	0x0	autofs4
autofs_dev_ioctl	0xffffffffc0404c00	0x0	autofs4
__pfx_autofs_dev_ioctl_compat	0xffffffffc0404c20	0x0	autofs4
autofs_dev_ioctl_compat	0xffffffffc0404c30	0x0	autofs4
__pfx_autofs_dev_ioctl_openmount	0xffffffffc0404c50	0x0	autofs4
autofs_dev_ioctl_openmount	0xffffffffc0404c60	0x0	autofs4
__pfx_autofs_dev_ioctl_requester	0xffffffffc0404e30	0x0	autofs4
autofs_dev_ioctl_requester	0xffffffffc0404e40	0x0	autofs4
__pfx_autofs_dev_ioctl_ismountpoint	0xffffffffc0404fe0	0x0	autofs4
autofs_dev_ioctl_ismountpoint	0xffffffffc0404ff0	0x0	autofs4
__pfx_autofs_dev_ioctl_exit	0xffffffffc0405290	0x0	autofs4
autofs_dev_ioctl_exit	0xffffffffc04052a0	0x0	autofs4
__pfx_exit_autofs_fs	0xffffffffc04052c0	0x0	autofs4
__pfx_cleanup_module	0xffffffffc04052c0	0x0	autofs4
exit_autofs_fs	0xffffffffc04052d0	0x0	autofs4
cleanup_module	0xffffffffc04052d0	0x0	autofs4
autofs_fill_super.cold	0xffffffffc04052eb	0x0	autofs4
autofs_notify_daemon.cold	0xffffffffc0405300	0x0	autofs4
__pfx_xt_compat_calc_jump	0xffffffffc0406000	0x0	x_tables
xt_compat_calc_jump	0xffffffffc0406010	0x0	x_tables
__pfx_xt_compat_match_offset	0xffffffffc04060a0	0x0	x_tables
xt_compat_match_offset	0xffffffffc04060b0	0x0	x_tables
__pfx_xt_find_jump_offset	0xffffffffc04060e0	0x0	x_tables
xt_find_jump_offset	0xffffffffc04060f0	0x0	x_tables
__pfx_xt_compat_target_offset	0xffffffffc0406140	0x0	x_tables
xt_compat_target_offset	0xffffffffc0406150	0x0	x_tables
__pfx_xt_net_init	0xffffffffc0406180	0x0	x_tables
xt_net_init	0xffffffffc0406190	0x0	x_tables
__pfx_xt_compat_lock	0xffffffffc04061f0	0x0	x_tables
xt_compat_lock	0xffffffffc0406200	0x0	x_tables
__pfx_xt_register_target	0xffffffffc0406240	0x0	x_tables
xt_register_target	0xffffffffc0406250	0x0	x_tables
__pfx_xt_unregister_target	0xffffffffc04062c0	0x0	x_tables
xt_unregister_target	0xffffffffc04062d0	0x0	x_tables
__pfx_xt_register_match	0xffffffffc0406340	0x0	x_tables
xt_register_match	0xffffffffc0406350	0x0	x_tables
__pfx_xt_unregister_match	0xffffffffc04063c0	0x0	x_tables
xt_unregister_match	0xffffffffc04063d0	0x0	x_tables
__pfx_xt_table_unlock	0xffffffffc0406440	0x0	x_tables
xt_table_unlock	0xffffffffc0406450	0x0	x_tables
__pfx_xt_compat_unlock	0xffffffffc0406480	0x0	x_tables
xt_compat_unlock	0xffffffffc0406490	0x0	x_tables
__pfx_xt_table_seq_stop	0xffffffffc04064d0	0x0	x_tables
xt_table_seq_stop	0xffffffffc04064e0	0x0	x_tables
__pfx_target_revfn	0xffffffffc0406520	0x0	x_tables
target_revfn	0xffffffffc0406530	0x0	x_tables
__pfx_match_revfn	0xffffffffc0406620	0x0	x_tables
match_revfn	0xffffffffc0406630	0x0	x_tables
__pfx_xt_find_revision	0xffffffffc0406720	0x0	x_tables
xt_find_revision	0xffffffffc0406730	0x0	x_tables
__pfx_xt_find_table	0xffffffffc04067c0	0x0	x_tables
xt_find_table	0xffffffffc04067d0	0x0	x_tables
__pfx_xt_find_match	0xffffffffc04068f0	0x0	x_tables
xt_find_match	0xffffffffc0406900	0x0	x_tables
__pfx_xt_find_target	0xffffffffc0406a30	0x0	x_tables
xt_find_target	0xffffffffc0406a40	0x0	x_tables
__pfx_xt_request_find_match	0xffffffffc0406b70	0x0	x_tables
xt_request_find_match	0xffffffffc0406b80	0x0	x_tables
__pfx_xt_request_find_target	0xffffffffc0406c40	0x0	x_tables
xt_request_find_target	0xffffffffc0406c50	0x0	x_tables
__pfx_xt_net_exit	0xffffffffc0406d10	0x0	x_tables
xt_net_exit	0xffffffffc0406d20	0x0	x_tables
__pfx_xt_obj_to_user	0xffffffffc0406da0	0x0	x_tables
xt_obj_to_user	0xffffffffc0406db0	0x0	x_tables
__pfx_xt_check_proc_name	0xffffffffc0406e40	0x0	x_tables
xt_check_proc_name	0xffffffffc0406e50	0x0	x_tables
__pfx_xt_check_table_hooks	0xffffffffc0406ee0	0x0	x_tables
xt_check_table_hooks	0xffffffffc0406ef0	0x0	x_tables
__pfx_xt_compat_add_offset	0xffffffffc04071d0	0x0	x_tables
xt_compat_add_offset	0xffffffffc04071e0	0x0	x_tables
__pfx_xt_compat_flush_offsets	0xffffffffc0407280	0x0	x_tables
xt_compat_flush_offsets	0xffffffffc0407290	0x0	x_tables
__pfx_xt_compat_init_offsets	0xffffffffc0407300	0x0	x_tables
xt_compat_init_offsets	0xffffffffc0407310	0x0	x_tables
__pfx_xt_find_table_lock	0xffffffffc04073c0	0x0	x_tables
xt_find_table_lock	0xffffffffc04073d0	0x0	x_tables
__pfx_xt_request_find_table_lock	0xffffffffc0407660	0x0	x_tables
xt_request_find_table_lock	0xffffffffc0407670	0x0	x_tables
__pfx_xt_alloc_entry_offsets	0xffffffffc0407700	0x0	x_tables
xt_alloc_entry_offsets	0xffffffffc0407710	0x0	x_tables
__pfx_xt_alloc_table_info	0xffffffffc0407750	0x0	x_tables
xt_alloc_table_info	0xffffffffc0407760	0x0	x_tables
__pfx_xt_free_table_info	0xffffffffc04077e0	0x0	x_tables
xt_free_table_info	0xffffffffc04077f0	0x0	x_tables
__pfx_xt_counters_alloc	0xffffffffc0407860	0x0	x_tables
xt_counters_alloc	0xffffffffc0407870	0x0	x_tables
__pfx_xt_unregister_table	0xffffffffc04078b0	0x0	x_tables
xt_unregister_table	0xffffffffc04078c0	0x0	x_tables
__pfx_xt_unregister_template	0xffffffffc0407980	0x0	x_tables
xt_unregister_template	0xffffffffc0407990	0x0	x_tables
__pfx_xt_proto_init	0xffffffffc0407ad0	0x0	x_tables
xt_proto_init	0xffffffffc0407ae0	0x0	x_tables
__pfx_xt_proto_fini	0xffffffffc0408370	0x0	x_tables
xt_proto_fini	0xffffffffc0408380	0x0	x_tables
__pfx_xt_target_seq_show	0xffffffffc0408840	0x0	x_tables
xt_target_seq_show	0xffffffffc0408850	0x0	x_tables
__pfx_xt_match_seq_show	0xffffffffc04088a0	0x0	x_tables
xt_match_seq_show	0xffffffffc04088b0	0x0	x_tables
__pfx_xt_table_seq_show	0xffffffffc0408900	0x0	x_tables
xt_table_seq_show	0xffffffffc0408910	0x0	x_tables
__pfx_xt_table_seq_next	0xffffffffc0408940	0x0	x_tables
xt_table_seq_next	0xffffffffc0408950	0x0	x_tables
__pfx_xt_table_seq_start	0xffffffffc04089d0	0x0	x_tables
xt_table_seq_start	0xffffffffc04089e0	0x0	x_tables
__pfx_xt_percpu_counter_alloc	0xffffffffc0408a70	0x0	x_tables
xt_percpu_counter_alloc	0xffffffffc0408a80	0x0	x_tables
__pfx_xt_percpu_counter_free	0xffffffffc0408b10	0x0	x_tables
xt_percpu_counter_free	0xffffffffc0408b20	0x0	x_tables
__pfx_xt_compat_match_from_user	0xffffffffc0408b50	0x0	x_tables
xt_compat_match_from_user	0xffffffffc0408b60	0x0	x_tables
__pfx_xt_compat_target_from_user	0xffffffffc0408dc0	0x0	x_tables
xt_compat_target_from_user	0xffffffffc0408dd0	0x0	x_tables
__pfx_xt_mttg_seq_stop	0xffffffffc0409020	0x0	x_tables
xt_mttg_seq_stop	0xffffffffc0409030	0x0	x_tables
__pfx_error_tg_ok.constprop.0	0xffffffffc04090a0	0x0	x_tables
error_tg_ok.constprop.0	0xffffffffc04090b0	0x0	x_tables
__pfx_textify_hooks.constprop.0	0xffffffffc0409100	0x0	x_tables
textify_hooks.constprop.0	0xffffffffc0409110	0x0	x_tables
__pfx_xt_check_target	0xffffffffc04091e0	0x0	x_tables
xt_check_target	0xffffffffc04091f0	0x0	x_tables
__pfx_xt_check_match	0xffffffffc04094f0	0x0	x_tables
xt_check_match	0xffffffffc0409500	0x0	x_tables
__pfx_xt_hook_ops_alloc	0xffffffffc0409800	0x0	x_tables
xt_hook_ops_alloc	0xffffffffc0409810	0x0	x_tables
__pfx_xt_mttg_seq_next.isra.0	0xffffffffc04098d0	0x0	x_tables
xt_mttg_seq_next.isra.0	0xffffffffc04098e0	0x0	x_tables
__pfx_xt_match_seq_next	0xffffffffc0409a00	0x0	x_tables
xt_match_seq_next	0xffffffffc0409a10	0x0	x_tables
__pfx_xt_target_seq_start	0xffffffffc0409a30	0x0	x_tables
xt_target_seq_start	0xffffffffc0409a40	0x0	x_tables
__pfx_xt_target_seq_next	0xffffffffc0409ab0	0x0	x_tables
xt_target_seq_next	0xffffffffc0409ac0	0x0	x_tables
__pfx_xt_data_to_user	0xffffffffc0409af0	0x0	x_tables
xt_data_to_user	0xffffffffc0409b00	0x0	x_tables
__pfx_xt_match_to_user	0xffffffffc0409bc0	0x0	x_tables
xt_match_to_user	0xffffffffc0409bd0	0x0	x_tables
__pfx_xt_target_to_user	0xffffffffc0409c50	0x0	x_tables
xt_target_to_user	0xffffffffc0409c60	0x0	x_tables
__pfx_xt_compat_match_to_user	0xffffffffc0409ce0	0x0	x_tables
xt_compat_match_to_user	0xffffffffc0409cf0	0x0	x_tables
__pfx_xt_compat_target_to_user	0xffffffffc0409e10	0x0	x_tables
xt_compat_target_to_user	0xffffffffc0409e20	0x0	x_tables
__pfx_xt_register_template	0xffffffffc0409f40	0x0	x_tables
xt_register_template	0xffffffffc0409f50	0x0	x_tables
__pfx_xt_jumpstack_alloc	0xffffffffc040a160	0x0	x_tables
xt_jumpstack_alloc	0xffffffffc040a170	0x0	x_tables
__pfx_xt_replace_table	0xffffffffc040a280	0x0	x_tables
xt_replace_table	0xffffffffc040a290	0x0	x_tables
__pfx_xt_register_table	0xffffffffc040a400	0x0	x_tables
xt_register_table	0xffffffffc040a410	0x0	x_tables
__pfx_xt_match_seq_start	0xffffffffc040a680	0x0	x_tables
xt_match_seq_start	0xffffffffc040a690	0x0	x_tables
__pfx_xt_check_entry_offsets	0xffffffffc040a700	0x0	x_tables
xt_check_entry_offsets	0xffffffffc040a710	0x0	x_tables
__pfx_xt_unregister_targets	0xffffffffc040a800	0x0	x_tables
xt_unregister_targets	0xffffffffc040a810	0x0	x_tables
__pfx_xt_register_targets	0xffffffffc040a8d0	0x0	x_tables
xt_register_targets	0xffffffffc040a8e0	0x0	x_tables
__pfx_xt_unregister_matches	0xffffffffc040a970	0x0	x_tables
xt_unregister_matches	0xffffffffc040a980	0x0	x_tables
__pfx_xt_register_matches	0xffffffffc040aa40	0x0	x_tables
xt_register_matches	0xffffffffc040aa50	0x0	x_tables
__pfx_xt_compat_check_entry_offsets	0xffffffffc040aae0	0x0	x_tables
xt_compat_check_entry_offsets	0xffffffffc040aaf0	0x0	x_tables
__pfx_xt_copy_counters	0xffffffffc040abe0	0x0	x_tables
xt_copy_counters	0xffffffffc040abf0	0x0	x_tables
__pfx_xt_fini	0xffffffffc040ae30	0x0	x_tables
__pfx_cleanup_module	0xffffffffc040ae30	0x0	x_tables
xt_fini	0xffffffffc040ae40	0x0	x_tables
cleanup_module	0xffffffffc040ae40	0x0	x_tables
__pfx_efi_pstore_erase	0xffffffffc040b000	0x0	efi_pstore
efi_pstore_erase	0xffffffffc040b010	0x0	efi_pstore
__pfx_efi_pstore_close	0xffffffffc040b0a0	0x0	efi_pstore
efi_pstore_close	0xffffffffc040b0b0	0x0	efi_pstore
__pfx_efi_pstore_read_func	0xffffffffc040b0e0	0x0	efi_pstore
efi_pstore_read_func	0xffffffffc040b0f0	0x0	efi_pstore
__pfx_efi_pstore_read	0xffffffffc040b400	0x0	efi_pstore
efi_pstore_read	0xffffffffc040b410	0x0	efi_pstore
__pfx_efi_pstore_write	0xffffffffc040b500	0x0	efi_pstore
efi_pstore_write	0xffffffffc040b510	0x0	efi_pstore
__pfx_efivars_pstore_init	0xffffffffc040b730	0x0	efi_pstore
__pfx_init_module	0xffffffffc040b730	0x0	efi_pstore
efivars_pstore_init	0xffffffffc040b740	0x0	efi_pstore
init_module	0xffffffffc040b740	0x0	efi_pstore
__pfx_efi_pstore_disable_set	0xffffffffc040b7f0	0x0	efi_pstore
efi_pstore_disable_set	0xffffffffc040b800	0x0	efi_pstore
__pfx_efi_pstore_open	0xffffffffc040b8c0	0x0	efi_pstore
efi_pstore_open	0xffffffffc040b8d0	0x0	efi_pstore
__pfx_efivars_pstore_exit	0xffffffffc040b920	0x0	efi_pstore
__pfx_cleanup_module	0xffffffffc040b920	0x0	efi_pstore
efivars_pstore_exit	0xffffffffc040b930	0x0	efi_pstore
cleanup_module	0xffffffffc040b930	0x0	efi_pstore
efi_pstore_write.cold	0xffffffffc040b97c	0x0	efi_pstore
efivars_pstore_init.cold	0xffffffffc040b9aa	0x0	efi_pstore
efi_pstore_disable_set.cold	0xffffffffc040b9be	0x0	efi_pstore
__pfx_ipt_unregister_table_pre_exit	0xffffffffc040c000	0x0	ip_tables
ipt_unregister_table_pre_exit	0xffffffffc040c010	0x0	ip_tables
__pfx_compat_standard_to_user	0xffffffffc040c060	0x0	ip_tables
compat_standard_to_user	0xffffffffc040c070	0x0	ip_tables
__pfx_ip_tables_net_exit	0xffffffffc040c0e0	0x0	ip_tables
ip_tables_net_exit	0xffffffffc040c0f0	0x0	ip_tables
__pfx_ip_tables_net_init	0xffffffffc040c110	0x0	ip_tables
ip_tables_net_init	0xffffffffc040c120	0x0	ip_tables
__pfx_ipt_do_table	0xffffffffc040c140	0x0	ip_tables
ipt_do_table	0xffffffffc040c150	0x0	ip_tables
__pfx_compat_table_info	0xffffffffc040c9d0	0x0	ip_tables
compat_table_info	0xffffffffc040c9e0	0x0	ip_tables
__pfx_get_info	0xffffffffc040cc50	0x0	ip_tables
get_info	0xffffffffc040cc60	0x0	ip_tables
__pfx_compat_copy_entry_from_user	0xffffffffc040cef0	0x0	ip_tables
compat_copy_entry_from_user	0xffffffffc040cf00	0x0	ip_tables
__pfx_compat_standard_from_user	0xffffffffc040d150	0x0	ip_tables
compat_standard_from_user	0xffffffffc040d160	0x0	ip_tables
__pfx_ipt_alloc_initial_table	0xffffffffc040d190	0x0	ip_tables
ipt_alloc_initial_table	0xffffffffc040d1a0	0x0	ip_tables
__pfx_ipt_error	0xffffffffc040d390	0x0	ip_tables
ipt_error	0xffffffffc040d3a0	0x0	ip_tables
__pfx_check_compat_entry_size_and_hooks.isra.0	0xffffffffc040d3e0	0x0	ip_tables
check_compat_entry_size_and_hooks.isra.0	0xffffffffc040d3f0	0x0	ip_tables
__pfx_alloc_counters.isra.0	0xffffffffc040d5b0	0x0	ip_tables
alloc_counters.isra.0	0xffffffffc040d5c0	0x0	ip_tables
__pfx_compat_copy_entries_to_user	0xffffffffc040d750	0x0	ip_tables
compat_copy_entries_to_user	0xffffffffc040d760	0x0	ip_tables
__pfx_compat_get_entries	0xffffffffc040d940	0x0	ip_tables
compat_get_entries	0xffffffffc040d950	0x0	ip_tables
__pfx_do_ipt_get_ctl	0xffffffffc040dac0	0x0	ip_tables
do_ipt_get_ctl	0xffffffffc040dad0	0x0	ip_tables
__pfx_find_check_entry.isra.0	0xffffffffc040de50	0x0	ip_tables
find_check_entry.isra.0	0xffffffffc040de60	0x0	ip_tables
__pfx_do_add_counters	0xffffffffc040e170	0x0	ip_tables
do_add_counters	0xffffffffc040e180	0x0	ip_tables
__pfx_cleanup_entry	0xffffffffc040e310	0x0	ip_tables
cleanup_entry	0xffffffffc040e320	0x0	ip_tables
__pfx___ipt_unregister_table	0xffffffffc040e430	0x0	ip_tables
__ipt_unregister_table	0xffffffffc040e440	0x0	ip_tables
__pfx_ipt_unregister_table_exit	0xffffffffc040e4c0	0x0	ip_tables
ipt_unregister_table_exit	0xffffffffc040e4d0	0x0	ip_tables
__pfx___do_replace	0xffffffffc040e510	0x0	ip_tables
__do_replace	0xffffffffc040e520	0x0	ip_tables
__pfx_mark_source_chains	0xffffffffc040e7b0	0x0	ip_tables
mark_source_chains	0xffffffffc040e7c0	0x0	ip_tables
__pfx_translate_table	0xffffffffc040ea30	0x0	ip_tables
translate_table	0xffffffffc040ea40	0x0	ip_tables
__pfx_ipt_register_table	0xffffffffc040ee40	0x0	ip_tables
ipt_register_table	0xffffffffc040ee50	0x0	ip_tables
__pfx_translate_compat_table	0xffffffffc040f020	0x0	ip_tables
translate_compat_table	0xffffffffc040f030	0x0	ip_tables
__pfx_compat_do_replace	0xffffffffc040f500	0x0	ip_tables
compat_do_replace	0xffffffffc040f510	0x0	ip_tables
__pfx_do_ipt_set_ctl	0xffffffffc040f7a0	0x0	ip_tables
do_ipt_set_ctl	0xffffffffc040f7b0	0x0	ip_tables
__pfx_ip_tables_fini	0xffffffffc040fac0	0x0	ip_tables
__pfx_cleanup_module	0xffffffffc040fac0	0x0	ip_tables
ip_tables_fini	0xffffffffc040fad0	0x0	ip_tables
cleanup_module	0xffffffffc040fad0	0x0	ip_tables
ipt_do_table.cold	0xffffffffc040fb03	0x0	ip_tables
__pfx_nfnl_lock	0xffffffffc0410000	0x0	nfnetlink
nfnl_lock	0xffffffffc0410010	0x0	nfnetlink
__pfx_nfnl_unlock	0xffffffffc0410060	0x0	nfnetlink
nfnl_unlock	0xffffffffc0410070	0x0	nfnetlink
__pfx_nfnetlink_subsys_unregister	0xffffffffc04100c0	0x0	nfnetlink
nfnetlink_subsys_unregister	0xffffffffc04100d0	0x0	nfnetlink
__pfx_nfnetlink_has_listeners	0xffffffffc0410180	0x0	nfnetlink
nfnetlink_has_listeners	0xffffffffc0410190	0x0	nfnetlink
__pfx_nfnetlink_send	0xffffffffc04101c0	0x0	nfnetlink
nfnetlink_send	0xffffffffc04101d0	0x0	nfnetlink
__pfx_nfnetlink_set_err	0xffffffffc0410210	0x0	nfnetlink
nfnetlink_set_err	0xffffffffc0410220	0x0	nfnetlink
__pfx_nfnetlink_unicast	0xffffffffc0410250	0x0	nfnetlink
nfnetlink_unicast	0xffffffffc0410260	0x0	nfnetlink
__pfx_nfnetlink_broadcast	0xffffffffc04102b0	0x0	nfnetlink
nfnetlink_broadcast	0xffffffffc04102c0	0x0	nfnetlink
__pfx_nfnetlink_net_exit_batch	0xffffffffc04102f0	0x0	nfnetlink
nfnetlink_net_exit_batch	0xffffffffc0410300	0x0	nfnetlink
__pfx_nfnetlink_rcv_msg	0xffffffffc0410350	0x0	nfnetlink
nfnetlink_rcv_msg	0xffffffffc0410360	0x0	nfnetlink
__pfx_nfnl_err_add	0xffffffffc04106f0	0x0	nfnetlink
nfnl_err_add	0xffffffffc0410700	0x0	nfnetlink
__pfx_nfnetlink_net_init	0xffffffffc0410830	0x0	nfnetlink
nfnetlink_net_init	0xffffffffc0410840	0x0	nfnetlink
__pfx_nfnetlink_subsys_register	0xffffffffc04108f0	0x0	nfnetlink
nfnetlink_subsys_register	0xffffffffc0410900	0x0	nfnetlink
__pfx_nfnetlink_bind	0xffffffffc0410a50	0x0	nfnetlink
nfnetlink_bind	0xffffffffc0410a60	0x0	nfnetlink
__pfx_nfnetlink_unbind	0xffffffffc0410ba0	0x0	nfnetlink
nfnetlink_unbind	0xffffffffc0410bb0	0x0	nfnetlink
__pfx_nfnetlink_rcv_batch	0xffffffffc0410c70	0x0	nfnetlink
nfnetlink_rcv_batch	0xffffffffc0410c80	0x0	nfnetlink
__pfx_nfnetlink_rcv	0xffffffffc04117b0	0x0	nfnetlink
nfnetlink_rcv	0xffffffffc04117c0	0x0	nfnetlink
__pfx_nfnetlink_exit	0xffffffffc0411930	0x0	nfnetlink
__pfx_cleanup_module	0xffffffffc0411930	0x0	nfnetlink
nfnetlink_exit	0xffffffffc0411940	0x0	nfnetlink
cleanup_module	0xffffffffc0411940	0x0	nfnetlink
__pfx_nvmf_set_io_queues	0xffffffffc0412000	0x0	nvme_fabrics
nvmf_set_io_queues	0xffffffffc0412010	0x0	nvme_fabrics
__pfx_nvmf_get_address	0xffffffffc0412070	0x0	nvme_fabrics
nvmf_get_address	0xffffffffc0412080	0x0	nvme_fabrics
__pfx_nvmf_reg_read32	0xffffffffc0412220	0x0	nvme_fabrics
nvmf_reg_read32	0xffffffffc0412230	0x0	nvme_fabrics
__pfx_nvmf_reg_read64	0xffffffffc0412300	0x0	nvme_fabrics
nvmf_reg_read64	0xffffffffc0412310	0x0	nvme_fabrics
__pfx_nvmf_reg_write32	0xffffffffc04123e0	0x0	nvme_fabrics
nvmf_reg_write32	0xffffffffc04123f0	0x0	nvme_fabrics
__pfx_nvmf_subsystem_reset	0xffffffffc04124a0	0x0	nvme_fabrics
nvmf_subsystem_reset	0xffffffffc04124b0	0x0	nvme_fabrics
__pfx_nvmf_register_transport	0xffffffffc0412500	0x0	nvme_fabrics
nvmf_register_transport	0xffffffffc0412510	0x0	nvme_fabrics
__pfx_nvmf_unregister_transport	0xffffffffc0412570	0x0	nvme_fabrics
nvmf_unregister_transport	0xffffffffc0412580	0x0	nvme_fabrics
__pfx_nvmf_map_queues	0xffffffffc04125e0	0x0	nvme_fabrics
nvmf_map_queues	0xffffffffc04125f0	0x0	nvme_fabrics
__pfx_nvmf_ip_options_match	0xffffffffc04126d0	0x0	nvme_fabrics
nvmf_ip_options_match	0xffffffffc04126e0	0x0	nvme_fabrics
__pfx_nvmf_dev_release	0xffffffffc0412810	0x0	nvme_fabrics
nvmf_dev_release	0xffffffffc0412820	0x0	nvme_fabrics
__pfx_nvmf_dev_open	0xffffffffc0412860	0x0	nvme_fabrics
nvmf_dev_open	0xffffffffc0412870	0x0	nvme_fabrics
__pfx_nvmf_dev_show	0xffffffffc04128a0	0x0	nvme_fabrics
nvmf_dev_show	0xffffffffc04128b0	0x0	nvme_fabrics
__pfx_uuid_copy	0xffffffffc0412990	0x0	nvme_fabrics
uuid_copy	0xffffffffc04129a0	0x0	nvme_fabrics
__pfx_nvmf_host_alloc	0xffffffffc04129c0	0x0	nvme_fabrics
nvmf_host_alloc	0xffffffffc04129d0	0x0	nvme_fabrics
__pfx_nvmf_host_default	0xffffffffc0412ab0	0x0	nvme_fabrics
nvmf_host_default	0xffffffffc0412ac0	0x0	nvme_fabrics
__pfx_nvmf_parse_key	0xffffffffc0412bc0	0x0	nvme_fabrics
nvmf_parse_key	0xffffffffc0412bd0	0x0	nvme_fabrics
__pfx_nvmf_should_reconnect	0xffffffffc0412c40	0x0	nvme_fabrics
nvmf_should_reconnect	0xffffffffc0412c50	0x0	nvme_fabrics
__pfx_nvmf_log_connect_error.isra.0	0xffffffffc0412ca0	0x0	nvme_fabrics
nvmf_log_connect_error.isra.0	0xffffffffc0412cb0	0x0	nvme_fabrics
__pfx_nvmf_connect_data_prep	0xffffffffc0412e80	0x0	nvme_fabrics
nvmf_connect_data_prep	0xffffffffc0412e90	0x0	nvme_fabrics
__pfx_nvmf_connect_io_queue	0xffffffffc0412fe0	0x0	nvme_fabrics
nvmf_connect_io_queue	0xffffffffc0412ff0	0x0	nvme_fabrics
__pfx_nvmf_connect_admin_queue	0xffffffffc04131d0	0x0	nvme_fabrics
nvmf_connect_admin_queue	0xffffffffc04131e0	0x0	nvme_fabrics
__pfx_nvmf_host_add	0xffffffffc04133c0	0x0	nvme_fabrics
nvmf_host_add	0xffffffffc04133d0	0x0	nvme_fabrics
__pfx_nvmf_parse_options	0xffffffffc0413530	0x0	nvme_fabrics
nvmf_parse_options	0xffffffffc0413540	0x0	nvme_fabrics
__pfx_nvmf_host_put.part.0	0xffffffffc04140f0	0x0	nvme_fabrics
nvmf_host_put.part.0	0xffffffffc0414100	0x0	nvme_fabrics
__pfx_nvmf_free_options	0xffffffffc0414190	0x0	nvme_fabrics
nvmf_free_options	0xffffffffc04141a0	0x0	nvme_fabrics
__pfx_nvmf_create_ctrl	0xffffffffc0414230	0x0	nvme_fabrics
nvmf_create_ctrl	0xffffffffc0414240	0x0	nvme_fabrics
__pfx_nvmf_dev_write	0xffffffffc0414630	0x0	nvme_fabrics
nvmf_dev_write	0xffffffffc0414640	0x0	nvme_fabrics
nvmf_connect_io_queue.cold	0xffffffffc0414721	0x0	nvme_fabrics
nvmf_connect_admin_queue.cold	0xffffffffc0414736	0x0	nvme_fabrics
nvmf_parse_options.cold	0xffffffffc0414760	0x0	nvme_fabrics
__pfx_nvmf_exit	0xffffffffc04147d0	0x0	nvme_fabrics
__pfx_cleanup_module	0xffffffffc04147d0	0x0	nvme_fabrics
nvmf_exit	0xffffffffc04147e0	0x0	nvme_fabrics
cleanup_module	0xffffffffc04147e0	0x0	nvme_fabrics
__pfx_msr_device_destroy	0xffffffffc0415000	0x0	msr
msr_device_destroy	0xffffffffc0415010	0x0	msr
__pfx_msr_device_create	0xffffffffc0415040	0x0	msr
msr_device_create	0xffffffffc0415050	0x0	msr
__pfx_msr_devnode	0xffffffffc0415090	0x0	msr
msr_devnode	0xffffffffc04150a0	0x0	msr
__pfx_msr_open	0xffffffffc04150d0	0x0	msr
msr_open	0xffffffffc04150e0	0x0	msr
__pfx_filter_write	0xffffffffc0415150	0x0	msr
filter_write	0xffffffffc0415160	0x0	msr
__pfx_msr_ioctl	0xffffffffc04151f0	0x0	msr
msr_ioctl	0xffffffffc0415200	0x0	msr
__pfx_msr_write	0xffffffffc0415350	0x0	msr
msr_write	0xffffffffc0415360	0x0	msr
__pfx_msr_read	0xffffffffc0415470	0x0	msr
msr_read	0xffffffffc0415480	0x0	msr
__pfx_get_allow_writes	0xffffffffc0415560	0x0	msr
get_allow_writes	0xffffffffc0415570	0x0	msr
__pfx_set_allow_writes	0xffffffffc04155c0	0x0	msr
set_allow_writes	0xffffffffc04155d0	0x0	msr
__pfx_msr_exit	0xffffffffc0415630	0x0	msr
__pfx_cleanup_module	0xffffffffc0415630	0x0	msr
msr_exit	0xffffffffc0415640	0x0	msr
cleanup_module	0xffffffffc0415640	0x0	msr
__pfx_serio_raw_interrupt	0xffffffffc0416000	0x0	serio_raw
serio_raw_interrupt	0xffffffffc0416010	0x0	serio_raw
__pfx_serio_raw_fasync	0xffffffffc04160d0	0x0	serio_raw
serio_raw_fasync	0xffffffffc04160e0	0x0	serio_raw
__pfx_serio_raw_poll	0xffffffffc0416100	0x0	serio_raw
serio_raw_poll	0xffffffffc0416110	0x0	serio_raw
__pfx_serio_raw_reconnect	0xffffffffc0416190	0x0	serio_raw
serio_raw_reconnect	0xffffffffc04161a0	0x0	serio_raw
__pfx_serio_raw_open	0xffffffffc0416200	0x0	serio_raw
serio_raw_open	0xffffffffc0416210	0x0	serio_raw
__pfx_serio_raw_connect	0xffffffffc04163d0	0x0	serio_raw
serio_raw_connect	0xffffffffc04163e0	0x0	serio_raw
__pfx_serio_raw_write	0xffffffffc0416680	0x0	serio_raw
serio_raw_write	0xffffffffc0416690	0x0	serio_raw
__pfx_serio_raw_read	0xffffffffc0416790	0x0	serio_raw
serio_raw_read	0xffffffffc04167a0	0x0	serio_raw
__pfx_serio_raw_release	0xffffffffc0416a50	0x0	serio_raw
serio_raw_release	0xffffffffc0416a60	0x0	serio_raw
__pfx_serio_raw_disconnect	0xffffffffc0416b40	0x0	serio_raw
serio_raw_disconnect	0xffffffffc0416b50	0x0	serio_raw
__pfx_serio_raw_drv_exit	0xffffffffc0416cc0	0x0	serio_raw
__pfx_cleanup_module	0xffffffffc0416cc0	0x0	serio_raw
serio_raw_drv_exit	0xffffffffc0416cd0	0x0	serio_raw
cleanup_module	0xffffffffc0416cd0	0x0	serio_raw
serio_raw_poll.cold	0xffffffffc0416ce6	0x0	serio_raw
serio_raw_open.cold	0xffffffffc0416cfa	0x0	serio_raw
serio_raw_write.cold	0xffffffffc0416d0f	0x0	serio_raw
serio_raw_read.cold	0xffffffffc0416d2a	0x0	serio_raw
__pfx_dm_unregister_path_selector	0xffffffffc0417000	0x0	dm_multipath
dm_unregister_path_selector	0xffffffffc0417010	0x0	dm_multipath
__pfx_dm_register_path_selector	0xffffffffc04170c0	0x0	dm_multipath
dm_register_path_selector	0xffffffffc04170d0	0x0	dm_multipath
__pfx_dm_get_path_selector	0xffffffffc0417250	0x0	dm_multipath
dm_get_path_selector	0xffffffffc0417260	0x0	dm_multipath
__pfx_dm_put_path_selector	0xffffffffc0417380	0x0	dm_multipath
dm_put_path_selector	0xffffffffc0417390	0x0	dm_multipath
__pfx_multipath_iterate_devices	0xffffffffc0417410	0x0	dm_multipath
multipath_iterate_devices	0xffffffffc0417420	0x0	dm_multipath
__pfx_mpath_double_check_test_bit	0xffffffffc04174d0	0x0	dm_multipath
mpath_double_check_test_bit	0xffffffffc04174e0	0x0	dm_multipath
__pfx_choose_path_in_pg	0xffffffffc0417540	0x0	dm_multipath
choose_path_in_pg	0xffffffffc0417550	0x0	dm_multipath
__pfx_choose_pgpath	0xffffffffc0417610	0x0	dm_multipath
choose_pgpath	0xffffffffc0417620	0x0	dm_multipath
__pfx_multipath_busy	0xffffffffc04177d0	0x0	dm_multipath
multipath_busy	0xffffffffc04177e0	0x0	dm_multipath
__pfx_enable_nopath_timeout	0xffffffffc04178f0	0x0	dm_multipath
enable_nopath_timeout	0xffffffffc0417900	0x0	dm_multipath
__pfx_fail_path	0xffffffffc0417950	0x0	dm_multipath
fail_path	0xffffffffc0417960	0x0	dm_multipath
__pfx___pg_init_all_paths	0xffffffffc0417a60	0x0	dm_multipath
__pg_init_all_paths	0xffffffffc0417a70	0x0	dm_multipath
__pfx_must_push_back_rq	0xffffffffc0417b50	0x0	dm_multipath
must_push_back_rq	0xffffffffc0417b60	0x0	dm_multipath
__pfx_multipath_end_io	0xffffffffc0417bc0	0x0	dm_multipath
multipath_end_io	0xffffffffc0417bd0	0x0	dm_multipath
__pfx_multipath_release_clone	0xffffffffc0417d60	0x0	dm_multipath
multipath_release_clone	0xffffffffc0417d70	0x0	dm_multipath
__pfx_free_priority_group	0xffffffffc0417dd0	0x0	dm_multipath
free_priority_group	0xffffffffc0417de0	0x0	dm_multipath
__pfx_free_multipath	0xffffffffc0417ea0	0x0	dm_multipath
free_multipath	0xffffffffc0417eb0	0x0	dm_multipath
__pfx_trigger_event	0xffffffffc0417f40	0x0	dm_multipath
trigger_event	0xffffffffc0417f50	0x0	dm_multipath
__pfx_queue_if_no_path	0xffffffffc0417f70	0x0	dm_multipath
queue_if_no_path	0xffffffffc0417f80	0x0	dm_multipath
__pfx_queue_if_no_path_timeout_work	0xffffffffc0418150	0x0	dm_multipath
queue_if_no_path_timeout_work	0xffffffffc0418160	0x0	dm_multipath
__pfx_parse_features	0xffffffffc04181b0	0x0	dm_multipath
parse_features	0xffffffffc04181c0	0x0	dm_multipath
__pfx_parse_hw_handler	0xffffffffc04183f0	0x0	dm_multipath
parse_hw_handler	0xffffffffc0418400	0x0	dm_multipath
__pfx___multipath_queue_bio	0xffffffffc04185c0	0x0	dm_multipath
__multipath_queue_bio	0xffffffffc04185d0	0x0	dm_multipath
__pfx_multipath_end_io_bio	0xffffffffc0418630	0x0	dm_multipath
multipath_end_io_bio	0xffffffffc0418640	0x0	dm_multipath
__pfx_bypass_pg	0xffffffffc0418820	0x0	dm_multipath
bypass_pg	0xffffffffc0418830	0x0	dm_multipath
__pfx_bypass_pg_num	0xffffffffc04188d0	0x0	dm_multipath
bypass_pg_num	0xffffffffc04188e0	0x0	dm_multipath
__pfx_parse_path	0xffffffffc04189c0	0x0	dm_multipath
parse_path	0xffffffffc04189d0	0x0	dm_multipath
__pfx_parse_priority_group	0xffffffffc0418d00	0x0	dm_multipath
parse_priority_group	0xffffffffc0418d10	0x0	dm_multipath
__pfx_multipath_ctr	0xffffffffc0418fb0	0x0	dm_multipath
multipath_ctr	0xffffffffc0418fc0	0x0	dm_multipath
__pfx_pg_init_done	0xffffffffc0419350	0x0	dm_multipath
pg_init_done	0xffffffffc0419360	0x0	dm_multipath
__pfx_activate_or_offline_path	0xffffffffc04195b0	0x0	dm_multipath
activate_or_offline_path	0xffffffffc04195c0	0x0	dm_multipath
__pfx_multipath_clone_and_map	0xffffffffc0419610	0x0	dm_multipath
multipath_clone_and_map	0xffffffffc0419620	0x0	dm_multipath
__pfx_activate_path_work	0xffffffffc0419820	0x0	dm_multipath
activate_path_work	0xffffffffc0419830	0x0	dm_multipath
__pfx_multipath_presuspend	0xffffffffc0419880	0x0	dm_multipath
multipath_presuspend	0xffffffffc0419890	0x0	dm_multipath
__pfx_multipath_resume	0xffffffffc0419900	0x0	dm_multipath
multipath_resume	0xffffffffc0419910	0x0	dm_multipath
__pfx_reinstate_path	0xffffffffc04199b0	0x0	dm_multipath
reinstate_path	0xffffffffc04199c0	0x0	dm_multipath
__pfx_multipath_status	0xffffffffc0419bb0	0x0	dm_multipath
multipath_status	0xffffffffc0419bc0	0x0	dm_multipath
__pfx___multipath_map_bio	0xffffffffc041a540	0x0	dm_multipath
__multipath_map_bio	0xffffffffc041a550	0x0	dm_multipath
__pfx_multipath_map_bio	0xffffffffc041a7a0	0x0	dm_multipath
multipath_map_bio	0xffffffffc041a7b0	0x0	dm_multipath
__pfx_process_queued_bios	0xffffffffc041a850	0x0	dm_multipath
process_queued_bios	0xffffffffc041a860	0x0	dm_multipath
__pfx_probe_active_paths	0xffffffffc041aa20	0x0	dm_multipath
probe_active_paths	0xffffffffc041aa30	0x0	dm_multipath
__pfx_multipath_prepare_ioctl	0xffffffffc041ade0	0x0	dm_multipath
multipath_prepare_ioctl	0xffffffffc041adf0	0x0	dm_multipath
__pfx_flush_multipath_work	0xffffffffc041afc0	0x0	dm_multipath
flush_multipath_work	0xffffffffc041afd0	0x0	dm_multipath
__pfx_multipath_postsuspend	0xffffffffc041b110	0x0	dm_multipath
multipath_postsuspend	0xffffffffc041b120	0x0	dm_multipath
__pfx_multipath_dtr	0xffffffffc041b160	0x0	dm_multipath
multipath_dtr	0xffffffffc041b170	0x0	dm_multipath
__pfx_multipath_message	0xffffffffc041b1b0	0x0	dm_multipath
multipath_message	0xffffffffc041b1c0	0x0	dm_multipath
__pfx_dm_multipath_exit	0xffffffffc041b570	0x0	dm_multipath
__pfx_cleanup_module	0xffffffffc041b570	0x0	dm_multipath
dm_multipath_exit	0xffffffffc041b580	0x0	dm_multipath
cleanup_module	0xffffffffc041b580	0x0	dm_multipath
process_queued_bios.cold	0xffffffffc041b642	0x0	dm_multipath
probe_active_paths.cold	0xffffffffc041b65e	0x0	dm_multipath
__pfx_qdisc_pkt_len	0xffffffffc041c000	0x0	sch_fq_codel
qdisc_pkt_len	0xffffffffc041c010	0x0	sch_fq_codel
__pfx_qdisc_peek_dequeued	0xffffffffc041c020	0x0	sch_fq_codel
qdisc_peek_dequeued	0xffffffffc041c030	0x0	sch_fq_codel
__pfx_codel_get_enqueue_time	0xffffffffc041c0b0	0x0	sch_fq_codel
codel_get_enqueue_time	0xffffffffc041c0c0	0x0	sch_fq_codel
__pfx_dequeue_func	0xffffffffc041c0e0	0x0	sch_fq_codel
dequeue_func	0xffffffffc041c0f0	0x0	sch_fq_codel
__pfx_fq_codel_leaf	0xffffffffc041c150	0x0	sch_fq_codel
fq_codel_leaf	0xffffffffc041c160	0x0	sch_fq_codel
__pfx_fq_codel_find	0xffffffffc041c180	0x0	sch_fq_codel
fq_codel_find	0xffffffffc041c190	0x0	sch_fq_codel
__pfx_fq_codel_bind	0xffffffffc041c1b0	0x0	sch_fq_codel
fq_codel_bind	0xffffffffc041c1c0	0x0	sch_fq_codel
__pfx_fq_codel_unbind	0xffffffffc041c1e0	0x0	sch_fq_codel
fq_codel_unbind	0xffffffffc041c1f0	0x0	sch_fq_codel
__pfx_fq_codel_tcf_block	0xffffffffc041c200	0x0	sch_fq_codel
fq_codel_tcf_block	0xffffffffc041c210	0x0	sch_fq_codel
__pfx_fq_codel_dump_class	0xffffffffc041c240	0x0	sch_fq_codel
fq_codel_dump_class	0xffffffffc041c250	0x0	sch_fq_codel
__pfx_fq_codel_destroy	0xffffffffc041c270	0x0	sch_fq_codel
fq_codel_destroy	0xffffffffc041c280	0x0	sch_fq_codel
__pfx_codel_vars_init	0xffffffffc041c2c0	0x0	sch_fq_codel
codel_vars_init	0xffffffffc041c2d0	0x0	sch_fq_codel
__pfx_fq_codel_reset	0xffffffffc041c300	0x0	sch_fq_codel
fq_codel_reset	0xffffffffc041c310	0x0	sch_fq_codel
__pfx_drop_func	0xffffffffc041c3d0	0x0	sch_fq_codel
drop_func	0xffffffffc041c3e0	0x0	sch_fq_codel
__pfx_fq_codel_enqueue	0xffffffffc041c410	0x0	sch_fq_codel
fq_codel_enqueue	0xffffffffc041c420	0x0	sch_fq_codel
__pfx_fq_codel_walk	0xffffffffc041c7e0	0x0	sch_fq_codel
fq_codel_walk	0xffffffffc041c7f0	0x0	sch_fq_codel
__pfx_fq_codel_dump	0xffffffffc041c890	0x0	sch_fq_codel
fq_codel_dump	0xffffffffc041c8a0	0x0	sch_fq_codel
__pfx_skb_get_dsfield	0xffffffffc041cb50	0x0	sch_fq_codel
skb_get_dsfield	0xffffffffc041cb60	0x0	sch_fq_codel
__pfx_INET_ECN_set_ce	0xffffffffc041cd30	0x0	sch_fq_codel
INET_ECN_set_ce	0xffffffffc041cd40	0x0	sch_fq_codel
__pfx_fq_codel_dump_class_stats	0xffffffffc041cf30	0x0	sch_fq_codel
fq_codel_dump_class_stats	0xffffffffc041cf40	0x0	sch_fq_codel
__pfx_fq_codel_dump_stats	0xffffffffc041d260	0x0	sch_fq_codel
fq_codel_dump_stats	0xffffffffc041d270	0x0	sch_fq_codel
__pfx_fq_codel_change	0xffffffffc041d460	0x0	sch_fq_codel
fq_codel_change	0xffffffffc041d470	0x0	sch_fq_codel
__pfx_fq_codel_init	0xffffffffc041d800	0x0	sch_fq_codel
fq_codel_init	0xffffffffc041d810	0x0	sch_fq_codel
__pfx_codel_dequeue.constprop.0	0xffffffffc041da10	0x0	sch_fq_codel
codel_dequeue.constprop.0	0xffffffffc041da20	0x0	sch_fq_codel
__pfx_fq_codel_dequeue	0xffffffffc041de90	0x0	sch_fq_codel
fq_codel_dequeue	0xffffffffc041dea0	0x0	sch_fq_codel
__pfx_fq_codel_module_exit	0xffffffffc041e060	0x0	sch_fq_codel
__pfx_cleanup_module	0xffffffffc041e060	0x0	sch_fq_codel
fq_codel_module_exit	0xffffffffc041e070	0x0	sch_fq_codel
cleanup_module	0xffffffffc041e070	0x0	sch_fq_codel
fq_codel_dump.cold	0xffffffffc041e086	0x0	sch_fq_codel
fq_codel_dump_class_stats.cold	0xffffffffc041e09b	0x0	sch_fq_codel
fq_codel_dump_stats.cold	0xffffffffc041e129	0x0	sch_fq_codel
fq_codel_change.cold	0xffffffffc041e153	0x0	sch_fq_codel
codel_dequeue.constprop.0.cold	0xffffffffc041e17d	0x0	sch_fq_codel
__pfx_hyperv_pci_probe	0xffffffffc041f000	0x0	hyperv_drm
hyperv_pci_probe	0xffffffffc041f010	0x0	hyperv_drm
__pfx_hyperv_pci_remove	0xffffffffc041f030	0x0	hyperv_drm
hyperv_pci_remove	0xffffffffc041f040	0x0	hyperv_drm
__pfx_hyperv_vmbus_resume	0xffffffffc041f050	0x0	hyperv_drm
hyperv_vmbus_resume	0xffffffffc041f060	0x0	hyperv_drm
__pfx_hyperv_vmbus_suspend	0xffffffffc041f0b0	0x0	hyperv_drm
hyperv_vmbus_suspend	0xffffffffc041f0c0	0x0	hyperv_drm
__pfx_hyperv_vmbus_shutdown	0xffffffffc041f100	0x0	hyperv_drm
hyperv_vmbus_shutdown	0xffffffffc041f110	0x0	hyperv_drm
__pfx_hyperv_vmbus_remove	0xffffffffc041f130	0x0	hyperv_drm
hyperv_vmbus_remove	0xffffffffc041f140	0x0	hyperv_drm
__pfx_hyperv_vmbus_probe	0xffffffffc041f1b0	0x0	hyperv_drm
hyperv_vmbus_probe	0xffffffffc041f1c0	0x0	hyperv_drm
__pfx_hyperv_plane_get_scanout_buffer	0xffffffffc041f410	0x0	hyperv_drm
hyperv_plane_get_scanout_buffer	0xffffffffc041f420	0x0	hyperv_drm
__pfx_hyperv_mode_valid	0xffffffffc041f4e0	0x0	hyperv_drm
hyperv_mode_valid	0xffffffffc041f4f0	0x0	hyperv_drm
__pfx_hyperv_crtc_helper_atomic_enable	0xffffffffc041f530	0x0	hyperv_drm
hyperv_crtc_helper_atomic_enable	0xffffffffc041f540	0x0	hyperv_drm
__pfx_hyperv_plane_panic_flush	0xffffffffc041f5b0	0x0	hyperv_drm
hyperv_plane_panic_flush	0xffffffffc041f5c0	0x0	hyperv_drm
__pfx_hyperv_connector_get_modes	0xffffffffc041f630	0x0	hyperv_drm
hyperv_connector_get_modes	0xffffffffc041f640	0x0	hyperv_drm
__pfx_hyperv_plane_atomic_check	0xffffffffc041f6a0	0x0	hyperv_drm
hyperv_plane_atomic_check	0xffffffffc041f6b0	0x0	hyperv_drm
__pfx_hyperv_plane_atomic_update	0xffffffffc041f7a0	0x0	hyperv_drm
hyperv_plane_atomic_update	0xffffffffc041f7b0	0x0	hyperv_drm
__pfx_hyperv_mode_config_init	0xffffffffc041f960	0x0	hyperv_drm
hyperv_mode_config_init	0xffffffffc041f970	0x0	hyperv_drm
__pfx_hyperv_get_supported_resolution	0xffffffffc041fb80	0x0	hyperv_drm
hyperv_get_supported_resolution	0xffffffffc041fb90	0x0	hyperv_drm
__pfx_hyperv_negotiate_version	0xffffffffc041fe40	0x0	hyperv_drm
hyperv_negotiate_version	0xffffffffc041fe50	0x0	hyperv_drm
__pfx_hyperv_update_vram_location	0xffffffffc041fff0	0x0	hyperv_drm
hyperv_update_vram_location	0xffffffffc0420000	0x0	hyperv_drm
__pfx_hyperv_update_situation	0xffffffffc0420180	0x0	hyperv_drm
hyperv_update_situation	0xffffffffc0420190	0x0	hyperv_drm
__pfx_hyperv_hide_hw_ptr	0xffffffffc04202b0	0x0	hyperv_drm
hyperv_hide_hw_ptr	0xffffffffc04202c0	0x0	hyperv_drm
__pfx_hyperv_receive_sub	0xffffffffc04204b0	0x0	hyperv_drm
hyperv_receive_sub	0xffffffffc04204c0	0x0	hyperv_drm
__pfx_hyperv_receive	0xffffffffc0420540	0x0	hyperv_drm
hyperv_receive	0xffffffffc0420550	0x0	hyperv_drm
__pfx_hyperv_update_dirt	0xffffffffc0420610	0x0	hyperv_drm
hyperv_update_dirt	0xffffffffc0420620	0x0	hyperv_drm
__pfx_hyperv_connect_vsp	0xffffffffc0420780	0x0	hyperv_drm
hyperv_connect_vsp	0xffffffffc0420790	0x0	hyperv_drm
__pfx_hyperv_exit	0xffffffffc0420950	0x0	hyperv_drm
__pfx_cleanup_module	0xffffffffc0420950	0x0	hyperv_drm
hyperv_exit	0xffffffffc0420960	0x0	hyperv_drm
cleanup_module	0xffffffffc0420960	0x0	hyperv_drm
hyperv_plane_atomic_check.cold	0xffffffffc0420982	0x0	hyperv_drm
hyperv_plane_atomic_update.cold	0xffffffffc042099d	0x0	hyperv_drm
hyperv_mode_config_init.cold	0xffffffffc04209ba	0x0	hyperv_drm
hyperv_update_dirt.cold	0xffffffffc04209d8	0x0	hyperv_drm
__pfx_hv_kbd_connect_to_vsp	0xffffffffc0421000	0x0	hyperv_keyboard
hv_kbd_connect_to_vsp	0xffffffffc0421010	0x0	hyperv_keyboard
__pfx_hv_kbd_resume	0xffffffffc04210c0	0x0	hyperv_keyboard
hv_kbd_resume	0xffffffffc04210d0	0x0	hyperv_keyboard
__pfx_hv_kbd_suspend	0xffffffffc0421130	0x0	hyperv_keyboard
hv_kbd_suspend	0xffffffffc0421140	0x0	hyperv_keyboard
__pfx_hv_kbd_remove	0xffffffffc0421160	0x0	hyperv_keyboard
hv_kbd_remove	0xffffffffc0421170	0x0	hyperv_keyboard
__pfx_hv_kbd_on_receive	0xffffffffc04211c0	0x0	hyperv_keyboard
hv_kbd_on_receive	0xffffffffc04211d0	0x0	hyperv_keyboard
__pfx_hv_kbd_on_channel_callback	0xffffffffc0421360	0x0	hyperv_keyboard
hv_kbd_on_channel_callback	0xffffffffc0421370	0x0	hyperv_keyboard
__pfx_hv_kbd_probe	0xffffffffc0421440	0x0	hyperv_keyboard
hv_kbd_probe	0xffffffffc0421450	0x0	hyperv_keyboard
__pfx_hv_kbd_start	0xffffffffc04216d0	0x0	hyperv_keyboard
hv_kbd_start	0xffffffffc04216e0	0x0	hyperv_keyboard
__pfx_hv_kbd_stop	0xffffffffc0421730	0x0	hyperv_keyboard
hv_kbd_stop	0xffffffffc0421740	0x0	hyperv_keyboard
__pfx_hv_kbd_exit	0xffffffffc0421780	0x0	hyperv_keyboard
__pfx_cleanup_module	0xffffffffc0421780	0x0	hyperv_keyboard
hv_kbd_exit	0xffffffffc0421790	0x0	hyperv_keyboard
cleanup_module	0xffffffffc0421790	0x0	hyperv_keyboard
hv_kbd_on_receive.cold	0xffffffffc04217a6	0x0	hyperv_keyboard
__pfx_clmul_polyval_mul	0xffffffffc0422000	0x0	polyval_clmulni
clmul_polyval_mul	0xffffffffc0422010	0x0	polyval_clmulni
__pfx_clmul_polyval_update	0xffffffffc0422080	0x0	polyval_clmulni
clmul_polyval_update	0xffffffffc0422090	0x0	polyval_clmulni
__pfx_polyval_x86_update	0xffffffffc0422660	0x0	polyval_clmulni
polyval_x86_update	0xffffffffc0422670	0x0	polyval_clmulni
__pfx_polyval_x86_init	0xffffffffc04226f0	0x0	polyval_clmulni
polyval_x86_init	0xffffffffc0422700	0x0	polyval_clmulni
__pfx_polyval_x86_setkey	0xffffffffc0422730	0x0	polyval_clmulni
polyval_x86_setkey	0xffffffffc0422740	0x0	polyval_clmulni
__pfx_polyval_x86_finup	0xffffffffc0422870	0x0	polyval_clmulni
polyval_x86_finup	0xffffffffc0422880	0x0	polyval_clmulni
__pfx_polyval_clmulni_mod_exit	0xffffffffc0422900	0x0	polyval_clmulni
__pfx_cleanup_module	0xffffffffc0422900	0x0	polyval_clmulni
polyval_clmulni_mod_exit	0xffffffffc0422910	0x0	polyval_clmulni
cleanup_module	0xffffffffc0422910	0x0	polyval_clmulni
__pfx_hid_concatenate_last_usage_page	0xffffffffc0423000	0x0	hid
hid_concatenate_last_usage_page	0xffffffffc0423010	0x0	hid
__pfx_fetch_item	0xffffffffc0423190	0x0	hid
fetch_item	0xffffffffc04231a0	0x0	hid
__pfx_hid_find_field	0xffffffffc0423280	0x0	hid
hid_find_field	0xffffffffc0423290	0x0	hid
__pfx_hid_driver_suspend	0xffffffffc0423390	0x0	hid
hid_driver_suspend	0xffffffffc04233a0	0x0	hid
__pfx_hid_driver_reset_resume	0xffffffffc04233e0	0x0	hid
hid_driver_reset_resume	0xffffffffc04233f0	0x0	hid
__pfx_hid_driver_resume	0xffffffffc0423430	0x0	hid
hid_driver_resume	0xffffffffc0423440	0x0	hid
__pfx_hid_check_keys_pressed	0xffffffffc0423480	0x0	hid
hid_check_keys_pressed	0xffffffffc0423490	0x0	hid
__pfx_hid_close_report	0xffffffffc0423520	0x0	hid
hid_close_report	0xffffffffc0423530	0x0	hid
__pfx_hid_parse_report	0xffffffffc04236b0	0x0	hid
hid_parse_report	0xffffffffc04236c0	0x0	hid
__pfx_hid_validate_values	0xffffffffc0423700	0x0	hid
hid_validate_values	0xffffffffc0423710	0x0	hid
__pfx_hid_add_usage	0xffffffffc0423980	0x0	hid
hid_add_usage	0xffffffffc0423990	0x0	hid
__pfx_hid_setup_resolution_multiplier	0xffffffffc0423b10	0x0	hid
hid_setup_resolution_multiplier	0xffffffffc0423b20	0x0	hid
__pfx_implement	0xffffffffc0423eb0	0x0	hid
implement	0xffffffffc0423ec0	0x0	hid
__pfx_hid_get_report	0xffffffffc0424030	0x0	hid
hid_get_report	0xffffffffc0424040	0x0	hid
__pfx_country_show	0xffffffffc04240e0	0x0	hid
country_show	0xffffffffc04240f0	0x0	hid
__pfx_hid_disconnect	0xffffffffc0424120	0x0	hid
hid_disconnect	0xffffffffc0424130	0x0	hid
__pfx_hid_hw_stop	0xffffffffc04241b0	0x0	hid
hid_hw_stop	0xffffffffc04241c0	0x0	hid
__pfx_hid_hw_open	0xffffffffc04241f0	0x0	hid
hid_hw_open	0xffffffffc0424200	0x0	hid
__pfx_hid_hw_close	0xffffffffc0424290	0x0	hid
hid_hw_close	0xffffffffc04242a0	0x0	hid
__pfx___hid_hw_raw_request	0xffffffffc0424310	0x0	hid
__hid_hw_raw_request	0xffffffffc0424320	0x0	hid
__pfx___hid_hw_output_report	0xffffffffc04243d0	0x0	hid
__hid_hw_output_report	0xffffffffc04243e0	0x0	hid
__pfx_hid_compare_device_paths	0xffffffffc0424470	0x0	hid
hid_compare_device_paths	0xffffffffc0424480	0x0	hid
__pfx_hid_uevent	0xffffffffc0424500	0x0	hid
hid_uevent	0xffffffffc0424510	0x0	hid
__pfx_modalias_show	0xffffffffc04245e0	0x0	hid
modalias_show	0xffffffffc04245f0	0x0	hid
__pfx_hid_add_device	0xffffffffc0424630	0x0	hid
hid_add_device	0xffffffffc0424640	0x0	hid
__pfx___hid_bus_driver_added	0xffffffffc0424900	0x0	hid
__hid_bus_driver_added	0xffffffffc0424910	0x0	hid
__pfx___hid_bus_reprobe_drivers	0xffffffffc0424950	0x0	hid
__hid_bus_reprobe_drivers	0xffffffffc0424960	0x0	hid
__pfx___bus_removed_driver	0xffffffffc04249d0	0x0	hid
__bus_removed_driver	0xffffffffc04249e0	0x0	hid
__pfx_hid_field_extract	0xffffffffc0424a00	0x0	hid
hid_field_extract	0xffffffffc0424a10	0x0	hid
__pfx_report_descriptor_read	0xffffffffc0424b20	0x0	hid
report_descriptor_read	0xffffffffc0424b30	0x0	hid
__pfx_open_collection	0xffffffffc0424b80	0x0	hid
open_collection	0xffffffffc0424b90	0x0	hid
__pfx_s32ton.part.0	0xffffffffc0424d80	0x0	hid
s32ton.part.0	0xffffffffc0424d90	0x0	hid
__pfx___hid_register_driver	0xffffffffc0424e00	0x0	hid
__hid_register_driver	0xffffffffc0424e10	0x0	hid
__pfx_hid_parser_reserved	0xffffffffc0424ea0	0x0	hid
hid_parser_reserved	0xffffffffc0424eb0	0x0	hid
__pfx_hid_process_event	0xffffffffc0424ef0	0x0	hid
hid_process_event	0xffffffffc0424f00	0x0	hid
__pfx_hid_input_var_field	0xffffffffc0425070	0x0	hid
hid_input_var_field	0xffffffffc0425080	0x0	hid
__pfx_hid_input_array_field	0xffffffffc0425110	0x0	hid
hid_input_array_field	0xffffffffc0425120	0x0	hid
__pfx_hid_report_process_ordering.isra.0	0xffffffffc04252c0	0x0	hid
hid_report_process_ordering.isra.0	0xffffffffc04252d0	0x0	hid
__pfx_hid_output_report	0xffffffffc04254c0	0x0	hid
hid_output_report	0xffffffffc04254d0	0x0	hid
__pfx_hid_destroy_device	0xffffffffc0425610	0x0	hid
hid_destroy_device	0xffffffffc0425620	0x0	hid
__pfx_hid_input_fetch_field	0xffffffffc04256b0	0x0	hid
hid_input_fetch_field	0xffffffffc04256c0	0x0	hid
__pfx_hid_process_report	0xffffffffc04257e0	0x0	hid
hid_process_report	0xffffffffc04257f0	0x0	hid
__pfx_hid_report_raw_event	0xffffffffc04259c0	0x0	hid
hid_report_raw_event	0xffffffffc04259d0	0x0	hid
__pfx___hid_input_report	0xffffffffc0425bb0	0x0	hid
__hid_input_report	0xffffffffc0425bc0	0x0	hid
__pfx_hid_input_report	0xffffffffc0425dc0	0x0	hid
hid_input_report	0xffffffffc0425dd0	0x0	hid
__pfx_hid_set_field	0xffffffffc0425df0	0x0	hid
hid_set_field	0xffffffffc0425e00	0x0	hid
__pfx_hid_allocate_device	0xffffffffc0425f10	0x0	hid
hid_allocate_device	0xffffffffc0425f20	0x0	hid
__pfx_hid_open_report	0xffffffffc0426090	0x0	hid
hid_open_report	0xffffffffc04260a0	0x0	hid
__pfx___hid_request	0xffffffffc04263e0	0x0	hid
__hid_request	0xffffffffc04263f0	0x0	hid
__pfx_hid_hw_request	0xffffffffc0426550	0x0	hid
hid_hw_request	0xffffffffc0426560	0x0	hid
__pfx_hid_register_report	0xffffffffc0426590	0x0	hid
hid_register_report	0xffffffffc04265a0	0x0	hid
__pfx_hid_match_id	0xffffffffc0426740	0x0	hid
hid_match_id	0xffffffffc0426750	0x0	hid
__pfx_hid_connect	0xffffffffc04267c0	0x0	hid
hid_connect	0xffffffffc04267d0	0x0	hid
__pfx_hid_hw_start	0xffffffffc0426c00	0x0	hid
hid_hw_start	0xffffffffc0426c10	0x0	hid
__pfx_hid_alloc_report_buf	0xffffffffc0426c80	0x0	hid
hid_alloc_report_buf	0xffffffffc0426c90	0x0	hid
__pfx_hid_device_release	0xffffffffc0426cd0	0x0	hid
hid_device_release	0xffffffffc0426ce0	0x0	hid
__pfx_hid_device_remove	0xffffffffc0426d80	0x0	hid
hid_device_remove	0xffffffffc0426d90	0x0	hid
__pfx_hid_hw_output_report	0xffffffffc0426e50	0x0	hid
hid_hw_output_report	0xffffffffc0426e60	0x0	hid
__pfx_hid_add_field	0xffffffffc0426ef0	0x0	hid
hid_add_field	0xffffffffc0426f00	0x0	hid
__pfx_hid_hw_raw_request	0xffffffffc0427330	0x0	hid
hid_hw_raw_request	0xffffffffc0427340	0x0	hid
__pfx_hid_parser_main	0xffffffffc04273e0	0x0	hid
hid_parser_main	0xffffffffc04273f0	0x0	hid
__pfx_hid_scan_main	0xffffffffc0427590	0x0	hid
hid_scan_main	0xffffffffc04275a0	0x0	hid
__pfx_hid_parser_local	0xffffffffc0427880	0x0	hid
hid_parser_local	0xffffffffc0427890	0x0	hid
__pfx_hid_unregister_driver	0xffffffffc0427b50	0x0	hid
hid_unregister_driver	0xffffffffc0427b60	0x0	hid
__pfx_new_id_store	0xffffffffc0427c10	0x0	hid
new_id_store	0xffffffffc0427c20	0x0	hid
__pfx_hid_match_device	0xffffffffc0427d90	0x0	hid
hid_match_device	0xffffffffc0427da0	0x0	hid
__pfx___hid_device_probe	0xffffffffc0427e60	0x0	hid
__hid_device_probe	0xffffffffc0427e70	0x0	hid
__pfx_hid_device_probe	0xffffffffc0428000	0x0	hid
hid_device_probe	0xffffffffc0428010	0x0	hid
__pfx_hid_bus_match	0xffffffffc04280c0	0x0	hid
hid_bus_match	0xffffffffc04280d0	0x0	hid
__pfx_hid_parser_global	0xffffffffc0428100	0x0	hid
hid_parser_global	0xffffffffc0428110	0x0	hid
__pfx_hiddev_free	0xffffffffc0428600	0x0	hid
hiddev_free	0xffffffffc0428610	0x0	hid
__pfx_hid_match_one_id	0xffffffffc0428680	0x0	hid
hid_match_one_id	0xffffffffc0428690	0x0	hid
__pfx_hidinput_calc_abs_res	0xffffffffc0428700	0x0	hid
hidinput_calc_abs_res	0xffffffffc0428710	0x0	hid
__pfx_hidinput_get_led_field	0xffffffffc0428850	0x0	hid
hidinput_get_led_field	0xffffffffc0428860	0x0	hid
__pfx_hidinput_count_leds	0xffffffffc0428910	0x0	hid
hidinput_count_leds	0xffffffffc0428920	0x0	hid
__pfx_hidinput_report_event	0xffffffffc04289f0	0x0	hid
hidinput_report_event	0xffffffffc0428a00	0x0	hid
__pfx_hid_report_release_tool	0xffffffffc0428a50	0x0	hid
hid_report_release_tool	0xffffffffc0428a60	0x0	hid
__pfx_hidinput_led_worker	0xffffffffc0428ae0	0x0	hid
hidinput_led_worker	0xffffffffc0428af0	0x0	hid
__pfx_hidinput_close	0xffffffffc0428bd0	0x0	hid
hidinput_close	0xffffffffc0428be0	0x0	hid
__pfx_hidinput_open	0xffffffffc0428c00	0x0	hid
hidinput_open	0xffffffffc0428c10	0x0	hid
__pfx_hidinput_disconnect	0xffffffffc0428c30	0x0	hid
hidinput_disconnect	0xffffffffc0428c40	0x0	hid
__pfx___hidinput_change_resolution_multipliers.part.0	0xffffffffc0428d00	0x0	hid
__hidinput_change_resolution_multipliers.part.0	0xffffffffc0428d10	0x0	hid
__pfx_hidinput_allocate	0xffffffffc0429050	0x0	hid
hidinput_allocate	0xffffffffc0429060	0x0	hid
__pfx_hid_map_usage.isra.0	0xffffffffc0429440	0x0	hid
hid_map_usage.isra.0	0xffffffffc0429450	0x0	hid
__pfx_hidinput_input_event	0xffffffffc0429550	0x0	hid
hidinput_input_event	0xffffffffc0429560	0x0	hid
__pfx_hidinput_locate_usage	0xffffffffc04296c0	0x0	hid
hidinput_locate_usage	0xffffffffc04296d0	0x0	hid
__pfx_hidinput_setkeycode	0xffffffffc0429ad0	0x0	hid
hidinput_setkeycode	0xffffffffc0429ae0	0x0	hid
__pfx_hidinput_getkeycode	0xffffffffc0429d50	0x0	hid
hidinput_getkeycode	0xffffffffc0429d60	0x0	hid
__pfx_hid_map_usage_clear.isra.0	0xffffffffc0429de0	0x0	hid
hid_map_usage_clear.isra.0	0xffffffffc0429df0	0x0	hid
__pfx_hidinput_configure_usage	0xffffffffc0429eb0	0x0	hid
hidinput_configure_usage	0xffffffffc0429ec0	0x0	hid
__pfx_hidinput_connect	0xffffffffc042dfb0	0x0	hid
hidinput_connect	0xffffffffc042dfc0	0x0	hid
__pfx_hidinput_hid_event	0xffffffffc042ea80	0x0	hid
hidinput_hid_event	0xffffffffc042ea90	0x0	hid
__pfx_hid_ignore	0xffffffffc042f250	0x0	hid
hid_ignore	0xffffffffc042f260	0x0	hid
__pfx_hid_quirks_exit	0xffffffffc042f5e0	0x0	hid
hid_quirks_exit	0xffffffffc042f5f0	0x0	hid
__pfx_hid_lookup_quirk	0xffffffffc042f6c0	0x0	hid
hid_lookup_quirk	0xffffffffc042f6d0	0x0	hid
__pfx_hid_modify_dquirk	0xffffffffc042f8d0	0x0	hid
hid_modify_dquirk	0xffffffffc042f8e0	0x0	hid
__pfx_hid_quirks_init	0xffffffffc042fa80	0x0	hid
hid_quirks_init	0xffffffffc042fa90	0x0	hid
__pfx_hid_debug_events_poll	0xffffffffc042fb80	0x0	hid
hid_debug_events_poll	0xffffffffc042fb90	0x0	hid
__pfx_hid_debug_event	0xffffffffc042fbf0	0x0	hid
hid_debug_event	0xffffffffc042fc00	0x0	hid
__pfx_hid_dump_report	0xffffffffc042fca0	0x0	hid
hid_dump_report	0xffffffffc042fcb0	0x0	hid
__pfx_hid_debug_rdesc_open	0xffffffffc042fdc0	0x0	hid
hid_debug_rdesc_open	0xffffffffc042fdd0	0x0	hid
__pfx_hid_debug_events_release	0xffffffffc042fe00	0x0	hid
hid_debug_events_release	0xffffffffc042fe10	0x0	hid
__pfx_hid_debug_events_read	0xffffffffc042fee0	0x0	hid
hid_debug_events_read	0xffffffffc042fef0	0x0	hid
__pfx_hid_debug_events_open	0xffffffffc04300d0	0x0	hid
hid_debug_events_open	0xffffffffc04300e0	0x0	hid
__pfx_hid_resolv_usage	0xffffffffc0430250	0x0	hid
hid_resolv_usage	0xffffffffc0430260	0x0	hid
__pfx_hid_dump_field	0xffffffffc0430530	0x0	hid
hid_dump_field	0xffffffffc0430540	0x0	hid
__pfx_hid_dump_device	0xffffffffc0430be0	0x0	hid
hid_dump_device	0xffffffffc0430bf0	0x0	hid
__pfx_hid_debug_rdesc_show	0xffffffffc0430da0	0x0	hid
hid_debug_rdesc_show	0xffffffffc0430db0	0x0	hid
__pfx_hid_dump_input	0xffffffffc0431140	0x0	hid
hid_dump_input	0xffffffffc0431150	0x0	hid
__pfx_hid_debug_register	0xffffffffc04311e0	0x0	hid
hid_debug_register	0xffffffffc04311f0	0x0	hid
__pfx_hid_debug_unregister	0xffffffffc0431280	0x0	hid
hid_debug_unregister	0xffffffffc0431290	0x0	hid
__pfx_hid_debug_init	0xffffffffc04312f0	0x0	hid
hid_debug_init	0xffffffffc0431300	0x0	hid
__pfx_hid_debug_exit	0xffffffffc0431330	0x0	hid
hid_debug_exit	0xffffffffc0431340	0x0	hid
__pfx_hidraw_send_report	0xffffffffc0431360	0x0	hid
hidraw_send_report	0xffffffffc0431370	0x0	hid
__pfx_hidraw_get_report	0xffffffffc0431540	0x0	hid
hidraw_get_report	0xffffffffc0431550	0x0	hid
__pfx_hidraw_poll	0xffffffffc0431730	0x0	hid
hidraw_poll	0xffffffffc0431740	0x0	hid
__pfx_hidraw_report_event	0xffffffffc04317d0	0x0	hid
hidraw_report_event	0xffffffffc04317e0	0x0	hid
__pfx_hidraw_fasync	0xffffffffc0431960	0x0	hid
hidraw_fasync	0xffffffffc0431970	0x0	hid
__pfx_hidraw_write	0xffffffffc04319d0	0x0	hid
hidraw_write	0xffffffffc04319e0	0x0	hid
__pfx_hidraw_ro_variable_size_ioctl.isra.0	0xffffffffc0431a60	0x0	hid
hidraw_ro_variable_size_ioctl.isra.0	0xffffffffc0431a70	0x0	hid
__pfx_hidraw_ioctl	0xffffffffc0431bb0	0x0	hid
hidraw_ioctl	0xffffffffc0431bc0	0x0	hid
__pfx_hidraw_read	0xffffffffc0431ed0	0x0	hid
hidraw_read	0xffffffffc0431ee0	0x0	hid
__pfx_hidraw_connect	0xffffffffc04322a0	0x0	hid
hidraw_connect	0xffffffffc04322b0	0x0	hid
__pfx_hidraw_open	0xffffffffc04324a0	0x0	hid
hidraw_open	0xffffffffc04324b0	0x0	hid
__pfx_drop_ref	0xffffffffc0432780	0x0	hid
drop_ref	0xffffffffc0432790	0x0	hid
__pfx_hidraw_disconnect	0xffffffffc0432870	0x0	hid
hidraw_disconnect	0xffffffffc0432880	0x0	hid
__pfx_hidraw_release	0xffffffffc04328c0	0x0	hid
hidraw_release	0xffffffffc04328d0	0x0	hid
__pfx_hidraw_exit	0xffffffffc0432a80	0x0	hid
hidraw_exit	0xffffffffc0432a90	0x0	hid
__pfx_hid_exit	0xffffffffc0432ae0	0x0	hid
__pfx_cleanup_module	0xffffffffc0432ae0	0x0	hid
hid_exit	0xffffffffc0432af0	0x0	hid
cleanup_module	0xffffffffc0432af0	0x0	hid
hid_field_extract.cold	0xffffffffc0432b25	0x0	hid
s32ton.part.0.cold	0xffffffffc0432b79	0x0	hid
hid_input_array_field.cold	0xffffffffc0432ba5	0x0	hid
hid_device_remove.cold	0xffffffffc0432bd0	0x0	hid
hid_device_probe.cold	0xffffffffc0432be4	0x0	hid
hidinput_disconnect.cold	0xffffffffc0432bfe	0x0	hid
hidinput_hid_event.cold	0xffffffffc0432c19	0x0	hid
hidraw_poll.cold	0xffffffffc0432c9c	0x0	hid
hidraw_report_event.cold	0xffffffffc0432cb6	0x0	hid
hidraw_fasync.cold	0xffffffffc0432cd3	0x0	hid
hidraw_write.cold	0xffffffffc0432cf6	0x0	hid
hidraw_ioctl.cold	0xffffffffc0432d0b	0x0	hid
hidraw_read.cold	0xffffffffc0432d20	0x0	hid
__pfx_hid_generic_match	0xffffffffc0433000	0x0	hid_generic
hid_generic_match	0xffffffffc0433010	0x0	hid_generic
__pfx___check_hid_generic	0xffffffffc0433070	0x0	hid_generic
__check_hid_generic	0xffffffffc0433080	0x0	hid_generic
__pfx_hid_generic_probe	0xffffffffc04330c0	0x0	hid_generic
hid_generic_probe	0xffffffffc04330d0	0x0	hid_generic
__pfx_hid_generic_exit	0xffffffffc0433110	0x0	hid_generic
__pfx_cleanup_module	0xffffffffc0433110	0x0	hid_generic
hid_generic_exit	0xffffffffc0433120	0x0	hid_generic
cleanup_module	0xffffffffc0433120	0x0	hid_generic
__pfx_netvsc_get_channels	0xffffffffc0434000	0x0	hv_netvsc
netvsc_get_channels	0xffffffffc0434010	0x0	hv_netvsc
__pfx_netvsc_get_rxfh_fields	0xffffffffc0434040	0x0	hv_netvsc
netvsc_get_rxfh_fields	0xffffffffc0434050	0x0	hv_netvsc
__pfx_netvsc_get_rxnfc	0xffffffffc04340d0	0x0	hv_netvsc
netvsc_get_rxnfc	0xffffffffc04340e0	0x0	hv_netvsc
__pfx_netvsc_set_rxfh_fields	0xffffffffc0434130	0x0	hv_netvsc
netvsc_set_rxfh_fields	0xffffffffc0434140	0x0	hv_netvsc
__pfx_netvsc_get_rxfh_key_size	0xffffffffc04341f0	0x0	hv_netvsc
netvsc_get_rxfh_key_size	0xffffffffc0434200	0x0	hv_netvsc
__pfx_netvsc_rss_indir_size	0xffffffffc0434220	0x0	hv_netvsc
netvsc_rss_indir_size	0xffffffffc0434230	0x0	hv_netvsc
__pfx_netvsc_get_ringparam	0xffffffffc0434250	0x0	hv_netvsc
netvsc_get_ringparam	0xffffffffc0434260	0x0	hv_netvsc
__pfx_netvsc_get_regs_len	0xffffffffc04342c0	0x0	hv_netvsc
netvsc_get_regs_len	0xffffffffc04342d0	0x0	hv_netvsc
__pfx_netvsc_get_msglevel	0xffffffffc04342f0	0x0	hv_netvsc
netvsc_get_msglevel	0xffffffffc0434300	0x0	hv_netvsc
__pfx_netvsc_set_msglevel	0xffffffffc0434320	0x0	hv_netvsc
netvsc_set_msglevel	0xffffffffc0434330	0x0	hv_netvsc
__pfx_netvsc_get_drvinfo	0xffffffffc0434350	0x0	hv_netvsc
netvsc_get_drvinfo	0xffffffffc0434360	0x0	hv_netvsc
__pfx_netvsc_wait_until_empty	0xffffffffc0434390	0x0	hv_netvsc
netvsc_wait_until_empty	0xffffffffc04343a0	0x0	hv_netvsc
__pfx_netvsc_get_pcpu_stats	0xffffffffc04344f0	0x0	hv_netvsc
netvsc_get_pcpu_stats	0xffffffffc0434500	0x0	hv_netvsc
__pfx_netvsc_get_vf_stats	0xffffffffc0434670	0x0	hv_netvsc
netvsc_get_vf_stats	0xffffffffc0434680	0x0	hv_netvsc
__pfx_netvsc_get_stats64	0xffffffffc0434770	0x0	hv_netvsc
netvsc_get_stats64	0xffffffffc0434780	0x0	hv_netvsc
__pfx_netvsc_set_rx_mode	0xffffffffc04348d0	0x0	hv_netvsc
netvsc_set_rx_mode	0xffffffffc04348e0	0x0	hv_netvsc
__pfx_netvsc_change_rx_flags	0xffffffffc0434930	0x0	hv_netvsc
netvsc_change_rx_flags	0xffffffffc0434940	0x0	hv_netvsc
__pfx_netvsc_set_rxfh	0xffffffffc04349c0	0x0	hv_netvsc
netvsc_set_rxfh	0xffffffffc04349d0	0x0	hv_netvsc
__pfx_netvsc_get_sset_count	0xffffffffc0434ac0	0x0	hv_netvsc
netvsc_get_sset_count	0xffffffffc0434ad0	0x0	hv_netvsc
__pfx_netvsc_get_ethtool_stats	0xffffffffc0434b30	0x0	hv_netvsc
netvsc_get_ethtool_stats	0xffffffffc0434b40	0x0	hv_netvsc
__pfx_netvsc_get_strings	0xffffffffc0434ea0	0x0	hv_netvsc
netvsc_get_strings	0xffffffffc0434eb0	0x0	hv_netvsc
__pfx_get_netvsc_byslot	0xffffffffc04350b0	0x0	hv_netvsc
get_netvsc_byslot	0xffffffffc04350c0	0x0	hv_netvsc
__pfx___netvsc_vf_setup	0xffffffffc0435290	0x0	hv_netvsc
__netvsc_vf_setup	0xffffffffc04352a0	0x0	hv_netvsc
__pfx_netvsc_get_rxfh	0xffffffffc0435370	0x0	hv_netvsc
netvsc_get_rxfh	0xffffffffc0435380	0x0	hv_netvsc
__pfx_netvsc_get_regs	0xffffffffc0435440	0x0	hv_netvsc
netvsc_get_regs	0xffffffffc0435450	0x0	hv_netvsc
__pfx_netvsc_attach	0xffffffffc04354c0	0x0	hv_netvsc
netvsc_attach	0xffffffffc04354d0	0x0	hv_netvsc
__pfx_netvsc_devinfo_put	0xffffffffc0435620	0x0	hv_netvsc
netvsc_devinfo_put	0xffffffffc0435630	0x0	hv_netvsc
__pfx_netvsc_resume	0xffffffffc04356b0	0x0	hv_netvsc
netvsc_resume	0xffffffffc04356c0	0x0	hv_netvsc
__pfx_netvsc_fix_features	0xffffffffc0435720	0x0	hv_netvsc
netvsc_fix_features	0xffffffffc0435730	0x0	hv_netvsc
__pfx_netvsc_set_features	0xffffffffc04357a0	0x0	hv_netvsc
netvsc_set_features	0xffffffffc04357b0	0x0	hv_netvsc
__pfx_netvsc_set_mac_addr	0xffffffffc04358f0	0x0	hv_netvsc
netvsc_set_mac_addr	0xffffffffc0435900	0x0	hv_netvsc
__pfx_netvsc_vf_changed	0xffffffffc04359e0	0x0	hv_netvsc
netvsc_vf_changed	0xffffffffc04359f0	0x0	hv_netvsc
__pfx_netvsc_set_link_ksettings	0xffffffffc0435b50	0x0	hv_netvsc
netvsc_set_link_ksettings	0xffffffffc0435b60	0x0	hv_netvsc
__pfx_netvsc_get_link_ksettings	0xffffffffc0435bc0	0x0	hv_netvsc
netvsc_get_link_ksettings	0xffffffffc0435bd0	0x0	hv_netvsc
__pfx_netvsc_vf_handle_frame	0xffffffffc0435c20	0x0	hv_netvsc
netvsc_vf_handle_frame	0xffffffffc0435c30	0x0	hv_netvsc
__pfx_netvsc_get_slots	0xffffffffc0435ce0	0x0	hv_netvsc
netvsc_get_slots	0xffffffffc0435cf0	0x0	hv_netvsc
__pfx_netvsc_alloc_recv_skb.isra.0	0xffffffffc0435d80	0x0	hv_netvsc
netvsc_alloc_recv_skb.isra.0	0xffffffffc0435d90	0x0	hv_netvsc
__pfx_netvsc_register_vf	0xffffffffc0436070	0x0	hv_netvsc
netvsc_register_vf	0xffffffffc0436080	0x0	hv_netvsc
__pfx_netvsc_devinfo_get	0xffffffffc0436260	0x0	hv_netvsc
netvsc_devinfo_get	0xffffffffc0436270	0x0	hv_netvsc
__pfx_netvsc_open	0xffffffffc0436410	0x0	hv_netvsc
netvsc_open	0xffffffffc0436420	0x0	hv_netvsc
__pfx_netvsc_unregister_vf	0xffffffffc0436520	0x0	hv_netvsc
netvsc_unregister_vf	0xffffffffc0436530	0x0	hv_netvsc
__pfx_netvsc_remove	0xffffffffc04365e0	0x0	hv_netvsc
netvsc_remove	0xffffffffc04365f0	0x0	hv_netvsc
__pfx_netvsc_probe	0xffffffffc0436710	0x0	hv_netvsc
netvsc_probe	0xffffffffc0436720	0x0	hv_netvsc
__pfx_netvsc_vf_setup	0xffffffffc0436cf0	0x0	hv_netvsc
netvsc_vf_setup	0xffffffffc0436d00	0x0	hv_netvsc
__pfx_netvsc_vfns_work	0xffffffffc0436d70	0x0	hv_netvsc
netvsc_vfns_work	0xffffffffc0436d80	0x0	hv_netvsc
__pfx_netif_tx_disable	0xffffffffc0436e40	0x0	hv_netvsc
netif_tx_disable	0xffffffffc0436e50	0x0	hv_netvsc
__pfx_netvsc_detach	0xffffffffc0436f20	0x0	hv_netvsc
netvsc_detach	0xffffffffc0436f30	0x0	hv_netvsc
__pfx_netvsc_suspend	0xffffffffc0437010	0x0	hv_netvsc
netvsc_suspend	0xffffffffc0437020	0x0	hv_netvsc
__pfx_netvsc_set_channels	0xffffffffc04370a0	0x0	hv_netvsc
netvsc_set_channels	0xffffffffc04370b0	0x0	hv_netvsc
__pfx_netvsc_change_mtu	0xffffffffc04371c0	0x0	hv_netvsc
netvsc_change_mtu	0xffffffffc04371d0	0x0	hv_netvsc
__pfx_netvsc_set_ringparam	0xffffffffc04372f0	0x0	hv_netvsc
netvsc_set_ringparam	0xffffffffc0437300	0x0	hv_netvsc
__pfx_netvsc_close	0xffffffffc04374d0	0x0	hv_netvsc
netvsc_close	0xffffffffc04374e0	0x0	hv_netvsc
__pfx_netvsc_link_change	0xffffffffc04375a0	0x0	hv_netvsc
netvsc_link_change	0xffffffffc04375b0	0x0	hv_netvsc
__pfx_netvsc_xmit	0xffffffffc0437860	0x0	hv_netvsc
netvsc_xmit	0xffffffffc0437870	0x0	hv_netvsc
__pfx_netvsc_start_xmit	0xffffffffc04381a0	0x0	hv_netvsc
netvsc_start_xmit	0xffffffffc04381b0	0x0	hv_netvsc
__pfx_netvsc_netdev_event	0xffffffffc04381d0	0x0	hv_netvsc
netvsc_netdev_event	0xffffffffc04381e0	0x0	hv_netvsc
__pfx_netvsc_get_hash	0xffffffffc04382f0	0x0	hv_netvsc
netvsc_get_hash	0xffffffffc0438300	0x0	hv_netvsc
__pfx_netvsc_select_queue	0xffffffffc04385d0	0x0	hv_netvsc
netvsc_select_queue	0xffffffffc04385e0	0x0	hv_netvsc
__pfx_netvsc_linkstatus_callback	0xffffffffc0438750	0x0	hv_netvsc
netvsc_linkstatus_callback	0xffffffffc0438760	0x0	hv_netvsc
__pfx_netvsc_xdp_xmit	0xffffffffc04388f0	0x0	hv_netvsc
netvsc_xdp_xmit	0xffffffffc0438900	0x0	hv_netvsc
__pfx_netvsc_recv_callback	0xffffffffc0438960	0x0	hv_netvsc
netvsc_recv_callback	0xffffffffc0438970	0x0	hv_netvsc
__pfx_netvsc_channel_cb	0xffffffffc0438ac0	0x0	hv_netvsc
netvsc_channel_cb	0xffffffffc0438ad0	0x0	hv_netvsc
__pfx_free_netvsc_device	0xffffffffc0438b40	0x0	hv_netvsc
free_netvsc_device	0xffffffffc0438b50	0x0	hv_netvsc
__pfx_netvsc_copy_to_send_buf	0xffffffffc0438c80	0x0	hv_netvsc
netvsc_copy_to_send_buf	0xffffffffc0438c90	0x0	hv_netvsc
__pfx_send_recv_completions	0xffffffffc0438d80	0x0	hv_netvsc
send_recv_completions	0xffffffffc0438d90	0x0	hv_netvsc
__pfx_netvsc_receive	0xffffffffc0438e90	0x0	hv_netvsc
netvsc_receive	0xffffffffc0438ea0	0x0	hv_netvsc
__pfx_netvsc_dma_map.constprop.0	0xffffffffc04392a0	0x0	hv_netvsc
netvsc_dma_map.constprop.0	0xffffffffc04392b0	0x0	hv_netvsc
__pfx_netvsc_subchan_work	0xffffffffc0439470	0x0	hv_netvsc
netvsc_subchan_work	0xffffffffc0439480	0x0	hv_netvsc
__pfx_netvsc_revoke_recv_buf	0xffffffffc04395a0	0x0	hv_netvsc
netvsc_revoke_recv_buf	0xffffffffc04395b0	0x0	hv_netvsc
__pfx_netvsc_revoke_send_buf	0xffffffffc04396d0	0x0	hv_netvsc
netvsc_revoke_send_buf	0xffffffffc04396e0	0x0	hv_netvsc
__pfx_negotiate_nvsp_ver	0xffffffffc0439800	0x0	hv_netvsc
negotiate_nvsp_ver	0xffffffffc0439810	0x0	hv_netvsc
__pfx_netvsc_switch_datapath	0xffffffffc04399e0	0x0	hv_netvsc
netvsc_switch_datapath	0xffffffffc04399f0	0x0	hv_netvsc
__pfx_netvsc_alloc_recv_comp_ring	0xffffffffc0439bc0	0x0	hv_netvsc
netvsc_alloc_recv_comp_ring	0xffffffffc0439bd0	0x0	hv_netvsc
__pfx_netvsc_init_buf	0xffffffffc0439ca0	0x0	hv_netvsc
netvsc_init_buf	0xffffffffc0439cb0	0x0	hv_netvsc
__pfx_netvsc_connect_vsp	0xffffffffc043a200	0x0	hv_netvsc
netvsc_connect_vsp	0xffffffffc043a210	0x0	hv_netvsc
__pfx_netvsc_device_remove	0xffffffffc043a3d0	0x0	hv_netvsc
netvsc_device_remove	0xffffffffc043a3e0	0x0	hv_netvsc
__pfx_netvsc_dma_unmap	0xffffffffc043a690	0x0	hv_netvsc
netvsc_dma_unmap	0xffffffffc043a6a0	0x0	hv_netvsc
__pfx_netvsc_send_pkt	0xffffffffc043a720	0x0	hv_netvsc
netvsc_send_pkt	0xffffffffc043a730	0x0	hv_netvsc
__pfx_netvsc_send_tx_complete	0xffffffffc043ac20	0x0	hv_netvsc
netvsc_send_tx_complete	0xffffffffc043ac30	0x0	hv_netvsc
__pfx_netvsc_send_completion	0xffffffffc043ae90	0x0	hv_netvsc
netvsc_send_completion	0xffffffffc043aea0	0x0	hv_netvsc
__pfx_netvsc_poll	0xffffffffc043b0f0	0x0	hv_netvsc
netvsc_poll	0xffffffffc043b100	0x0	hv_netvsc
__pfx_netvsc_send	0xffffffffc043b580	0x0	hv_netvsc
netvsc_send	0xffffffffc043b590	0x0	hv_netvsc
__pfx_netvsc_device_add	0xffffffffc043bac0	0x0	hv_netvsc
netvsc_device_add	0xffffffffc043bad0	0x0	hv_netvsc
__pfx_dump_rndis_message	0xffffffffc043bed0	0x0	hv_netvsc
dump_rndis_message	0xffffffffc043bee0	0x0	hv_netvsc
__pfx_get_rndis_request	0xffffffffc043c0c0	0x0	hv_netvsc
get_rndis_request	0xffffffffc043c0d0	0x0	hv_netvsc
__pfx_netvsc_sc_open	0xffffffffc043c190	0x0	hv_netvsc
netvsc_sc_open	0xffffffffc043c1a0	0x0	hv_netvsc
__pfx_rsc_add_data	0xffffffffc043c340	0x0	hv_netvsc
rsc_add_data	0xffffffffc043c350	0x0	hv_netvsc
__pfx_rndis_filter_receive_response	0xffffffffc043c470	0x0	hv_netvsc
rndis_filter_receive_response	0xffffffffc043c480	0x0	hv_netvsc
__pfx_rndis_get_ppi.constprop.0	0xffffffffc043c6a0	0x0	hv_netvsc
rndis_get_ppi.constprop.0	0xffffffffc043c6b0	0x0	hv_netvsc
__pfx_rndis_filter_receive_data	0xffffffffc043c7e0	0x0	hv_netvsc
rndis_filter_receive_data	0xffffffffc043c7f0	0x0	hv_netvsc
__pfx_rndis_filter_send_request	0xffffffffc043ca40	0x0	hv_netvsc
rndis_filter_send_request	0xffffffffc043ca50	0x0	hv_netvsc
__pfx_rndis_set_rss_param_msg	0xffffffffc043cb60	0x0	hv_netvsc
rndis_set_rss_param_msg	0xffffffffc043cb70	0x0	hv_netvsc
__pfx_rndis_filter_query_device	0xffffffffc043cd70	0x0	hv_netvsc
rndis_filter_query_device	0xffffffffc043cd80	0x0	hv_netvsc
__pfx_rndis_get_friendly_name	0xffffffffc043cf80	0x0	hv_netvsc
rndis_get_friendly_name	0xffffffffc043cf90	0x0	hv_netvsc
__pfx_rndis_filter_set_packet_filter	0xffffffffc043d080	0x0	hv_netvsc
rndis_filter_set_packet_filter	0xffffffffc043d090	0x0	hv_netvsc
__pfx_rndis_set_multicast	0xffffffffc043d170	0x0	hv_netvsc
rndis_set_multicast	0xffffffffc043d180	0x0	hv_netvsc
__pfx_rndis_filter_receive	0xffffffffc043d1e0	0x0	hv_netvsc
rndis_filter_receive	0xffffffffc043d1f0	0x0	hv_netvsc
__pfx_rndis_filter_set_device_mac	0xffffffffc043d310	0x0	hv_netvsc
rndis_filter_set_device_mac	0xffffffffc043d320	0x0	hv_netvsc
__pfx_rndis_filter_set_offload_params	0xffffffffc043d4d0	0x0	hv_netvsc
rndis_filter_set_offload_params	0xffffffffc043d4e0	0x0	hv_netvsc
__pfx_rndis_netdev_set_hwcaps	0xffffffffc043d640	0x0	hv_netvsc
rndis_netdev_set_hwcaps	0xffffffffc043d650	0x0	hv_netvsc
__pfx_rndis_filter_set_rss_param	0xffffffffc043d9c0	0x0	hv_netvsc
rndis_filter_set_rss_param	0xffffffffc043d9d0	0x0	hv_netvsc
__pfx_rndis_filter_update	0xffffffffc043da10	0x0	hv_netvsc
rndis_filter_update	0xffffffffc043da20	0x0	hv_netvsc
__pfx_rndis_set_subchannel	0xffffffffc043da50	0x0	hv_netvsc
rndis_set_subchannel	0xffffffffc043da60	0x0	hv_netvsc
__pfx_rndis_filter_device_remove	0xffffffffc043ddc0	0x0	hv_netvsc
rndis_filter_device_remove	0xffffffffc043ddd0	0x0	hv_netvsc
__pfx_rndis_filter_device_add	0xffffffffc043e0e0	0x0	hv_netvsc
rndis_filter_device_add	0xffffffffc043e0f0	0x0	hv_netvsc
__pfx_rndis_filter_open	0xffffffffc043e760	0x0	hv_netvsc
rndis_filter_open	0xffffffffc043e770	0x0	hv_netvsc
__pfx_rndis_filter_close	0xffffffffc043e7d0	0x0	hv_netvsc
rndis_filter_close	0xffffffffc043e7e0	0x0	hv_netvsc
__pfx___traceiter_rndis_send	0xffffffffc043e840	0x0	hv_netvsc
__traceiter_rndis_send	0xffffffffc043e850	0x0	hv_netvsc
__pfx___probestub_rndis_send	0xffffffffc043e8b0	0x0	hv_netvsc
__probestub_rndis_send	0xffffffffc043e8c0	0x0	hv_netvsc
__pfx___traceiter_rndis_recv	0xffffffffc043e8d0	0x0	hv_netvsc
__traceiter_rndis_recv	0xffffffffc043e8e0	0x0	hv_netvsc
__pfx___traceiter_nvsp_send	0xffffffffc043e940	0x0	hv_netvsc
__traceiter_nvsp_send	0xffffffffc043e950	0x0	hv_netvsc
__pfx___probestub_nvsp_send	0xffffffffc043e9a0	0x0	hv_netvsc
__probestub_nvsp_send	0xffffffffc043e9b0	0x0	hv_netvsc
__pfx___traceiter_nvsp_send_pkt	0xffffffffc043e9c0	0x0	hv_netvsc
__traceiter_nvsp_send_pkt	0xffffffffc043e9d0	0x0	hv_netvsc
__pfx___probestub_nvsp_send_pkt	0xffffffffc043ea30	0x0	hv_netvsc
__probestub_nvsp_send_pkt	0xffffffffc043ea40	0x0	hv_netvsc
__pfx___traceiter_nvsp_recv	0xffffffffc043ea50	0x0	hv_netvsc
__traceiter_nvsp_recv	0xffffffffc043ea60	0x0	hv_netvsc
__pfx_trace_raw_output_rndis_msg_class	0xffffffffc043eac0	0x0	hv_netvsc
trace_raw_output_rndis_msg_class	0xffffffffc043ead0	0x0	hv_netvsc
__pfx_trace_raw_output_nvsp_send	0xffffffffc043eb60	0x0	hv_netvsc
trace_raw_output_nvsp_send	0xffffffffc043eb70	0x0	hv_netvsc
__pfx_trace_raw_output_nvsp_send_pkt	0xffffffffc043ebe0	0x0	hv_netvsc
trace_raw_output_nvsp_send_pkt	0xffffffffc043ebf0	0x0	hv_netvsc
__pfx_trace_raw_output_nvsp_recv	0xffffffffc043ec70	0x0	hv_netvsc
trace_raw_output_nvsp_recv	0xffffffffc043ec80	0x0	hv_netvsc
__pfx___bpf_trace_rndis_msg_class	0xffffffffc043ed00	0x0	hv_netvsc
__bpf_trace_rndis_msg_class	0xffffffffc043ed10	0x0	hv_netvsc
__pfx___bpf_trace_nvsp_send_pkt	0xffffffffc043ed30	0x0	hv_netvsc
__bpf_trace_nvsp_send_pkt	0xffffffffc043ed40	0x0	hv_netvsc
__pfx___bpf_trace_nvsp_send	0xffffffffc043ed50	0x0	hv_netvsc
__bpf_trace_nvsp_send	0xffffffffc043ed60	0x0	hv_netvsc
__pfx___probestub_nvsp_recv	0xffffffffc043ed70	0x0	hv_netvsc
__probestub_nvsp_recv	0xffffffffc043ed80	0x0	hv_netvsc
__pfx___probestub_rndis_recv	0xffffffffc043ed90	0x0	hv_netvsc
__probestub_rndis_recv	0xffffffffc043eda0	0x0	hv_netvsc
__pfx_do_perf_trace_nvsp_recv	0xffffffffc043edb0	0x0	hv_netvsc
do_perf_trace_nvsp_recv	0xffffffffc043edc0	0x0	hv_netvsc
__pfx_perf_trace_nvsp_recv	0xffffffffc043ef70	0x0	hv_netvsc
perf_trace_nvsp_recv	0xffffffffc043ef80	0x0	hv_netvsc
__pfx_do_perf_trace_nvsp_send_pkt	0xffffffffc043ef90	0x0	hv_netvsc
do_perf_trace_nvsp_send_pkt	0xffffffffc043efa0	0x0	hv_netvsc
__pfx_perf_trace_nvsp_send_pkt	0xffffffffc043f160	0x0	hv_netvsc
perf_trace_nvsp_send_pkt	0xffffffffc043f170	0x0	hv_netvsc
__pfx_do_perf_trace_nvsp_send	0xffffffffc043f180	0x0	hv_netvsc
do_perf_trace_nvsp_send	0xffffffffc043f190	0x0	hv_netvsc
__pfx_perf_trace_nvsp_send	0xffffffffc043f320	0x0	hv_netvsc
perf_trace_nvsp_send	0xffffffffc043f330	0x0	hv_netvsc
__pfx_do_perf_trace_rndis_msg_class	0xffffffffc043f340	0x0	hv_netvsc
do_perf_trace_rndis_msg_class	0xffffffffc043f350	0x0	hv_netvsc
__pfx_perf_trace_rndis_msg_class	0xffffffffc043f500	0x0	hv_netvsc
perf_trace_rndis_msg_class	0xffffffffc043f510	0x0	hv_netvsc
__pfx___bpf_trace_nvsp_recv	0xffffffffc043f530	0x0	hv_netvsc
__bpf_trace_nvsp_recv	0xffffffffc043f540	0x0	hv_netvsc
__pfx_do_trace_event_raw_event_nvsp_recv	0xffffffffc043f550	0x0	hv_netvsc
do_trace_event_raw_event_nvsp_recv	0xffffffffc043f560	0x0	hv_netvsc
__pfx_trace_event_raw_event_nvsp_recv	0xffffffffc043f6d0	0x0	hv_netvsc
trace_event_raw_event_nvsp_recv	0xffffffffc043f6e0	0x0	hv_netvsc
__pfx_do_trace_event_raw_event_rndis_msg_class	0xffffffffc043f6f0	0x0	hv_netvsc
do_trace_event_raw_event_rndis_msg_class	0xffffffffc043f700	0x0	hv_netvsc
__pfx_trace_event_raw_event_rndis_msg_class	0xffffffffc043f860	0x0	hv_netvsc
trace_event_raw_event_rndis_msg_class	0xffffffffc043f870	0x0	hv_netvsc
__pfx_do_trace_event_raw_event_nvsp_send_pkt	0xffffffffc043f890	0x0	hv_netvsc
do_trace_event_raw_event_nvsp_send_pkt	0xffffffffc043f8a0	0x0	hv_netvsc
__pfx_trace_event_raw_event_nvsp_send_pkt	0xffffffffc043fa00	0x0	hv_netvsc
trace_event_raw_event_nvsp_send_pkt	0xffffffffc043fa10	0x0	hv_netvsc
__pfx_do_trace_event_raw_event_nvsp_send	0xffffffffc043fa20	0x0	hv_netvsc
do_trace_event_raw_event_nvsp_send	0xffffffffc043fa30	0x0	hv_netvsc
__pfx_trace_event_raw_event_nvsp_send	0xffffffffc043fb80	0x0	hv_netvsc
trace_event_raw_event_nvsp_send	0xffffffffc043fb90	0x0	hv_netvsc
__pfx_netvsc_run_xdp	0xffffffffc043fba0	0x0	hv_netvsc
netvsc_run_xdp	0xffffffffc043fbb0	0x0	hv_netvsc
__pfx_netvsc_xdp_fraglen	0xffffffffc043fe50	0x0	hv_netvsc
netvsc_xdp_fraglen	0xffffffffc043fe60	0x0	hv_netvsc
__pfx_netvsc_xdp_get	0xffffffffc043fe80	0x0	hv_netvsc
netvsc_xdp_get	0xffffffffc043fe90	0x0	hv_netvsc
__pfx_netvsc_xdp_set	0xffffffffc043feb0	0x0	hv_netvsc
netvsc_xdp_set	0xffffffffc043fec0	0x0	hv_netvsc
__pfx_netvsc_vf_setxdp	0xffffffffc0440000	0x0	hv_netvsc
netvsc_vf_setxdp	0xffffffffc0440010	0x0	hv_netvsc
__pfx_netvsc_bpf	0xffffffffc0440150	0x0	hv_netvsc
netvsc_bpf	0xffffffffc0440160	0x0	hv_netvsc
__pfx_netvsc_ndoxdp_xmit	0xffffffffc0440250	0x0	hv_netvsc
netvsc_ndoxdp_xmit	0xffffffffc0440260	0x0	hv_netvsc
__pfx_netvsc_drv_exit	0xffffffffc04406d0	0x0	hv_netvsc
__pfx_cleanup_module	0xffffffffc04406d0	0x0	hv_netvsc
netvsc_drv_exit	0xffffffffc04406e0	0x0	hv_netvsc
cleanup_module	0xffffffffc04406e0	0x0	hv_netvsc
netvsc_attach.cold	0xffffffffc0440702	0x0	hv_netvsc
netvsc_devinfo_put.cold	0xffffffffc0440716	0x0	hv_netvsc
netvsc_fix_features.cold	0xffffffffc044072b	0x0	hv_netvsc
netvsc_set_features.cold	0xffffffffc0440740	0x0	hv_netvsc
netvsc_vf_changed.cold	0xffffffffc044075d	0x0	hv_netvsc
netvsc_devinfo_get.cold	0xffffffffc0440772	0x0	hv_netvsc
netvsc_open.cold	0xffffffffc0440787	0x0	hv_netvsc
netvsc_probe.cold	0xffffffffc044079c	0x0	hv_netvsc
netvsc_set_channels.cold	0xffffffffc04407c6	0x0	hv_netvsc
netvsc_change_mtu.cold	0xffffffffc04407db	0x0	hv_netvsc
netvsc_set_ringparam.cold	0xffffffffc04407f0	0x0	hv_netvsc
netvsc_link_change.cold	0xffffffffc0440805	0x0	hv_netvsc
netvsc_xmit.cold	0xffffffffc044084a	0x0	hv_netvsc
netvsc_select_queue.cold	0xffffffffc044085f	0x0	hv_netvsc
free_netvsc_device.cold	0xffffffffc044087f	0x0	hv_netvsc
send_recv_completions.cold	0xffffffffc04408a9	0x0	hv_netvsc
netvsc_dma_map.constprop.0.cold	0xffffffffc04408be	0x0	hv_netvsc
netvsc_revoke_recv_buf.cold	0xffffffffc04408d3	0x0	hv_netvsc
netvsc_revoke_send_buf.cold	0xffffffffc04408ee	0x0	hv_netvsc
netvsc_send_pkt.cold	0xffffffffc0440909	0x0	hv_netvsc
netvsc_send_tx_complete.cold	0xffffffffc04409f0	0x0	hv_netvsc
netvsc_poll.cold	0xffffffffc0440a7c	0x0	hv_netvsc
netvsc_send.cold	0xffffffffc0440a97	0x0	hv_netvsc
rndis_set_subchannel.cold	0xffffffffc0440ac4	0x0	hv_netvsc
rndis_filter_device_add.cold	0xffffffffc0440adf	0x0	hv_netvsc
netvsc_vf_setxdp.cold	0xffffffffc0440b18	0x0	hv_netvsc
netvsc_bpf.cold	0xffffffffc0440b2d	0x0	hv_netvsc
netvsc_ndoxdp_xmit.cold	0xffffffffc0440b41	0x0	hv_netvsc
__SCT__tp_func_rndis_send	0xffffffffc0440b94	0x0	hv_netvsc
__SCT__tp_func_rndis_recv	0xffffffffc0440b9c	0x0	hv_netvsc
__SCT__tp_func_nvsp_send	0xffffffffc0440ba4	0x0	hv_netvsc
__SCT__tp_func_nvsp_send_pkt	0xffffffffc0440bac	0x0	hv_netvsc
__SCT__tp_func_nvsp_recv	0xffffffffc0440bb4	0x0	hv_netvsc
__pfx___connect	0xffffffffc0441000	0x0	irqbypass
__connect	0xffffffffc0441010	0x0	irqbypass
__pfx___disconnect	0xffffffffc0441100	0x0	irqbypass
__disconnect	0xffffffffc0441110	0x0	irqbypass
__pfx_irq_bypass_register_consumer	0xffffffffc04411b0	0x0	irqbypass
irq_bypass_register_consumer	0xffffffffc04411c0	0x0	irqbypass
__pfx_irq_bypass_unregister_consumer	0xffffffffc04412e0	0x0	irqbypass
irq_bypass_unregister_consumer	0xffffffffc04412f0	0x0	irqbypass
__pfx_irq_bypass_unregister_producer	0xffffffffc0441370	0x0	irqbypass
irq_bypass_unregister_producer	0xffffffffc0441380	0x0	irqbypass
__pfx_irq_bypass_register_producer	0xffffffffc0441400	0x0	irqbypass
irq_bypass_register_producer	0xffffffffc0441410	0x0	irqbypass
__pfx__key_expansion_256a	0xffffffffc0442000	0x0	aesni_intel
__pfx__key_expansion_128	0xffffffffc0442000	0x0	aesni_intel
_key_expansion_256a	0xffffffffc0442010	0x0	aesni_intel
_key_expansion_128	0xffffffffc0442010	0x0	aesni_intel
__pfx__key_expansion_192a	0xffffffffc0442040	0x0	aesni_intel
_key_expansion_192a	0xffffffffc0442050	0x0	aesni_intel
__pfx__key_expansion_192b	0xffffffffc04420a0	0x0	aesni_intel
_key_expansion_192b	0xffffffffc04420b0	0x0	aesni_intel
__pfx__key_expansion_256b	0xffffffffc04420f0	0x0	aesni_intel
_key_expansion_256b	0xffffffffc0442100	0x0	aesni_intel
__pfx_aesni_set_key	0xffffffffc0442130	0x0	aesni_intel
aesni_set_key	0xffffffffc0442140	0x0	aesni_intel
__pfx_aesni_enc	0xffffffffc0442320	0x0	aesni_intel
aesni_enc	0xffffffffc0442330	0x0	aesni_intel
__pfx__aesni_enc1	0xffffffffc0442350	0x0	aesni_intel
_aesni_enc1	0xffffffffc0442360	0x0	aesni_intel
__pfx__aesni_enc4	0xffffffffc0442410	0x0	aesni_intel
_aesni_enc4	0xffffffffc0442420	0x0	aesni_intel
__pfx_aesni_dec	0xffffffffc04425b0	0x0	aesni_intel
aesni_dec	0xffffffffc04425c0	0x0	aesni_intel
__pfx__aesni_dec1	0xffffffffc04425f0	0x0	aesni_intel
_aesni_dec1	0xffffffffc0442600	0x0	aesni_intel
__pfx__aesni_dec4	0xffffffffc04426b0	0x0	aesni_intel
_aesni_dec4	0xffffffffc04426c0	0x0	aesni_intel
__pfx_aesni_ecb_enc	0xffffffffc0442850	0x0	aesni_intel
aesni_ecb_enc	0xffffffffc0442860	0x0	aesni_intel
__pfx_aesni_ecb_dec	0xffffffffc04428e0	0x0	aesni_intel
aesni_ecb_dec	0xffffffffc04428f0	0x0	aesni_intel
__pfx_aesni_cbc_enc	0xffffffffc0442980	0x0	aesni_intel
aesni_cbc_enc	0xffffffffc0442990	0x0	aesni_intel
__pfx_aesni_cbc_dec	0xffffffffc04429e0	0x0	aesni_intel
aesni_cbc_dec	0xffffffffc04429f0	0x0	aesni_intel
__pfx_aesni_cts_cbc_enc	0xffffffffc0442ab0	0x0	aesni_intel
aesni_cts_cbc_enc	0xffffffffc0442ac0	0x0	aesni_intel
__pfx_aesni_cts_cbc_dec	0xffffffffc0442b30	0x0	aesni_intel
aesni_cts_cbc_dec	0xffffffffc0442b40	0x0	aesni_intel
__pfx__aesni_inc_init	0xffffffffc0442bc0	0x0	aesni_intel
_aesni_inc_init	0xffffffffc0442bd0	0x0	aesni_intel
__pfx__aesni_inc	0xffffffffc0442c00	0x0	aesni_intel
_aesni_inc	0xffffffffc0442c10	0x0	aesni_intel
__pfx_aesni_ctr_enc	0xffffffffc0442c40	0x0	aesni_intel
aesni_ctr_enc	0xffffffffc0442c50	0x0	aesni_intel
__pfx_aesni_xts_enc	0xffffffffc0442d20	0x0	aesni_intel
aesni_xts_enc	0xffffffffc0442d30	0x0	aesni_intel
__pfx_aesni_xts_dec	0xffffffffc0442f00	0x0	aesni_intel
aesni_xts_dec	0xffffffffc0442f10	0x0	aesni_intel
__pfx_common_rfc4106_set_authsize	0xffffffffc0443110	0x0	aesni_intel
common_rfc4106_set_authsize	0xffffffffc0443120	0x0	aesni_intel
__pfx_generic_gcmaes_set_authsize	0xffffffffc0443160	0x0	aesni_intel
generic_gcmaes_set_authsize	0xffffffffc0443170	0x0	aesni_intel
__pfx_unregister_avx_algs	0xffffffffc04431b0	0x0	aesni_intel
unregister_avx_algs	0xffffffffc04431c0	0x0	aesni_intel
__pfx_aes_set_key_common	0xffffffffc0443290	0x0	aesni_intel
aes_set_key_common	0xffffffffc04432a0	0x0	aesni_intel
__pfx_aesni_skcipher_setkey	0xffffffffc0443320	0x0	aesni_intel
aesni_skcipher_setkey	0xffffffffc0443330	0x0	aesni_intel
__pfx_aes_set_key	0xffffffffc0443350	0x0	aesni_intel
aes_set_key	0xffffffffc0443360	0x0	aesni_intel
__pfx_gcm_setkey	0xffffffffc0443380	0x0	aesni_intel
gcm_setkey	0xffffffffc0443390	0x0	aesni_intel
__pfx_rfc4106_setkey_aesni	0xffffffffc04436e0	0x0	aesni_intel
rfc4106_setkey_aesni	0xffffffffc04436f0	0x0	aesni_intel
__pfx_gcm_setkey_aesni	0xffffffffc0443710	0x0	aesni_intel
gcm_setkey_aesni	0xffffffffc0443720	0x0	aesni_intel
__pfx_rfc4106_setkey_vaes_avx10_512	0xffffffffc0443740	0x0	aesni_intel
rfc4106_setkey_vaes_avx10_512	0xffffffffc0443750	0x0	aesni_intel
__pfx_gcm_setkey_vaes_avx10_512	0xffffffffc0443770	0x0	aesni_intel
gcm_setkey_vaes_avx10_512	0xffffffffc0443780	0x0	aesni_intel
__pfx_rfc4106_setkey_vaes_avx10_256	0xffffffffc04437a0	0x0	aesni_intel
rfc4106_setkey_vaes_avx10_256	0xffffffffc04437b0	0x0	aesni_intel
__pfx_gcm_setkey_vaes_avx10_256	0xffffffffc04437d0	0x0	aesni_intel
gcm_setkey_vaes_avx10_256	0xffffffffc04437e0	0x0	aesni_intel
__pfx_rfc4106_setkey_aesni_avx	0xffffffffc0443800	0x0	aesni_intel
rfc4106_setkey_aesni_avx	0xffffffffc0443810	0x0	aesni_intel
__pfx_gcm_setkey_aesni_avx	0xffffffffc0443830	0x0	aesni_intel
gcm_setkey_aesni_avx	0xffffffffc0443840	0x0	aesni_intel
__pfx_aesni_xts_decrypt	0xffffffffc0443860	0x0	aesni_intel
aesni_xts_decrypt	0xffffffffc0443870	0x0	aesni_intel
__pfx_aesni_encrypt	0xffffffffc0443890	0x0	aesni_intel
aesni_encrypt	0xffffffffc04438a0	0x0	aesni_intel
__pfx_xts_crypt_slowpath	0xffffffffc0443910	0x0	aesni_intel
xts_crypt_slowpath	0xffffffffc0443920	0x0	aesni_intel
__pfx_aesni_xts_encrypt	0xffffffffc0443b30	0x0	aesni_intel
aesni_xts_encrypt	0xffffffffc0443b40	0x0	aesni_intel
__pfx_xts_setkey_aesni	0xffffffffc0443b60	0x0	aesni_intel
xts_setkey_aesni	0xffffffffc0443b70	0x0	aesni_intel
__pfx_ctr_crypt_aesni	0xffffffffc0443bf0	0x0	aesni_intel
ctr_crypt_aesni	0xffffffffc0443c00	0x0	aesni_intel
__pfx_cbc_decrypt	0xffffffffc0443d40	0x0	aesni_intel
cbc_decrypt	0xffffffffc0443d50	0x0	aesni_intel
__pfx_cts_cbc_decrypt	0xffffffffc0443e10	0x0	aesni_intel
cts_cbc_decrypt	0xffffffffc0443e20	0x0	aesni_intel
__pfx_cbc_encrypt	0xffffffffc0444000	0x0	aesni_intel
cbc_encrypt	0xffffffffc0444010	0x0	aesni_intel
__pfx_cts_cbc_encrypt	0xffffffffc04440d0	0x0	aesni_intel
cts_cbc_encrypt	0xffffffffc04440e0	0x0	aesni_intel
__pfx_ecb_decrypt	0xffffffffc04442c0	0x0	aesni_intel
ecb_decrypt	0xffffffffc04442d0	0x0	aesni_intel
__pfx_ecb_encrypt	0xffffffffc0444380	0x0	aesni_intel
ecb_encrypt	0xffffffffc0444390	0x0	aesni_intel
__pfx_aesni_decrypt	0xffffffffc0444440	0x0	aesni_intel
aesni_decrypt	0xffffffffc0444450	0x0	aesni_intel
__pfx_aes_gcm_aad_update	0xffffffffc04444c0	0x0	aesni_intel
aes_gcm_aad_update	0xffffffffc04444d0	0x0	aesni_intel
__pfx_gcm_process_assoc	0xffffffffc0444510	0x0	aesni_intel
gcm_process_assoc	0xffffffffc0444520	0x0	aesni_intel
__pfx_xctr_crypt_vaes_avx512	0xffffffffc0444850	0x0	aesni_intel
xctr_crypt_vaes_avx512	0xffffffffc0444860	0x0	aesni_intel
__pfx_xctr_crypt_aesni_avx	0xffffffffc0444940	0x0	aesni_intel
xctr_crypt_aesni_avx	0xffffffffc0444950	0x0	aesni_intel
__pfx_xctr_crypt_vaes_avx2	0xffffffffc0444a30	0x0	aesni_intel
xctr_crypt_vaes_avx2	0xffffffffc0444a40	0x0	aesni_intel
__pfx_ctr_crypt_aesni_avx	0xffffffffc0444b20	0x0	aesni_intel
ctr_crypt_aesni_avx	0xffffffffc0444b30	0x0	aesni_intel
__pfx_ctr_crypt_vaes_avx2	0xffffffffc0444d20	0x0	aesni_intel
ctr_crypt_vaes_avx2	0xffffffffc0444d30	0x0	aesni_intel
__pfx_ctr_crypt_vaes_avx512	0xffffffffc0444f20	0x0	aesni_intel
ctr_crypt_vaes_avx512	0xffffffffc0444f30	0x0	aesni_intel
__pfx_xts_encrypt_vaes_avx512	0xffffffffc0445120	0x0	aesni_intel
xts_encrypt_vaes_avx512	0xffffffffc0445130	0x0	aesni_intel
__pfx_xts_encrypt_aesni_avx	0xffffffffc0445220	0x0	aesni_intel
xts_encrypt_aesni_avx	0xffffffffc0445230	0x0	aesni_intel
__pfx_xts_decrypt_aesni_avx	0xffffffffc0445320	0x0	aesni_intel
xts_decrypt_aesni_avx	0xffffffffc0445330	0x0	aesni_intel
__pfx_xts_encrypt_vaes_avx2	0xffffffffc0445420	0x0	aesni_intel
xts_encrypt_vaes_avx2	0xffffffffc0445430	0x0	aesni_intel
__pfx_xts_decrypt_vaes_avx2	0xffffffffc0445520	0x0	aesni_intel
xts_decrypt_vaes_avx2	0xffffffffc0445530	0x0	aesni_intel
__pfx_xts_decrypt_vaes_avx512	0xffffffffc0445620	0x0	aesni_intel
xts_decrypt_vaes_avx512	0xffffffffc0445630	0x0	aesni_intel
__pfx_xts_decrypt_aesni	0xffffffffc0445720	0x0	aesni_intel
xts_decrypt_aesni	0xffffffffc0445730	0x0	aesni_intel
__pfx_xts_encrypt_aesni	0xffffffffc0445820	0x0	aesni_intel
xts_encrypt_aesni	0xffffffffc0445830	0x0	aesni_intel
__pfx_rfc4106_decrypt_vaes_avx10_512	0xffffffffc0445920	0x0	aesni_intel
rfc4106_decrypt_vaes_avx10_512	0xffffffffc0445930	0x0	aesni_intel
__pfx_gcm_encrypt_vaes_avx10_256	0xffffffffc0445ba0	0x0	aesni_intel
gcm_encrypt_vaes_avx10_256	0xffffffffc0445bb0	0x0	aesni_intel
__pfx_gcm_encrypt_vaes_avx10_512	0xffffffffc0445dc0	0x0	aesni_intel
gcm_encrypt_vaes_avx10_512	0xffffffffc0445dd0	0x0	aesni_intel
__pfx_gcm_encrypt_aesni_avx	0xffffffffc0445fe0	0x0	aesni_intel
gcm_encrypt_aesni_avx	0xffffffffc0445ff0	0x0	aesni_intel
__pfx_gcm_encrypt_aesni	0xffffffffc0446200	0x0	aesni_intel
gcm_encrypt_aesni	0xffffffffc0446210	0x0	aesni_intel
__pfx_gcm_decrypt_aesni	0xffffffffc0446420	0x0	aesni_intel
gcm_decrypt_aesni	0xffffffffc0446430	0x0	aesni_intel
__pfx_gcm_decrypt_vaes_avx10_256	0xffffffffc0446680	0x0	aesni_intel
gcm_decrypt_vaes_avx10_256	0xffffffffc0446690	0x0	aesni_intel
__pfx_gcm_decrypt_aesni_avx	0xffffffffc04468e0	0x0	aesni_intel
gcm_decrypt_aesni_avx	0xffffffffc04468f0	0x0	aesni_intel
__pfx_gcm_decrypt_vaes_avx10_512	0xffffffffc0446b40	0x0	aesni_intel
gcm_decrypt_vaes_avx10_512	0xffffffffc0446b50	0x0	aesni_intel
__pfx_rfc4106_encrypt_aesni	0xffffffffc0446da0	0x0	aesni_intel
rfc4106_encrypt_aesni	0xffffffffc0446db0	0x0	aesni_intel
__pfx_rfc4106_encrypt_vaes_avx10_512	0xffffffffc0447020	0x0	aesni_intel
rfc4106_encrypt_vaes_avx10_512	0xffffffffc0447030	0x0	aesni_intel
__pfx_rfc4106_encrypt_aesni_avx	0xffffffffc04472a0	0x0	aesni_intel
rfc4106_encrypt_aesni_avx	0xffffffffc04472b0	0x0	aesni_intel
__pfx_rfc4106_encrypt_vaes_avx10_256	0xffffffffc0447520	0x0	aesni_intel
rfc4106_encrypt_vaes_avx10_256	0xffffffffc0447530	0x0	aesni_intel
__pfx_rfc4106_decrypt_vaes_avx10_256	0xffffffffc04477a0	0x0	aesni_intel
rfc4106_decrypt_vaes_avx10_256	0xffffffffc04477b0	0x0	aesni_intel
__pfx_rfc4106_decrypt_aesni_avx	0xffffffffc0447a20	0x0	aesni_intel
rfc4106_decrypt_aesni_avx	0xffffffffc0447a30	0x0	aesni_intel
__pfx_rfc4106_decrypt_aesni	0xffffffffc0447ca0	0x0	aesni_intel
rfc4106_decrypt_aesni	0xffffffffc0447cb0	0x0	aesni_intel
__pfx_aes_ctr64_crypt_aesni_avx	0xffffffffc0447f20	0x0	aesni_intel
aes_ctr64_crypt_aesni_avx	0xffffffffc0447f30	0x0	aesni_intel
__pfx_aes_xctr_crypt_aesni_avx	0xffffffffc04483a0	0x0	aesni_intel
aes_xctr_crypt_aesni_avx	0xffffffffc04483b0	0x0	aesni_intel
__pfx_aes_ctr64_crypt_vaes_avx2	0xffffffffc0448810	0x0	aesni_intel
aes_ctr64_crypt_vaes_avx2	0xffffffffc0448820	0x0	aesni_intel
__pfx_aes_xctr_crypt_vaes_avx2	0xffffffffc0448cf0	0x0	aesni_intel
aes_xctr_crypt_vaes_avx2	0xffffffffc0448d00	0x0	aesni_intel
__pfx_aes_ctr64_crypt_vaes_avx512	0xffffffffc04491d0	0x0	aesni_intel
aes_ctr64_crypt_vaes_avx512	0xffffffffc04491e0	0x0	aesni_intel
__pfx_aes_xctr_crypt_vaes_avx512	0xffffffffc04496c0	0x0	aesni_intel
aes_xctr_crypt_vaes_avx512	0xffffffffc04496d0	0x0	aesni_intel
__pfx_aes_gcm_precompute_aesni	0xffffffffc0449b90	0x0	aesni_intel
aes_gcm_precompute_aesni	0xffffffffc0449ba0	0x0	aesni_intel
__pfx_aes_gcm_aad_update_aesni	0xffffffffc0449ca0	0x0	aesni_intel
aes_gcm_aad_update_aesni	0xffffffffc0449cb0	0x0	aesni_intel
__pfx_aes_gcm_enc_update_aesni	0xffffffffc0449dd0	0x0	aesni_intel
aes_gcm_enc_update_aesni	0xffffffffc0449de0	0x0	aesni_intel
__pfx_aes_gcm_dec_update_aesni	0xffffffffc044a620	0x0	aesni_intel
aes_gcm_dec_update_aesni	0xffffffffc044a630	0x0	aesni_intel
__pfx_aes_gcm_enc_final_aesni	0xffffffffc044abe0	0x0	aesni_intel
aes_gcm_enc_final_aesni	0xffffffffc044abf0	0x0	aesni_intel
__pfx_aes_gcm_dec_final_aesni	0xffffffffc044ad00	0x0	aesni_intel
aes_gcm_dec_final_aesni	0xffffffffc044ad10	0x0	aesni_intel
__pfx_aes_gcm_precompute_aesni_avx	0xffffffffc044ae40	0x0	aesni_intel
aes_gcm_precompute_aesni_avx	0xffffffffc044ae50	0x0	aesni_intel
__pfx_aes_gcm_aad_update_aesni_avx	0xffffffffc044af40	0x0	aesni_intel
aes_gcm_aad_update_aesni_avx	0xffffffffc044af50	0x0	aesni_intel
__pfx_aes_gcm_enc_update_aesni_avx	0xffffffffc044b060	0x0	aesni_intel
aes_gcm_enc_update_aesni_avx	0xffffffffc044b070	0x0	aesni_intel
__pfx_aes_gcm_dec_update_aesni_avx	0xffffffffc044b7d0	0x0	aesni_intel
aes_gcm_dec_update_aesni_avx	0xffffffffc044b7e0	0x0	aesni_intel
__pfx_aes_gcm_enc_final_aesni_avx	0xffffffffc044bd10	0x0	aesni_intel
aes_gcm_enc_final_aesni_avx	0xffffffffc044bd20	0x0	aesni_intel
__pfx_aes_gcm_dec_final_aesni_avx	0xffffffffc044be20	0x0	aesni_intel
aes_gcm_dec_final_aesni_avx	0xffffffffc044be30	0x0	aesni_intel
__pfx_aes_xts_encrypt_iv	0xffffffffc044bf50	0x0	aesni_intel
aes_xts_encrypt_iv	0xffffffffc044bf60	0x0	aesni_intel
__pfx_aes_xts_encrypt_aesni_avx	0xffffffffc044bfe0	0x0	aesni_intel
aes_xts_encrypt_aesni_avx	0xffffffffc044bff0	0x0	aesni_intel
__pfx_aes_xts_decrypt_aesni_avx	0xffffffffc044c3f0	0x0	aesni_intel
aes_xts_decrypt_aesni_avx	0xffffffffc044c400	0x0	aesni_intel
__pfx_aes_xts_encrypt_vaes_avx2	0xffffffffc044c890	0x0	aesni_intel
aes_xts_encrypt_vaes_avx2	0xffffffffc044c8a0	0x0	aesni_intel
__pfx_aes_xts_decrypt_vaes_avx2	0xffffffffc044cdb0	0x0	aesni_intel
aes_xts_decrypt_vaes_avx2	0xffffffffc044cdc0	0x0	aesni_intel
__pfx_aes_xts_encrypt_vaes_avx512	0xffffffffc044d360	0x0	aesni_intel
aes_xts_encrypt_vaes_avx512	0xffffffffc044d370	0x0	aesni_intel
__pfx_aes_xts_decrypt_vaes_avx512	0xffffffffc044d8f0	0x0	aesni_intel
aes_xts_decrypt_vaes_avx512	0xffffffffc044d900	0x0	aesni_intel
__pfx_aes_gcm_precompute_vaes_avx10_256	0xffffffffc044df00	0x0	aesni_intel
aes_gcm_precompute_vaes_avx10_256	0xffffffffc044df10	0x0	aesni_intel
__pfx_aes_gcm_enc_update_vaes_avx10_256	0xffffffffc044e030	0x0	aesni_intel
aes_gcm_enc_update_vaes_avx10_256	0xffffffffc044e040	0x0	aesni_intel
__pfx_aes_gcm_dec_update_vaes_avx10_256	0xffffffffc044e6a0	0x0	aesni_intel
aes_gcm_dec_update_vaes_avx10_256	0xffffffffc044e6b0	0x0	aesni_intel
__pfx_aes_gcm_precompute_vaes_avx10_512	0xffffffffc044eb60	0x0	aesni_intel
aes_gcm_precompute_vaes_avx10_512	0xffffffffc044eb70	0x0	aesni_intel
__pfx_aes_gcm_enc_update_vaes_avx10_512	0xffffffffc044ecf0	0x0	aesni_intel
aes_gcm_enc_update_vaes_avx10_512	0xffffffffc044ed00	0x0	aesni_intel
__pfx_aes_gcm_dec_update_vaes_avx10_512	0xffffffffc044f400	0x0	aesni_intel
aes_gcm_dec_update_vaes_avx10_512	0xffffffffc044f410	0x0	aesni_intel
__pfx_aes_gcm_aad_update_vaes_avx10	0xffffffffc044f930	0x0	aesni_intel
aes_gcm_aad_update_vaes_avx10	0xffffffffc044f940	0x0	aesni_intel
__pfx_aes_gcm_enc_final_vaes_avx10	0xffffffffc044fa50	0x0	aesni_intel
aes_gcm_enc_final_vaes_avx10	0xffffffffc044fa60	0x0	aesni_intel
__pfx_aes_gcm_dec_final_vaes_avx10	0xffffffffc044fb70	0x0	aesni_intel
aes_gcm_dec_final_vaes_avx10	0xffffffffc044fb80	0x0	aesni_intel
__pfx_aesni_exit	0xffffffffc044fcb0	0x0	aesni_intel
__pfx_cleanup_module	0xffffffffc044fcb0	0x0	aesni_intel
aesni_exit	0xffffffffc044fcc0	0x0	aesni_intel
cleanup_module	0xffffffffc044fcc0	0x0	aesni_intel
__pfx_uni2char	0xffffffffc0450000	0x0	nls_iso8859_1
uni2char	0xffffffffc0450010	0x0	nls_iso8859_1
__pfx_char2uni	0xffffffffc0450070	0x0	nls_iso8859_1
char2uni	0xffffffffc0450080	0x0	nls_iso8859_1
__pfx_exit_nls_iso8859_1	0xffffffffc04500b0	0x0	nls_iso8859_1
__pfx_cleanup_module	0xffffffffc04500b0	0x0	nls_iso8859_1
exit_nls_iso8859_1	0xffffffffc04500c0	0x0	nls_iso8859_1
cleanup_module	0xffffffffc04500c0	0x0	nls_iso8859_1
__pfx___clmul_gf128mul_ble	0xffffffffc0451000	0x0	ghash_clmulni_intel
__clmul_gf128mul_ble	0xffffffffc0451010	0x0	ghash_clmulni_intel
__pfx_clmul_ghash_mul	0xffffffffc04510b0	0x0	ghash_clmulni_intel
clmul_ghash_mul	0xffffffffc04510c0	0x0	ghash_clmulni_intel
__pfx_clmul_ghash_update	0xffffffffc04510f0	0x0	ghash_clmulni_intel
clmul_ghash_update	0xffffffffc0451100	0x0	ghash_clmulni_intel
__pfx_ghash_setkey	0xffffffffc0451150	0x0	ghash_clmulni_intel
ghash_setkey	0xffffffffc0451160	0x0	ghash_clmulni_intel
__pfx_ghash_update	0xffffffffc04511d0	0x0	ghash_clmulni_intel
ghash_update	0xffffffffc04511e0	0x0	ghash_clmulni_intel
__pfx_ghash_init	0xffffffffc0451230	0x0	ghash_clmulni_intel
ghash_init	0xffffffffc0451240	0x0	ghash_clmulni_intel
__pfx_ghash_finup	0xffffffffc0451270	0x0	ghash_clmulni_intel
ghash_finup	0xffffffffc0451280	0x0	ghash_clmulni_intel
__pfx_ghash_pclmulqdqni_mod_exit	0xffffffffc0451310	0x0	ghash_clmulni_intel
__pfx_cleanup_module	0xffffffffc0451310	0x0	ghash_clmulni_intel
ghash_pclmulqdqni_mod_exit	0xffffffffc0451320	0x0	ghash_clmulni_intel
cleanup_module	0xffffffffc0451320	0x0	ghash_clmulni_intel
__pfx_owner_check	0xffffffffc0452000	0x0	xt_owner
owner_check	0xffffffffc0452010	0x0	xt_owner
__pfx_owner_mt	0xffffffffc04520e0	0x0	xt_owner
owner_mt	0xffffffffc04520f0	0x0	xt_owner
__pfx_owner_mt_exit	0xffffffffc04522d0	0x0	xt_owner
__pfx_cleanup_module	0xffffffffc04522d0	0x0	xt_owner
owner_mt_exit	0xffffffffc04522e0	0x0	xt_owner
cleanup_module	0xffffffffc04522e0	0x0	xt_owner
__pfx_mousevsc_hid_open	0xffffffffc0453000	0x0	hid_hyperv
mousevsc_hid_open	0xffffffffc0453010	0x0	hid_hyperv
__pfx_mousevsc_hid_close	0xffffffffc0453030	0x0	hid_hyperv
mousevsc_hid_close	0xffffffffc0453040	0x0	hid_hyperv
__pfx_mousevsc_hid_raw_request	0xffffffffc0453050	0x0	hid_hyperv
mousevsc_hid_raw_request	0xffffffffc0453060	0x0	hid_hyperv
__pfx_mousevsc_connect_to_vsp	0xffffffffc0453080	0x0	hid_hyperv
mousevsc_connect_to_vsp	0xffffffffc0453090	0x0	hid_hyperv
__pfx_mousevsc_resume	0xffffffffc0453160	0x0	hid_hyperv
mousevsc_resume	0xffffffffc0453170	0x0	hid_hyperv
__pfx_mousevsc_suspend	0xffffffffc04531c0	0x0	hid_hyperv
mousevsc_suspend	0xffffffffc04531d0	0x0	hid_hyperv
__pfx_mousevsc_hid_parse	0xffffffffc04531f0	0x0	hid_hyperv
mousevsc_hid_parse	0xffffffffc0453200	0x0	hid_hyperv
__pfx_mousevsc_hid_probe	0xffffffffc0453230	0x0	hid_hyperv
mousevsc_hid_probe	0xffffffffc0453240	0x0	hid_hyperv
__pfx_mousevsc_on_receive_device_info	0xffffffffc04532c0	0x0	hid_hyperv
mousevsc_on_receive_device_info	0xffffffffc04532d0	0x0	hid_hyperv
__pfx_mousevsc_on_receive	0xffffffffc0453480	0x0	hid_hyperv
mousevsc_on_receive	0xffffffffc0453490	0x0	hid_hyperv
__pfx_mousevsc_on_channel_callback	0xffffffffc04535c0	0x0	hid_hyperv
mousevsc_on_channel_callback	0xffffffffc04535d0	0x0	hid_hyperv
__pfx_mousevsc_hid_start	0xffffffffc0453660	0x0	hid_hyperv
mousevsc_hid_start	0xffffffffc0453670	0x0	hid_hyperv
__pfx_mousevsc_hid_stop	0xffffffffc0453690	0x0	hid_hyperv
mousevsc_hid_stop	0xffffffffc04536a0	0x0	hid_hyperv
__pfx_mousevsc_probe	0xffffffffc04536b0	0x0	hid_hyperv
mousevsc_probe	0xffffffffc04536c0	0x0	hid_hyperv
__pfx_mousevsc_remove	0xffffffffc04538c0	0x0	hid_hyperv
mousevsc_remove	0xffffffffc04538d0	0x0	hid_hyperv
__pfx_mousevsc_exit	0xffffffffc0453960	0x0	hid_hyperv
__pfx_cleanup_module	0xffffffffc0453960	0x0	hid_hyperv
mousevsc_exit	0xffffffffc0453970	0x0	hid_hyperv
cleanup_module	0xffffffffc0453970	0x0	hid_hyperv
mousevsc_on_receive.cold	0xffffffffc0453992	0x0	hid_hyperv
__pfx_tcp_mt_check	0xffffffffc0454000	0x0	xt_tcpudp
tcp_mt_check	0xffffffffc0454010	0x0	xt_tcpudp
__pfx_udp_mt_check	0xffffffffc0454030	0x0	xt_tcpudp
udp_mt_check	0xffffffffc0454040	0x0	xt_tcpudp
__pfx_icmp_checkentry	0xffffffffc0454060	0x0	xt_tcpudp
icmp_checkentry	0xffffffffc0454070	0x0	xt_tcpudp
__pfx_icmp6_checkentry	0xffffffffc0454090	0x0	xt_tcpudp
icmp6_checkentry	0xffffffffc04540a0	0x0	xt_tcpudp
__pfx_icmp6_match	0xffffffffc04540c0	0x0	xt_tcpudp
icmp6_match	0xffffffffc04540d0	0x0	xt_tcpudp
__pfx_icmp_match	0xffffffffc04541a0	0x0	xt_tcpudp
icmp_match	0xffffffffc04541b0	0x0	xt_tcpudp
__pfx_tcp_mt	0xffffffffc0454290	0x0	xt_tcpudp
tcp_mt	0xffffffffc04542a0	0x0	xt_tcpudp
__pfx_udp_mt	0xffffffffc0454540	0x0	xt_tcpudp
udp_mt	0xffffffffc0454550	0x0	xt_tcpudp
__pfx_tcpudp_mt_exit	0xffffffffc0454660	0x0	xt_tcpudp
__pfx_cleanup_module	0xffffffffc0454660	0x0	xt_tcpudp
tcpudp_mt_exit	0xffffffffc0454670	0x0	xt_tcpudp
cleanup_module	0xffffffffc0454670	0x0	xt_tcpudp
__pfx_joydev_correct	0xffffffffc0455000	0x0	joydev
joydev_correct	0xffffffffc0455010	0x0	joydev
__pfx_joydev_fasync	0xffffffffc0455090	0x0	joydev
joydev_fasync	0xffffffffc04550a0	0x0	joydev
__pfx_joydev_free	0xffffffffc04550c0	0x0	joydev
joydev_free	0xffffffffc04550d0	0x0	joydev
__pfx_joydev_match	0xffffffffc0455110	0x0	joydev
joydev_match	0xffffffffc0455120	0x0	joydev
__pfx_joydev_poll	0xffffffffc0455220	0x0	joydev
joydev_poll	0xffffffffc0455230	0x0	joydev
__pfx_joydev_handle_JSIOCSAXMAP	0xffffffffc04552d0	0x0	joydev
joydev_handle_JSIOCSAXMAP	0xffffffffc04552e0	0x0	joydev
__pfx_joydev_handle_JSIOCSBTNMAP	0xffffffffc0455410	0x0	joydev
joydev_handle_JSIOCSBTNMAP	0xffffffffc0455420	0x0	joydev
__pfx_joydev_ioctl_common	0xffffffffc0455560	0x0	joydev
joydev_ioctl_common	0xffffffffc0455570	0x0	joydev
__pfx_joydev_compat_ioctl	0xffffffffc04559c0	0x0	joydev
joydev_compat_ioctl	0xffffffffc04559d0	0x0	joydev
__pfx_joydev_ioctl	0xffffffffc0455be0	0x0	joydev
joydev_ioctl	0xffffffffc0455bf0	0x0	joydev
__pfx_joydev_event	0xffffffffc0455d10	0x0	joydev
joydev_event	0xffffffffc0455d20	0x0	joydev
__pfx_joydev_cleanup	0xffffffffc0455fc0	0x0	joydev
joydev_cleanup	0xffffffffc0455fd0	0x0	joydev
__pfx_joydev_disconnect	0xffffffffc04560a0	0x0	joydev
joydev_disconnect	0xffffffffc04560b0	0x0	joydev
__pfx_joydev_connect	0xffffffffc0456120	0x0	joydev
joydev_connect	0xffffffffc0456130	0x0	joydev
__pfx_joydev_release	0xffffffffc0456860	0x0	joydev
joydev_release	0xffffffffc0456870	0x0	joydev
__pfx_joydev_open	0xffffffffc0456930	0x0	joydev
joydev_open	0xffffffffc0456940	0x0	joydev
__pfx_joydev_0x_read	0xffffffffc0456c20	0x0	joydev
joydev_0x_read	0xffffffffc0456c30	0x0	joydev
__pfx_joydev_read	0xffffffffc0456e30	0x0	joydev
joydev_read	0xffffffffc0456e40	0x0	joydev
__pfx_joydev_exit	0xffffffffc0457320	0x0	joydev
__pfx_cleanup_module	0xffffffffc0457320	0x0	joydev
joydev_exit	0xffffffffc0457330	0x0	joydev
cleanup_module	0xffffffffc0457330	0x0	joydev
joydev_poll.cold	0xffffffffc0457346	0x0	joydev
joydev_compat_ioctl.cold	0xffffffffc0457360	0x0	joydev
joydev_ioctl.cold	0xffffffffc045737b	0x0	joydev
joydev_release.cold	0xffffffffc0457396	0x0	joydev
joydev_open.cold	0xffffffffc04573aa	0x0	joydev
joydev_0x_read.cold	0xffffffffc04573c5	0x0	joydev
joydev_read.cold	0xffffffffc0457407	0x0	joydev
__pfx___traceiter_kvm_userspace_exit	0xffffffffc0458000	0x0	kvm
__traceiter_kvm_userspace_exit	0xffffffffc0458010	0x0	kvm
__pfx___probestub_kvm_userspace_exit	0xffffffffc0458060	0x0	kvm
__probestub_kvm_userspace_exit	0xffffffffc0458070	0x0	kvm
__pfx___traceiter_kvm_vcpu_wakeup	0xffffffffc0458080	0x0	kvm
__traceiter_kvm_vcpu_wakeup	0xffffffffc0458090	0x0	kvm
__pfx___probestub_kvm_vcpu_wakeup	0xffffffffc04580f0	0x0	kvm
__probestub_kvm_vcpu_wakeup	0xffffffffc0458100	0x0	kvm
__pfx___traceiter_kvm_set_irq	0xffffffffc0458110	0x0	kvm
__traceiter_kvm_set_irq	0xffffffffc0458120	0x0	kvm
__pfx___probestub_kvm_set_irq	0xffffffffc0458180	0x0	kvm
__probestub_kvm_set_irq	0xffffffffc0458190	0x0	kvm
__pfx___traceiter_kvm_ack_irq	0xffffffffc04581a0	0x0	kvm
__traceiter_kvm_ack_irq	0xffffffffc04581b0	0x0	kvm
__pfx___probestub_kvm_ack_irq	0xffffffffc0458200	0x0	kvm
__probestub_kvm_ack_irq	0xffffffffc0458210	0x0	kvm
__pfx___traceiter_kvm_mmio	0xffffffffc0458220	0x0	kvm
__traceiter_kvm_mmio	0xffffffffc0458230	0x0	kvm
__pfx___probestub_kvm_mmio	0xffffffffc0458290	0x0	kvm
__probestub_kvm_mmio	0xffffffffc04582a0	0x0	kvm
__pfx___traceiter_kvm_iocsr	0xffffffffc04582b0	0x0	kvm
__traceiter_kvm_iocsr	0xffffffffc04582c0	0x0	kvm
__pfx___traceiter_kvm_fpu	0xffffffffc0458320	0x0	kvm
__traceiter_kvm_fpu	0xffffffffc0458330	0x0	kvm
__pfx___probestub_kvm_fpu	0xffffffffc0458370	0x0	kvm
__probestub_kvm_fpu	0xffffffffc0458380	0x0	kvm
__pfx___traceiter_kvm_try_async_get_page	0xffffffffc0458390	0x0	kvm
__traceiter_kvm_try_async_get_page	0xffffffffc04583a0	0x0	kvm
__pfx___probestub_kvm_try_async_get_page	0xffffffffc04583f0	0x0	kvm
__probestub_kvm_try_async_get_page	0xffffffffc0458400	0x0	kvm
__pfx___traceiter_kvm_async_pf_repeated_fault	0xffffffffc0458410	0x0	kvm
__traceiter_kvm_async_pf_repeated_fault	0xffffffffc0458420	0x0	kvm
__pfx___traceiter_kvm_async_pf_not_present	0xffffffffc0458470	0x0	kvm
__traceiter_kvm_async_pf_not_present	0xffffffffc0458480	0x0	kvm
__pfx___traceiter_kvm_async_pf_ready	0xffffffffc04584d0	0x0	kvm
__traceiter_kvm_async_pf_ready	0xffffffffc04584e0	0x0	kvm
__pfx___traceiter_kvm_async_pf_completed	0xffffffffc0458530	0x0	kvm
__traceiter_kvm_async_pf_completed	0xffffffffc0458540	0x0	kvm
__pfx___traceiter_kvm_halt_poll_ns	0xffffffffc0458590	0x0	kvm
__traceiter_kvm_halt_poll_ns	0xffffffffc04585a0	0x0	kvm
__pfx___probestub_kvm_halt_poll_ns	0xffffffffc0458600	0x0	kvm
__probestub_kvm_halt_poll_ns	0xffffffffc0458610	0x0	kvm
__pfx___traceiter_kvm_dirty_ring_push	0xffffffffc0458620	0x0	kvm
__traceiter_kvm_dirty_ring_push	0xffffffffc0458630	0x0	kvm
__pfx___probestub_kvm_dirty_ring_push	0xffffffffc0458690	0x0	kvm
__probestub_kvm_dirty_ring_push	0xffffffffc04586a0	0x0	kvm
__pfx___traceiter_kvm_dirty_ring_reset	0xffffffffc04586b0	0x0	kvm
__traceiter_kvm_dirty_ring_reset	0xffffffffc04586c0	0x0	kvm
__pfx___probestub_kvm_dirty_ring_reset	0xffffffffc0458700	0x0	kvm
__probestub_kvm_dirty_ring_reset	0xffffffffc0458710	0x0	kvm
__pfx___traceiter_kvm_dirty_ring_exit	0xffffffffc0458720	0x0	kvm
__traceiter_kvm_dirty_ring_exit	0xffffffffc0458730	0x0	kvm
__pfx___traceiter_kvm_vm_set_mem_attributes	0xffffffffc0458770	0x0	kvm
__traceiter_kvm_vm_set_mem_attributes	0xffffffffc0458780	0x0	kvm
__pfx___probestub_kvm_vm_set_mem_attributes	0xffffffffc04587e0	0x0	kvm
__probestub_kvm_vm_set_mem_attributes	0xffffffffc04587f0	0x0	kvm
__pfx___traceiter_kvm_unmap_hva_range	0xffffffffc0458800	0x0	kvm
__traceiter_kvm_unmap_hva_range	0xffffffffc0458810	0x0	kvm
__pfx___traceiter_kvm_age_hva	0xffffffffc0458860	0x0	kvm
__traceiter_kvm_age_hva	0xffffffffc0458870	0x0	kvm
__pfx___traceiter_kvm_test_age_hva	0xffffffffc04588c0	0x0	kvm
__traceiter_kvm_test_age_hva	0xffffffffc04588d0	0x0	kvm
__pfx___probestub_kvm_test_age_hva	0xffffffffc0458910	0x0	kvm
__probestub_kvm_test_age_hva	0xffffffffc0458920	0x0	kvm
__pfx_ack_kick	0xffffffffc0458930	0x0	kvm
ack_kick	0xffffffffc0458940	0x0	kvm
__pfx_kvm_vcpu_mmap	0xffffffffc0458950	0x0	kvm
kvm_vcpu_mmap	0xffffffffc0458960	0x0	kvm
__pfx_vcpu_get_pid	0xffffffffc04589f0	0x0	kvm
vcpu_get_pid	0xffffffffc0458a00	0x0	kvm
__pfx_kvm_device_mmap	0xffffffffc0458a50	0x0	kvm
kvm_device_mmap	0xffffffffc0458a60	0x0	kvm
__pfx_file_is_kvm	0xffffffffc0458a90	0x0	kvm
file_is_kvm	0xffffffffc0458aa0	0x0	kvm
__pfx_kvm_io_bus_sort_cmp	0xffffffffc0458ad0	0x0	kvm
kvm_io_bus_sort_cmp	0xffffffffc0458ae0	0x0	kvm
__pfx_kvm_get_running_vcpu	0xffffffffc0458b20	0x0	kvm
kvm_get_running_vcpu	0xffffffffc0458b30	0x0	kvm
__pfx_perf_trace_kvm_userspace_exit	0xffffffffc0458b50	0x0	kvm
perf_trace_kvm_userspace_exit	0xffffffffc0458b60	0x0	kvm
__pfx_perf_trace_kvm_vcpu_wakeup	0xffffffffc0458c50	0x0	kvm
perf_trace_kvm_vcpu_wakeup	0xffffffffc0458c60	0x0	kvm
__pfx_perf_trace_kvm_set_irq	0xffffffffc0458d60	0x0	kvm
perf_trace_kvm_set_irq	0xffffffffc0458d70	0x0	kvm
__pfx_perf_trace_kvm_ack_irq	0xffffffffc0458e70	0x0	kvm
perf_trace_kvm_ack_irq	0xffffffffc0458e80	0x0	kvm
__pfx_perf_trace_kvm_fpu	0xffffffffc0458f70	0x0	kvm
perf_trace_kvm_fpu	0xffffffffc0458f80	0x0	kvm
__pfx_perf_trace_kvm_async_get_page_class	0xffffffffc0459070	0x0	kvm
perf_trace_kvm_async_get_page_class	0xffffffffc0459080	0x0	kvm
__pfx_perf_trace_kvm_async_pf_nopresent_ready	0xffffffffc0459170	0x0	kvm
perf_trace_kvm_async_pf_nopresent_ready	0xffffffffc0459180	0x0	kvm
__pfx_perf_trace_kvm_async_pf_completed	0xffffffffc0459270	0x0	kvm
perf_trace_kvm_async_pf_completed	0xffffffffc0459280	0x0	kvm
__pfx_perf_trace_kvm_halt_poll_ns	0xffffffffc0459370	0x0	kvm
perf_trace_kvm_halt_poll_ns	0xffffffffc0459380	0x0	kvm
__pfx_perf_trace_kvm_dirty_ring_push	0xffffffffc0459490	0x0	kvm
perf_trace_kvm_dirty_ring_push	0xffffffffc04594a0	0x0	kvm
__pfx_perf_trace_kvm_dirty_ring_reset	0xffffffffc04595b0	0x0	kvm
perf_trace_kvm_dirty_ring_reset	0xffffffffc04595c0	0x0	kvm
__pfx_perf_trace_kvm_dirty_ring_exit	0xffffffffc04596c0	0x0	kvm
perf_trace_kvm_dirty_ring_exit	0xffffffffc04596d0	0x0	kvm
__pfx_perf_trace_kvm_vm_set_mem_attributes	0xffffffffc04597c0	0x0	kvm
perf_trace_kvm_vm_set_mem_attributes	0xffffffffc04597d0	0x0	kvm
__pfx_perf_trace_kvm_unmap_hva_range	0xffffffffc04598d0	0x0	kvm
perf_trace_kvm_unmap_hva_range	0xffffffffc04598e0	0x0	kvm
__pfx_perf_trace_kvm_age_hva	0xffffffffc04599d0	0x0	kvm
perf_trace_kvm_age_hva	0xffffffffc04599e0	0x0	kvm
__pfx_perf_trace_kvm_test_age_hva	0xffffffffc0459ad0	0x0	kvm
perf_trace_kvm_test_age_hva	0xffffffffc0459ae0	0x0	kvm
__pfx_trace_event_raw_event_kvm_userspace_exit	0xffffffffc0459bd0	0x0	kvm
trace_event_raw_event_kvm_userspace_exit	0xffffffffc0459be0	0x0	kvm
__pfx_trace_event_raw_event_kvm_vcpu_wakeup	0xffffffffc0459c80	0x0	kvm
trace_event_raw_event_kvm_vcpu_wakeup	0xffffffffc0459c90	0x0	kvm
__pfx_trace_event_raw_event_kvm_set_irq	0xffffffffc0459d40	0x0	kvm
trace_event_raw_event_kvm_set_irq	0xffffffffc0459d50	0x0	kvm
__pfx_trace_event_raw_event_kvm_ack_irq	0xffffffffc0459e00	0x0	kvm
trace_event_raw_event_kvm_ack_irq	0xffffffffc0459e10	0x0	kvm
__pfx_trace_event_raw_event_kvm_fpu	0xffffffffc0459eb0	0x0	kvm
trace_event_raw_event_kvm_fpu	0xffffffffc0459ec0	0x0	kvm
__pfx_trace_event_raw_event_kvm_async_get_page_class	0xffffffffc0459f50	0x0	kvm
trace_event_raw_event_kvm_async_get_page_class	0xffffffffc0459f60	0x0	kvm
__pfx_trace_event_raw_event_kvm_async_pf_nopresent_ready	0xffffffffc045a000	0x0	kvm
trace_event_raw_event_kvm_async_pf_nopresent_ready	0xffffffffc045a010	0x0	kvm
__pfx_trace_event_raw_event_kvm_async_pf_completed	0xffffffffc045a0b0	0x0	kvm
trace_event_raw_event_kvm_async_pf_completed	0xffffffffc045a0c0	0x0	kvm
__pfx_trace_event_raw_event_kvm_halt_poll_ns	0xffffffffc045a160	0x0	kvm
trace_event_raw_event_kvm_halt_poll_ns	0xffffffffc045a170	0x0	kvm
__pfx_trace_event_raw_event_kvm_dirty_ring_push	0xffffffffc045a220	0x0	kvm
trace_event_raw_event_kvm_dirty_ring_push	0xffffffffc045a230	0x0	kvm
__pfx_trace_event_raw_event_kvm_dirty_ring_reset	0xffffffffc045a2f0	0x0	kvm
trace_event_raw_event_kvm_dirty_ring_reset	0xffffffffc045a300	0x0	kvm
__pfx_trace_event_raw_event_kvm_dirty_ring_exit	0xffffffffc045a3a0	0x0	kvm
trace_event_raw_event_kvm_dirty_ring_exit	0xffffffffc045a3b0	0x0	kvm
__pfx_trace_event_raw_event_kvm_vm_set_mem_attributes	0xffffffffc045a450	0x0	kvm
trace_event_raw_event_kvm_vm_set_mem_attributes	0xffffffffc045a460	0x0	kvm
__pfx_trace_event_raw_event_kvm_unmap_hva_range	0xffffffffc045a510	0x0	kvm
trace_event_raw_event_kvm_unmap_hva_range	0xffffffffc045a520	0x0	kvm
__pfx_trace_event_raw_event_kvm_age_hva	0xffffffffc045a5c0	0x0	kvm
trace_event_raw_event_kvm_age_hva	0xffffffffc045a5d0	0x0	kvm
__pfx_trace_event_raw_event_kvm_test_age_hva	0xffffffffc045a670	0x0	kvm
trace_event_raw_event_kvm_test_age_hva	0xffffffffc045a680	0x0	kvm
__pfx_trace_raw_output_kvm_userspace_exit	0xffffffffc045a710	0x0	kvm
trace_raw_output_kvm_userspace_exit	0xffffffffc045a720	0x0	kvm
__pfx_trace_raw_output_kvm_set_irq	0xffffffffc045a7b0	0x0	kvm
trace_raw_output_kvm_set_irq	0xffffffffc045a7c0	0x0	kvm
__pfx_trace_raw_output_kvm_ack_irq	0xffffffffc045a820	0x0	kvm
trace_raw_output_kvm_ack_irq	0xffffffffc045a830	0x0	kvm
__pfx_trace_raw_output_kvm_mmio	0xffffffffc045a8b0	0x0	kvm
trace_raw_output_kvm_mmio	0xffffffffc045a8c0	0x0	kvm
__pfx_trace_raw_output_kvm_iocsr	0xffffffffc045a950	0x0	kvm
trace_raw_output_kvm_iocsr	0xffffffffc045a960	0x0	kvm
__pfx_trace_raw_output_kvm_fpu	0xffffffffc045a9f0	0x0	kvm
trace_raw_output_kvm_fpu	0xffffffffc045aa00	0x0	kvm
__pfx_trace_raw_output_kvm_async_get_page_class	0xffffffffc045aa70	0x0	kvm
trace_raw_output_kvm_async_get_page_class	0xffffffffc045aa80	0x0	kvm
__pfx_trace_raw_output_kvm_async_pf_nopresent_ready	0xffffffffc045aae0	0x0	kvm
trace_raw_output_kvm_async_pf_nopresent_ready	0xffffffffc045aaf0	0x0	kvm
__pfx_trace_raw_output_kvm_async_pf_completed	0xffffffffc045ab50	0x0	kvm
trace_raw_output_kvm_async_pf_completed	0xffffffffc045ab60	0x0	kvm
__pfx_trace_raw_output_kvm_dirty_ring_push	0xffffffffc045abc0	0x0	kvm
trace_raw_output_kvm_dirty_ring_push	0xffffffffc045abd0	0x0	kvm
__pfx_trace_raw_output_kvm_dirty_ring_reset	0xffffffffc045ac50	0x0	kvm
trace_raw_output_kvm_dirty_ring_reset	0xffffffffc045ac60	0x0	kvm
__pfx_trace_raw_output_kvm_dirty_ring_exit	0xffffffffc045acc0	0x0	kvm
trace_raw_output_kvm_dirty_ring_exit	0xffffffffc045acd0	0x0	kvm
__pfx_trace_raw_output_kvm_vm_set_mem_attributes	0xffffffffc045ad20	0x0	kvm
trace_raw_output_kvm_vm_set_mem_attributes	0xffffffffc045ad30	0x0	kvm
__pfx_trace_raw_output_kvm_unmap_hva_range	0xffffffffc045ad90	0x0	kvm
trace_raw_output_kvm_unmap_hva_range	0xffffffffc045ada0	0x0	kvm
__pfx_trace_raw_output_kvm_age_hva	0xffffffffc045ae00	0x0	kvm
trace_raw_output_kvm_age_hva	0xffffffffc045ae10	0x0	kvm
__pfx_trace_raw_output_kvm_test_age_hva	0xffffffffc045ae70	0x0	kvm
trace_raw_output_kvm_test_age_hva	0xffffffffc045ae80	0x0	kvm
__pfx___bpf_trace_kvm_userspace_exit	0xffffffffc045aed0	0x0	kvm
__bpf_trace_kvm_userspace_exit	0xffffffffc045aee0	0x0	kvm
__pfx___bpf_trace_kvm_ack_irq	0xffffffffc045af00	0x0	kvm
__bpf_trace_kvm_ack_irq	0xffffffffc045af10	0x0	kvm
__pfx___bpf_trace_kvm_async_get_page_class	0xffffffffc045af30	0x0	kvm
__bpf_trace_kvm_async_get_page_class	0xffffffffc045af40	0x0	kvm
__pfx___bpf_trace_kvm_vcpu_wakeup	0xffffffffc045af50	0x0	kvm
__bpf_trace_kvm_vcpu_wakeup	0xffffffffc045af60	0x0	kvm
__pfx___bpf_trace_kvm_set_irq	0xffffffffc045af80	0x0	kvm
__bpf_trace_kvm_set_irq	0xffffffffc045af90	0x0	kvm
__pfx___bpf_trace_kvm_dirty_ring_push	0xffffffffc045afb0	0x0	kvm
__bpf_trace_kvm_dirty_ring_push	0xffffffffc045afc0	0x0	kvm
__pfx___bpf_trace_kvm_vm_set_mem_attributes	0xffffffffc045afe0	0x0	kvm
__bpf_trace_kvm_vm_set_mem_attributes	0xffffffffc045aff0	0x0	kvm
__pfx___bpf_trace_kvm_mmio	0xffffffffc045b000	0x0	kvm
__bpf_trace_kvm_mmio	0xffffffffc045b010	0x0	kvm
__pfx___bpf_trace_kvm_halt_poll_ns	0xffffffffc045b030	0x0	kvm
__bpf_trace_kvm_halt_poll_ns	0xffffffffc045b040	0x0	kvm
__pfx___bpf_trace_kvm_fpu	0xffffffffc045b060	0x0	kvm
__bpf_trace_kvm_fpu	0xffffffffc045b070	0x0	kvm
__pfx___bpf_trace_kvm_dirty_ring_reset	0xffffffffc045b090	0x0	kvm
__bpf_trace_kvm_dirty_ring_reset	0xffffffffc045b0a0	0x0	kvm
__pfx___bpf_trace_kvm_test_age_hva	0xffffffffc045b0b0	0x0	kvm
__bpf_trace_kvm_test_age_hva	0xffffffffc045b0c0	0x0	kvm
__pfx_vcpu_load	0xffffffffc045b0d0	0x0	kvm
vcpu_load	0xffffffffc045b0e0	0x0	kvm
__pfx_kvm_sched_in	0xffffffffc045b120	0x0	kvm
kvm_sched_in	0xffffffffc045b130	0x0	kvm
__pfx_vcpu_put	0xffffffffc045b170	0x0	kvm
vcpu_put	0xffffffffc045b180	0x0	kvm
__pfx_vm_stat_get	0xffffffffc045b1c0	0x0	kvm
vm_stat_get	0xffffffffc045b1d0	0x0	kvm
__pfx_vm_stat_clear	0xffffffffc045b250	0x0	kvm
vm_stat_clear	0xffffffffc045b260	0x0	kvm
__pfx_kvm_io_bus_destroy	0xffffffffc045b2e0	0x0	kvm
kvm_io_bus_destroy	0xffffffffc045b2f0	0x0	kvm
__pfx_kvm_vcpu_fault	0xffffffffc045b340	0x0	kvm
kvm_vcpu_fault	0xffffffffc045b350	0x0	kvm
__pfx_kvm_lock_all_vcpus	0xffffffffc045b4a0	0x0	kvm
kvm_lock_all_vcpus	0xffffffffc045b4b0	0x0	kvm
__pfx_kvm_vcpu_stats_read	0xffffffffc045b600	0x0	kvm
kvm_vcpu_stats_read	0xffffffffc045b610	0x0	kvm
__pfx_kvm_vm_stats_read	0xffffffffc045b660	0x0	kvm
kvm_vm_stats_read	0xffffffffc045b670	0x0	kvm
__pfx_vcpu_get_pid_fops_open	0xffffffffc045b6c0	0x0	kvm
vcpu_get_pid_fops_open	0xffffffffc045b6d0	0x0	kvm
__pfx_vcpu_stat_readonly_fops_open	0xffffffffc045b700	0x0	kvm
vcpu_stat_readonly_fops_open	0xffffffffc045b710	0x0	kvm
__pfx_vcpu_stat_fops_open	0xffffffffc045b740	0x0	kvm
vcpu_stat_fops_open	0xffffffffc045b750	0x0	kvm
__pfx_vm_stat_readonly_fops_open	0xffffffffc045b780	0x0	kvm
vm_stat_readonly_fops_open	0xffffffffc045b790	0x0	kvm
__pfx_vm_stat_fops_open	0xffffffffc045b7c0	0x0	kvm
vm_stat_fops_open	0xffffffffc045b7d0	0x0	kvm
__pfx_kvm_prepare_memory_region	0xffffffffc045b800	0x0	kvm
kvm_prepare_memory_region	0xffffffffc045b810	0x0	kvm
__pfx_kvm_pm_notifier_call	0xffffffffc045b950	0x0	kvm
kvm_pm_notifier_call	0xffffffffc045b960	0x0	kvm
__pfx_kvm_trylock_all_vcpus	0xffffffffc045b980	0x0	kvm
kvm_trylock_all_vcpus	0xffffffffc045b990	0x0	kvm
__pfx_mark_page_dirty_in_slot	0xffffffffc045bad0	0x0	kvm
mark_page_dirty_in_slot	0xffffffffc045bae0	0x0	kvm
__pfx_kvm_guest_state	0xffffffffc045bba0	0x0	kvm
kvm_guest_state	0xffffffffc045bbb0	0x0	kvm
__pfx_kvm_shutdown	0xffffffffc045bc10	0x0	kvm
kvm_shutdown	0xffffffffc045bc20	0x0	kvm
__pfx_kvm_io_bus_get_first_dev	0xffffffffc045bc60	0x0	kvm
kvm_io_bus_get_first_dev	0xffffffffc045bc70	0x0	kvm
__pfx___kvm_io_bus_write	0xffffffffc045bd40	0x0	kvm
__kvm_io_bus_write	0xffffffffc045bd50	0x0	kvm
__pfx_kvm_io_bus_write	0xffffffffc045be10	0x0	kvm
kvm_io_bus_write	0xffffffffc045be20	0x0	kvm
__pfx_kvm_io_bus_read	0xffffffffc045bed0	0x0	kvm
kvm_io_bus_read	0xffffffffc045bee0	0x0	kvm
__pfx_kvm_io_bus_get_dev	0xffffffffc045bfe0	0x0	kvm
kvm_io_bus_get_dev	0xffffffffc045bff0	0x0	kvm
__pfx_kvm_guest_get_ip	0xffffffffc045c0b0	0x0	kvm
kvm_guest_get_ip	0xffffffffc045c0c0	0x0	kvm
__pfx_kvm_are_all_memslots_empty	0xffffffffc045c110	0x0	kvm
kvm_are_all_memslots_empty	0xffffffffc045c120	0x0	kvm
__pfx_trace_raw_output_kvm_vcpu_wakeup	0xffffffffc045c1c0	0x0	kvm
trace_raw_output_kvm_vcpu_wakeup	0xffffffffc045c1d0	0x0	kvm
__pfx_trace_raw_output_kvm_halt_poll_ns	0xffffffffc045c270	0x0	kvm
trace_raw_output_kvm_halt_poll_ns	0xffffffffc045c280	0x0	kvm
__pfx_do_perf_trace_kvm_mmio	0xffffffffc045c310	0x0	kvm
do_perf_trace_kvm_mmio	0xffffffffc045c320	0x0	kvm
__pfx_perf_trace_kvm_mmio	0xffffffffc045c460	0x0	kvm
perf_trace_kvm_mmio	0xffffffffc045c470	0x0	kvm
__pfx_do_trace_event_raw_event_kvm_mmio	0xffffffffc045c480	0x0	kvm
do_trace_event_raw_event_kvm_mmio	0xffffffffc045c490	0x0	kvm
__pfx_trace_event_raw_event_kvm_mmio	0xffffffffc045c570	0x0	kvm
trace_event_raw_event_kvm_mmio	0xffffffffc045c580	0x0	kvm
__pfx_do_perf_trace_kvm_iocsr	0xffffffffc045c590	0x0	kvm
do_perf_trace_kvm_iocsr	0xffffffffc045c5a0	0x0	kvm
__pfx_perf_trace_kvm_iocsr	0xffffffffc045c6e0	0x0	kvm
perf_trace_kvm_iocsr	0xffffffffc045c6f0	0x0	kvm
__pfx_do_trace_event_raw_event_kvm_iocsr	0xffffffffc045c700	0x0	kvm
do_trace_event_raw_event_kvm_iocsr	0xffffffffc045c710	0x0	kvm
__pfx_trace_event_raw_event_kvm_iocsr	0xffffffffc045c7f0	0x0	kvm
trace_event_raw_event_kvm_iocsr	0xffffffffc045c800	0x0	kvm
__pfx_kvm_sched_out	0xffffffffc045c810	0x0	kvm
kvm_sched_out	0xffffffffc045c820	0x0	kvm
__pfx_kvm_vm_ioctl_check_extension_generic	0xffffffffc045c8a0	0x0	kvm
kvm_vm_ioctl_check_extension_generic	0xffffffffc045c8b0	0x0	kvm
__pfx_hva_to_pfn_remapped	0xffffffffc045ca50	0x0	kvm
hva_to_pfn_remapped	0xffffffffc045ca60	0x0	kvm
__pfx_kvm_disable_virtualization_cpu	0xffffffffc045cbe0	0x0	kvm
kvm_disable_virtualization_cpu	0xffffffffc045cbf0	0x0	kvm
__pfx___gfn_to_hva_many	0xffffffffc045cc30	0x0	kvm
__gfn_to_hva_many	0xffffffffc045cc40	0x0	kvm
__pfx_kvm_set_page_dirty.part.0	0xffffffffc045ccc0	0x0	kvm
kvm_set_page_dirty.part.0	0xffffffffc045ccd0	0x0	kvm
__pfx_kvm_clear_stat_per_vcpu.part.0	0xffffffffc045cd20	0x0	kvm
kvm_clear_stat_per_vcpu.part.0	0xffffffffc045cd30	0x0	kvm
__pfx_kvm_stat_data_clear	0xffffffffc045cde0	0x0	kvm
kvm_stat_data_clear	0xffffffffc045cdf0	0x0	kvm
__pfx_vcpu_stat_clear	0xffffffffc045ce70	0x0	kvm
vcpu_stat_clear	0xffffffffc045ce80	0x0	kvm
__pfx_kvm_unlock_all_vcpus	0xffffffffc045cf10	0x0	kvm
kvm_unlock_all_vcpus	0xffffffffc045cf20	0x0	kvm
__pfx_kvm_vcpu_wake_up	0xffffffffc045cfd0	0x0	kvm
kvm_vcpu_wake_up	0xffffffffc045cfe0	0x0	kvm
__pfx_kvm_destroy_vm_debugfs	0xffffffffc045d020	0x0	kvm
kvm_destroy_vm_debugfs	0xffffffffc045d030	0x0	kvm
__pfx_kvm_resume	0xffffffffc045d0b0	0x0	kvm
kvm_resume	0xffffffffc045d0c0	0x0	kvm
__pfx_kvm_get_stat_per_vcpu.part.0.constprop.0	0xffffffffc045d130	0x0	kvm
kvm_get_stat_per_vcpu.part.0.constprop.0	0xffffffffc045d140	0x0	kvm
__pfx_vcpu_stat_get	0xffffffffc045d1f0	0x0	kvm
vcpu_stat_get	0xffffffffc045d200	0x0	kvm
__pfx_kvm_stat_data_get	0xffffffffc045d2d0	0x0	kvm
kvm_stat_data_get	0xffffffffc045d2e0	0x0	kvm
__pfx___probestub_kvm_age_hva	0xffffffffc045d360	0x0	kvm
__probestub_kvm_age_hva	0xffffffffc045d370	0x0	kvm
__pfx___probestub_kvm_iocsr	0xffffffffc045d380	0x0	kvm
__probestub_kvm_iocsr	0xffffffffc045d390	0x0	kvm
__pfx_kvm_replace_memslot	0xffffffffc045d3a0	0x0	kvm
kvm_replace_memslot	0xffffffffc045d3b0	0x0	kvm
__pfx___probestub_kvm_async_pf_repeated_fault	0xffffffffc045dae0	0x0	kvm
__probestub_kvm_async_pf_repeated_fault	0xffffffffc045daf0	0x0	kvm
__pfx___probestub_kvm_async_pf_not_present	0xffffffffc045db00	0x0	kvm
__probestub_kvm_async_pf_not_present	0xffffffffc045db10	0x0	kvm
__pfx___probestub_kvm_async_pf_ready	0xffffffffc045db20	0x0	kvm
__probestub_kvm_async_pf_ready	0xffffffffc045db30	0x0	kvm
__pfx___probestub_kvm_async_pf_completed	0xffffffffc045db40	0x0	kvm
__probestub_kvm_async_pf_completed	0xffffffffc045db50	0x0	kvm
__pfx___probestub_kvm_unmap_hva_range	0xffffffffc045db60	0x0	kvm
__probestub_kvm_unmap_hva_range	0xffffffffc045db70	0x0	kvm
__pfx___probestub_kvm_dirty_ring_exit	0xffffffffc045db80	0x0	kvm
__probestub_kvm_dirty_ring_exit	0xffffffffc045db90	0x0	kvm
__pfx___bpf_trace_kvm_async_pf_nopresent_ready	0xffffffffc045dba0	0x0	kvm
__bpf_trace_kvm_async_pf_nopresent_ready	0xffffffffc045dbb0	0x0	kvm
__pfx___bpf_trace_kvm_async_pf_completed	0xffffffffc045dbc0	0x0	kvm
__bpf_trace_kvm_async_pf_completed	0xffffffffc045dbd0	0x0	kvm
__pfx___bpf_trace_kvm_dirty_ring_exit	0xffffffffc045dbe0	0x0	kvm
__bpf_trace_kvm_dirty_ring_exit	0xffffffffc045dbf0	0x0	kvm
__pfx___bpf_trace_kvm_unmap_hva_range	0xffffffffc045dc00	0x0	kvm
__bpf_trace_kvm_unmap_hva_range	0xffffffffc045dc10	0x0	kvm
__pfx___bpf_trace_kvm_age_hva	0xffffffffc045dc20	0x0	kvm
__bpf_trace_kvm_age_hva	0xffffffffc045dc30	0x0	kvm
__pfx___bpf_trace_kvm_iocsr	0xffffffffc045dc40	0x0	kvm
__bpf_trace_kvm_iocsr	0xffffffffc045dc50	0x0	kvm
__pfx_kvm_vcpu_check_block	0xffffffffc045dc70	0x0	kvm
kvm_vcpu_check_block	0xffffffffc045dc80	0x0	kvm
__pfx_kvm_mmu_notifier_test_young	0xffffffffc045dd30	0x0	kvm
kvm_mmu_notifier_test_young	0xffffffffc045dd40	0x0	kvm
__pfx_kvm_mmu_notifier_clear_young	0xffffffffc045e010	0x0	kvm
kvm_mmu_notifier_clear_young	0xffffffffc045e020	0x0	kvm
__pfx_kvm_free_memslots.part.0	0xffffffffc045e300	0x0	kvm
kvm_free_memslots.part.0	0xffffffffc045e310	0x0	kvm
__pfx___kvm_gfn_to_hva_cache_init	0xffffffffc045e3d0	0x0	kvm
__kvm_gfn_to_hva_cache_init	0xffffffffc045e3e0	0x0	kvm
__pfx_kvm_gfn_to_hva_cache_init	0xffffffffc045e570	0x0	kvm
kvm_gfn_to_hva_cache_init	0xffffffffc045e580	0x0	kvm
__pfx_gfn_to_memslot	0xffffffffc045e5b0	0x0	kvm
gfn_to_memslot	0xffffffffc045e5c0	0x0	kvm
__pfx_kvm_is_visible_gfn	0xffffffffc045e660	0x0	kvm
kvm_is_visible_gfn	0xffffffffc045e670	0x0	kvm
__pfx_mark_page_dirty	0xffffffffc045e6b0	0x0	kvm
mark_page_dirty	0xffffffffc045e6c0	0x0	kvm
__pfx_hva_to_pfn_slow	0xffffffffc045e6f0	0x0	kvm
hva_to_pfn_slow	0xffffffffc045e700	0x0	kvm
__pfx_kvm_get_kvm_safe	0xffffffffc045e8d0	0x0	kvm
kvm_get_kvm_safe	0xffffffffc045e8e0	0x0	kvm
__pfx_kvm_mmu_notifier_clear_flush_young	0xffffffffc045e940	0x0	kvm
kvm_mmu_notifier_clear_flush_young	0xffffffffc045e950	0x0	kvm
__pfx_kvm_put_kvm_no_destroy	0xffffffffc045ec30	0x0	kvm
kvm_put_kvm_no_destroy	0xffffffffc045ec40	0x0	kvm
__pfx_kvm_online_cpu	0xffffffffc045ec90	0x0	kvm
kvm_online_cpu	0xffffffffc045eca0	0x0	kvm
__pfx_kvm_get_kvm	0xffffffffc045ed00	0x0	kvm
kvm_get_kvm	0xffffffffc045ed10	0x0	kvm
__pfx_kvm_destroy_vcpus	0xffffffffc045ed70	0x0	kvm
kvm_destroy_vcpus	0xffffffffc045ed80	0x0	kvm
__pfx_kvm_offline_cpu	0xffffffffc045eed0	0x0	kvm
kvm_offline_cpu	0xffffffffc045eee0	0x0	kvm
__pfx_kvm_suspend	0xffffffffc045ef20	0x0	kvm
kvm_suspend	0xffffffffc045ef30	0x0	kvm
__pfx_kvm_vcpu_pre_fault_memory	0xffffffffc045ef70	0x0	kvm
kvm_vcpu_pre_fault_memory	0xffffffffc045ef80	0x0	kvm
__pfx___kvm_vcpu_kick	0xffffffffc045f0f0	0x0	kvm
__kvm_vcpu_kick	0xffffffffc045f100	0x0	kvm
__pfx_kvm_vcpu_yield_to	0xffffffffc045f1f0	0x0	kvm
kvm_vcpu_yield_to	0xffffffffc045f200	0x0	kvm
__pfx_kvm_uevent_notify_change.part.0	0xffffffffc045f2c0	0x0	kvm
kvm_uevent_notify_change.part.0	0xffffffffc045f2d0	0x0	kvm
__pfx_kvm_make_vcpu_request	0xffffffffc045f4d0	0x0	kvm
kvm_make_vcpu_request	0xffffffffc045f4e0	0x0	kvm
__pfx_kvm_make_all_cpus_request	0xffffffffc045f590	0x0	kvm
kvm_make_all_cpus_request	0xffffffffc045f5a0	0x0	kvm
__pfx_kvm_flush_remote_tlbs	0xffffffffc045f6f0	0x0	kvm
kvm_flush_remote_tlbs	0xffffffffc045f700	0x0	kvm
__pfx_kvm_ioctl_create_device	0xffffffffc045f760	0x0	kvm
kvm_ioctl_create_device	0xffffffffc045f770	0x0	kvm
__pfx_kvm_device_ioctl	0xffffffffc045f990	0x0	kvm
kvm_device_ioctl	0xffffffffc045f9a0	0x0	kvm
__pfx_kvm_release_page_clean	0xffffffffc045fad0	0x0	kvm
kvm_release_page_clean	0xffffffffc045fae0	0x0	kvm
__pfx_kvm_release_page_dirty	0xffffffffc045fb70	0x0	kvm
kvm_release_page_dirty	0xffffffffc045fb80	0x0	kvm
__pfx_gfn_to_hva_memslot	0xffffffffc045fc20	0x0	kvm
gfn_to_hva_memslot	0xffffffffc045fc30	0x0	kvm
__pfx_gfn_to_hva	0xffffffffc045fca0	0x0	kvm
gfn_to_hva	0xffffffffc045fcb0	0x0	kvm
__pfx_kvm_prefetch_pages	0xffffffffc045fd30	0x0	kvm
kvm_prefetch_pages	0xffffffffc045fd40	0x0	kvm
__pfx_kvm_clear_dirty_log_protect	0xffffffffc045fdf0	0x0	kvm
kvm_clear_dirty_log_protect	0xffffffffc045fe00	0x0	kvm
__pfx___kvm_read_guest_page	0xffffffffc0460110	0x0	kvm
__kvm_read_guest_page	0xffffffffc0460120	0x0	kvm
__pfx_kvm_read_guest_page	0xffffffffc04601e0	0x0	kvm
kvm_read_guest_page	0xffffffffc04601f0	0x0	kvm
__pfx_kvm_read_guest	0xffffffffc0460240	0x0	kvm
kvm_read_guest	0xffffffffc0460250	0x0	kvm
__pfx_kvm_read_guest_offset_cached	0xffffffffc04602f0	0x0	kvm
kvm_read_guest_offset_cached	0xffffffffc0460300	0x0	kvm
__pfx_kvm_read_guest_cached	0xffffffffc04603f0	0x0	kvm
kvm_read_guest_cached	0xffffffffc0460400	0x0	kvm
__pfx___kvm_write_guest_page	0xffffffffc0460420	0x0	kvm
__kvm_write_guest_page	0xffffffffc0460430	0x0	kvm
__pfx_kvm_write_guest_page	0xffffffffc0460530	0x0	kvm
kvm_write_guest_page	0xffffffffc0460540	0x0	kvm
__pfx_kvm_write_guest	0xffffffffc0460590	0x0	kvm
kvm_write_guest	0xffffffffc04605a0	0x0	kvm
__pfx_kvm_write_guest_offset_cached	0xffffffffc0460650	0x0	kvm
kvm_write_guest_offset_cached	0xffffffffc0460660	0x0	kvm
__pfx_kvm_write_guest_cached	0xffffffffc0460770	0x0	kvm
kvm_write_guest_cached	0xffffffffc0460780	0x0	kvm
__pfx_kvm_clear_guest	0xffffffffc04607a0	0x0	kvm
kvm_clear_guest	0xffffffffc04607b0	0x0	kvm
__pfx_kvm_get_dirty_log_protect	0xffffffffc0460890	0x0	kvm
kvm_get_dirty_log_protect	0xffffffffc04608a0	0x0	kvm
__pfx_kvm_vcpu_ioctl	0xffffffffc0460b60	0x0	kvm
kvm_vcpu_ioctl	0xffffffffc0460b70	0x0	kvm
__pfx_kvm_vcpu_compat_ioctl	0xffffffffc0461450	0x0	kvm
kvm_vcpu_compat_ioctl	0xffffffffc0461460	0x0	kvm
__pfx_kvm_vm_ioctl_create_vcpu	0xffffffffc0461590	0x0	kvm
kvm_vm_ioctl_create_vcpu	0xffffffffc04615a0	0x0	kvm
__pfx_kvm_swap_active_memslots	0xffffffffc0461ac0	0x0	kvm
kvm_swap_active_memslots	0xffffffffc0461ad0	0x0	kvm
__pfx_kvm_activate_memslot	0xffffffffc0461d20	0x0	kvm
kvm_activate_memslot	0xffffffffc0461d30	0x0	kvm
__pfx_kvm_set_memslot	0xffffffffc0461dc0	0x0	kvm
kvm_set_memslot	0xffffffffc0461dd0	0x0	kvm
__pfx_kvm_set_memory_region.part.0	0xffffffffc0462310	0x0	kvm
kvm_set_memory_region.part.0	0xffffffffc0462320	0x0	kvm
__pfx_kvm_set_internal_memslot	0xffffffffc04628e0	0x0	kvm
kvm_set_internal_memslot	0xffffffffc04628f0	0x0	kvm
__pfx_kvm_mmu_notifier_invalidate_range_start	0xffffffffc0462990	0x0	kvm
kvm_mmu_notifier_invalidate_range_start	0xffffffffc04629a0	0x0	kvm
__pfx_kvm_mmu_notifier_release	0xffffffffc0462df0	0x0	kvm
kvm_mmu_notifier_release	0xffffffffc0462e00	0x0	kvm
__pfx_kvm_make_vcpus_request_mask	0xffffffffc0462e60	0x0	kvm
kvm_make_vcpus_request_mask	0xffffffffc0462e70	0x0	kvm
__pfx_kvm_flush_remote_tlbs_range	0xffffffffc0462f70	0x0	kvm
kvm_flush_remote_tlbs_range	0xffffffffc0462f80	0x0	kvm
__pfx_kvm_flush_remote_tlbs_memslot	0xffffffffc0462fc0	0x0	kvm
kvm_flush_remote_tlbs_memslot	0xffffffffc0462fd0	0x0	kvm
__pfx___kvm_mmu_topup_memory_cache	0xffffffffc0463010	0x0	kvm
__kvm_mmu_topup_memory_cache	0xffffffffc0463020	0x0	kvm
__pfx_kvm_mmu_topup_memory_cache	0xffffffffc0463170	0x0	kvm
kvm_mmu_topup_memory_cache	0xffffffffc0463180	0x0	kvm
__pfx_kvm_mmu_memory_cache_nr_free_objects	0xffffffffc04631a0	0x0	kvm
kvm_mmu_memory_cache_nr_free_objects	0xffffffffc04631b0	0x0	kvm
__pfx_kvm_mmu_free_memory_cache	0xffffffffc04631d0	0x0	kvm
kvm_mmu_free_memory_cache	0xffffffffc04631e0	0x0	kvm
__pfx_kvm_mmu_memory_cache_alloc	0xffffffffc0463260	0x0	kvm
kvm_mmu_memory_cache_alloc	0xffffffffc0463270	0x0	kvm
__pfx_kvm_mmu_invalidate_begin	0xffffffffc04632f0	0x0	kvm
kvm_mmu_invalidate_begin	0xffffffffc0463300	0x0	kvm
__pfx_kvm_mmu_invalidate_range_add	0xffffffffc0463340	0x0	kvm
kvm_mmu_invalidate_range_add	0xffffffffc0463350	0x0	kvm
__pfx_kvm_mmu_unmap_gfn_range	0xffffffffc04633c0	0x0	kvm
kvm_mmu_unmap_gfn_range	0xffffffffc04633d0	0x0	kvm
__pfx_kvm_mmu_invalidate_end	0xffffffffc0463440	0x0	kvm
kvm_mmu_invalidate_end	0xffffffffc0463450	0x0	kvm
__pfx_kvm_mmu_notifier_invalidate_range_end	0xffffffffc04634d0	0x0	kvm
kvm_mmu_notifier_invalidate_range_end	0xffffffffc04634e0	0x0	kvm
__pfx_kvm_create_vm_debugfs	0xffffffffc0463690	0x0	kvm
kvm_create_vm_debugfs	0xffffffffc04636a0	0x0	kvm
__pfx_kvm_range_has_memory_attributes	0xffffffffc0463990	0x0	kvm
kvm_range_has_memory_attributes	0xffffffffc04639a0	0x0	kvm
__pfx_kvm_vm_set_mem_attributes	0xffffffffc0463b70	0x0	kvm
kvm_vm_set_mem_attributes	0xffffffffc0463b80	0x0	kvm
__pfx_kvm_vcpu_gfn_to_memslot	0xffffffffc0464320	0x0	kvm
kvm_vcpu_gfn_to_memslot	0xffffffffc0464330	0x0	kvm
__pfx_kvm_vcpu_is_visible_gfn	0xffffffffc0464410	0x0	kvm
kvm_vcpu_is_visible_gfn	0xffffffffc0464420	0x0	kvm
__pfx_kvm_vcpu_gfn_to_hva	0xffffffffc0464460	0x0	kvm
kvm_vcpu_gfn_to_hva	0xffffffffc0464470	0x0	kvm
__pfx_kvm_vcpu_write_guest_page	0xffffffffc04644f0	0x0	kvm
kvm_vcpu_write_guest_page	0xffffffffc0464500	0x0	kvm
__pfx_kvm_vcpu_mark_page_dirty	0xffffffffc0464550	0x0	kvm
kvm_vcpu_mark_page_dirty	0xffffffffc0464560	0x0	kvm
__pfx_kvm_vcpu_read_guest_page	0xffffffffc0464590	0x0	kvm
kvm_vcpu_read_guest_page	0xffffffffc04645a0	0x0	kvm
__pfx_kvm_vcpu_read_guest_atomic	0xffffffffc04645f0	0x0	kvm
kvm_vcpu_read_guest_atomic	0xffffffffc0464600	0x0	kvm
__pfx_kvm_vcpu_read_guest	0xffffffffc04646f0	0x0	kvm
kvm_vcpu_read_guest	0xffffffffc0464700	0x0	kvm
__pfx_kvm_vcpu_write_guest	0xffffffffc04647a0	0x0	kvm
kvm_vcpu_write_guest	0xffffffffc04647b0	0x0	kvm
__pfx_kvm_vcpu_unmap	0xffffffffc0464860	0x0	kvm
kvm_vcpu_unmap	0xffffffffc0464870	0x0	kvm
__pfx_kvm_host_page_size	0xffffffffc0464940	0x0	kvm
kvm_host_page_size	0xffffffffc0464950	0x0	kvm
__pfx_gfn_to_hva_memslot_prot	0xffffffffc0464a40	0x0	kvm
gfn_to_hva_memslot_prot	0xffffffffc0464a50	0x0	kvm
__pfx_gfn_to_hva_prot	0xffffffffc0464ac0	0x0	kvm
gfn_to_hva_prot	0xffffffffc0464ad0	0x0	kvm
__pfx_kvm_vcpu_gfn_to_hva_prot	0xffffffffc0464b60	0x0	kvm
kvm_vcpu_gfn_to_hva_prot	0xffffffffc0464b70	0x0	kvm
__pfx_hva_to_pfn	0xffffffffc0464c00	0x0	kvm
hva_to_pfn	0xffffffffc0464c10	0x0	kvm
__pfx_kvm_follow_pfn	0xffffffffc0464e70	0x0	kvm
kvm_follow_pfn	0xffffffffc0464e80	0x0	kvm
__pfx___kvm_faultin_pfn	0xffffffffc0464f50	0x0	kvm
__kvm_faultin_pfn	0xffffffffc0464f60	0x0	kvm
__pfx___gfn_to_page	0xffffffffc0464ff0	0x0	kvm
__gfn_to_page	0xffffffffc0465000	0x0	kvm
__pfx___kvm_vcpu_map	0xffffffffc0465090	0x0	kvm
__kvm_vcpu_map	0xffffffffc04650a0	0x0	kvm
__pfx_kvm_sigset_activate	0xffffffffc0465260	0x0	kvm
kvm_sigset_activate	0xffffffffc0465270	0x0	kvm
__pfx_kvm_sigset_deactivate	0xffffffffc04652b0	0x0	kvm
kvm_sigset_deactivate	0xffffffffc04652c0	0x0	kvm
__pfx_kvm_vcpu_block	0xffffffffc0465310	0x0	kvm
kvm_vcpu_block	0xffffffffc0465320	0x0	kvm
__pfx_kvm_vcpu_halt	0xffffffffc04653c0	0x0	kvm
kvm_vcpu_halt	0xffffffffc04653d0	0x0	kvm
__pfx_kvm_vcpu_on_spin	0xffffffffc0465830	0x0	kvm
kvm_vcpu_on_spin	0xffffffffc0465840	0x0	kvm
__pfx_kvm_device_from_filp	0xffffffffc0465a90	0x0	kvm
kvm_device_from_filp	0xffffffffc0465aa0	0x0	kvm
__pfx_kvm_register_device_ops	0xffffffffc0465ac0	0x0	kvm
kvm_register_device_ops	0xffffffffc0465ad0	0x0	kvm
__pfx_kvm_unregister_device_ops	0xffffffffc0465b40	0x0	kvm
kvm_unregister_device_ops	0xffffffffc0465b50	0x0	kvm
__pfx_kvm_vm_ioctl	0xffffffffc0465be0	0x0	kvm
kvm_vm_ioctl	0xffffffffc0465bf0	0x0	kvm
__pfx_kvm_vm_compat_ioctl	0xffffffffc0466800	0x0	kvm
kvm_vm_compat_ioctl	0xffffffffc0466810	0x0	kvm
__pfx_kvm_enable_virtualization	0xffffffffc0466a30	0x0	kvm
kvm_enable_virtualization	0xffffffffc0466a40	0x0	kvm
__pfx_kvm_disable_virtualization	0xffffffffc0466b20	0x0	kvm
kvm_disable_virtualization	0xffffffffc0466b30	0x0	kvm
__pfx_kvm_destroy_vm	0xffffffffc0466ba0	0x0	kvm
kvm_destroy_vm	0xffffffffc0466bb0	0x0	kvm
__pfx_kvm_put_kvm	0xffffffffc0466f10	0x0	kvm
kvm_put_kvm	0xffffffffc0466f20	0x0	kvm
__pfx_kvm_vm_release	0xffffffffc0466f70	0x0	kvm
kvm_vm_release	0xffffffffc0466f80	0x0	kvm
__pfx_kvm_device_release	0xffffffffc0466fb0	0x0	kvm
kvm_device_release	0xffffffffc0466fc0	0x0	kvm
__pfx_kvm_debugfs_release	0xffffffffc0467040	0x0	kvm
kvm_debugfs_release	0xffffffffc0467050	0x0	kvm
__pfx_kvm_stat_data_open	0xffffffffc0467080	0x0	kvm
kvm_stat_data_open	0xffffffffc0467090	0x0	kvm
__pfx_kvm_vm_stats_release	0xffffffffc0467160	0x0	kvm
kvm_vm_stats_release	0xffffffffc0467170	0x0	kvm
__pfx_kvm_vcpu_stats_release	0xffffffffc04671d0	0x0	kvm
kvm_vcpu_stats_release	0xffffffffc04671e0	0x0	kvm
__pfx_kvm_vcpu_release	0xffffffffc0467240	0x0	kvm
kvm_vcpu_release	0xffffffffc0467250	0x0	kvm
__pfx_kvm_create_vm	0xffffffffc04672b0	0x0	kvm
kvm_create_vm	0xffffffffc04672c0	0x0	kvm
__pfx_kvm_dev_ioctl	0xffffffffc0467930	0x0	kvm
kvm_dev_ioctl	0xffffffffc0467940	0x0	kvm
__pfx_kvm_init.part.0	0xffffffffc0467ad0	0x0	kvm
kvm_init.part.0	0xffffffffc0467ae0	0x0	kvm
__pfx_kvm_init	0xffffffffc0467df0	0x0	kvm
kvm_init	0xffffffffc0467e00	0x0	kvm
__pfx_kvm_exit	0xffffffffc0467ea0	0x0	kvm
kvm_exit	0xffffffffc0467eb0	0x0	kvm
__pfx_kvm_io_bus_write_cookie	0xffffffffc0467f80	0x0	kvm
kvm_io_bus_write_cookie	0xffffffffc0467f90	0x0	kvm
__pfx_kvm_io_bus_register_dev	0xffffffffc04680e0	0x0	kvm
kvm_io_bus_register_dev	0xffffffffc04680f0	0x0	kvm
__pfx_kvm_io_bus_unregister_dev	0xffffffffc0468330	0x0	kvm
kvm_io_bus_unregister_dev	0xffffffffc0468340	0x0	kvm
__pfx_kvm_get_running_vcpus	0xffffffffc0468590	0x0	kvm
kvm_get_running_vcpus	0xffffffffc04685a0	0x0	kvm
__pfx_kvm_register_perf_callbacks	0xffffffffc04685c0	0x0	kvm
kvm_register_perf_callbacks	0xffffffffc04685d0	0x0	kvm
__pfx_kvm_unregister_perf_callbacks	0xffffffffc0468600	0x0	kvm
kvm_unregister_perf_callbacks	0xffffffffc0468610	0x0	kvm
__pfx_kvm_arch_irq_bypass_stop	0xffffffffc0468630	0x0	kvm
kvm_arch_irq_bypass_stop	0xffffffffc0468640	0x0	kvm
__pfx_kvm_irq_has_notifier	0xffffffffc0468650	0x0	kvm
kvm_irq_has_notifier	0xffffffffc0468660	0x0	kvm
__pfx_ioeventfd_destructor	0xffffffffc0468710	0x0	kvm
ioeventfd_destructor	0xffffffffc0468720	0x0	kvm
__pfx_irqfd_update	0xffffffffc0468770	0x0	kvm
irqfd_update	0xffffffffc0468780	0x0	kvm
__pfx_irqfd_inject	0xffffffffc0468850	0x0	kvm
irqfd_inject	0xffffffffc0468860	0x0	kvm
__pfx_ioeventfd_write	0xffffffffc04688d0	0x0	kvm
ioeventfd_write	0xffffffffc04688e0	0x0	kvm
__pfx_kvm_deassign_ioeventfd_idx	0xffffffffc0468990	0x0	kvm
kvm_deassign_ioeventfd_idx	0xffffffffc04689a0	0x0	kvm
__pfx_kvm_arch_irq_bypass_start	0xffffffffc0468ad0	0x0	kvm
kvm_arch_irq_bypass_start	0xffffffffc0468ae0	0x0	kvm
__pfx_kvm_assign_ioeventfd_idx	0xffffffffc0468af0	0x0	kvm
kvm_assign_ioeventfd_idx	0xffffffffc0468b00	0x0	kvm
__pfx_irqfd_resampler_ack	0xffffffffc0468cf0	0x0	kvm
irqfd_resampler_ack	0xffffffffc0468d00	0x0	kvm
__pfx_irqfd_resampler_shutdown	0xffffffffc0468da0	0x0	kvm
irqfd_resampler_shutdown	0xffffffffc0468db0	0x0	kvm
__pfx_irqfd_shutdown	0xffffffffc0468ec0	0x0	kvm
irqfd_shutdown	0xffffffffc0468ed0	0x0	kvm
__pfx_kvm_irqfd_register	0xffffffffc0468f90	0x0	kvm
kvm_irqfd_register	0xffffffffc0468fa0	0x0	kvm
__pfx_kvm_irqfd_assign	0xffffffffc0469080	0x0	kvm
kvm_irqfd_assign	0xffffffffc0469090	0x0	kvm
__pfx_irqfd_wakeup	0xffffffffc0469600	0x0	kvm
irqfd_wakeup	0xffffffffc0469610	0x0	kvm
__pfx_kvm_notify_acked_gsi	0xffffffffc0469820	0x0	kvm
kvm_notify_acked_gsi	0xffffffffc0469830	0x0	kvm
__pfx_kvm_notify_acked_irq	0xffffffffc0469870	0x0	kvm
kvm_notify_acked_irq	0xffffffffc0469880	0x0	kvm
__pfx_kvm_register_irq_ack_notifier	0xffffffffc0469940	0x0	kvm
kvm_register_irq_ack_notifier	0xffffffffc0469950	0x0	kvm
__pfx_kvm_unregister_irq_ack_notifier	0xffffffffc04699c0	0x0	kvm
kvm_unregister_irq_ack_notifier	0xffffffffc04699d0	0x0	kvm
__pfx_kvm_irqfd	0xffffffffc0469a40	0x0	kvm
kvm_irqfd	0xffffffffc0469a50	0x0	kvm
__pfx_kvm_irqfd_release	0xffffffffc0469ba0	0x0	kvm
kvm_irqfd_release	0xffffffffc0469bb0	0x0	kvm
__pfx_kvm_irq_routing_update	0xffffffffc0469c80	0x0	kvm
kvm_irq_routing_update	0xffffffffc0469c90	0x0	kvm
__pfx_kvm_notify_irqfd_resampler	0xffffffffc0469d90	0x0	kvm
kvm_notify_irqfd_resampler	0xffffffffc0469da0	0x0	kvm
__pfx_kvm_irqfd_init	0xffffffffc0469ea0	0x0	kvm
kvm_irqfd_init	0xffffffffc0469eb0	0x0	kvm
__pfx_kvm_irqfd_exit	0xffffffffc0469ee0	0x0	kvm
kvm_irqfd_exit	0xffffffffc0469ef0	0x0	kvm
__pfx_kvm_ioeventfd	0xffffffffc0469f10	0x0	kvm
kvm_ioeventfd	0xffffffffc0469f20	0x0	kvm
__pfx_kvm_eventfd_init	0xffffffffc046a050	0x0	kvm
kvm_eventfd_init	0xffffffffc046a060	0x0	kvm
__pfx_kvm_stats_read	0xffffffffc046a0e0	0x0	kvm
kvm_stats_read	0xffffffffc046a0f0	0x0	kvm
__pfx_kvm_vfio_has_attr	0xffffffffc046a360	0x0	kvm
kvm_vfio_has_attr	0xffffffffc046a370	0x0	kvm
__pfx_kvm_vfio_update_coherency	0xffffffffc046a3b0	0x0	kvm
kvm_vfio_update_coherency	0xffffffffc046a3c0	0x0	kvm
__pfx_kvm_vfio_create	0xffffffffc046a470	0x0	kvm
kvm_vfio_create	0xffffffffc046a480	0x0	kvm
__pfx_kvm_vfio_release	0xffffffffc046a530	0x0	kvm
kvm_vfio_release	0xffffffffc046a540	0x0	kvm
__pfx_kvm_vfio_file_add	0xffffffffc046a610	0x0	kvm
kvm_vfio_file_add	0xffffffffc046a620	0x0	kvm
__pfx_kvm_vfio_set_attr	0xffffffffc046a7c0	0x0	kvm
kvm_vfio_set_attr	0xffffffffc046a7d0	0x0	kvm
__pfx_kvm_vfio_ops_init	0xffffffffc046a940	0x0	kvm
kvm_vfio_ops_init	0xffffffffc046a950	0x0	kvm
__pfx_kvm_vfio_ops_exit	0xffffffffc046a970	0x0	kvm
kvm_vfio_ops_exit	0xffffffffc046a980	0x0	kvm
__pfx_coalesced_mmio_destructor	0xffffffffc046a9a0	0x0	kvm
coalesced_mmio_destructor	0xffffffffc046a9b0	0x0	kvm
__pfx_coalesced_mmio_write	0xffffffffc046a9f0	0x0	kvm
coalesced_mmio_write	0xffffffffc046aa00	0x0	kvm
__pfx_kvm_coalesced_mmio_init	0xffffffffc046abb0	0x0	kvm
kvm_coalesced_mmio_init	0xffffffffc046abc0	0x0	kvm
__pfx_kvm_coalesced_mmio_free	0xffffffffc046ac30	0x0	kvm
kvm_coalesced_mmio_free	0xffffffffc046ac40	0x0	kvm
__pfx_kvm_vm_ioctl_register_coalesced_mmio	0xffffffffc046ac70	0x0	kvm
kvm_vm_ioctl_register_coalesced_mmio	0xffffffffc046ac80	0x0	kvm
__pfx_kvm_vm_ioctl_unregister_coalesced_mmio	0xffffffffc046ad90	0x0	kvm
kvm_vm_ioctl_unregister_coalesced_mmio	0xffffffffc046ada0	0x0	kvm
__pfx_kvm_flush_and_free_async_pf_work	0xffffffffc046ae60	0x0	kvm
kvm_flush_and_free_async_pf_work	0xffffffffc046ae70	0x0	kvm
__pfx_async_pf_execute	0xffffffffc046aed0	0x0	kvm
async_pf_execute	0xffffffffc046aee0	0x0	kvm
__pfx_kvm_async_pf_init	0xffffffffc046b090	0x0	kvm
kvm_async_pf_init	0xffffffffc046b0a0	0x0	kvm
__pfx_kvm_async_pf_deinit	0xffffffffc046b130	0x0	kvm
kvm_async_pf_deinit	0xffffffffc046b140	0x0	kvm
__pfx_kvm_async_pf_vcpu_init	0xffffffffc046b170	0x0	kvm
kvm_async_pf_vcpu_init	0xffffffffc046b180	0x0	kvm
__pfx_kvm_clear_async_pf_completion_queue	0xffffffffc046b1d0	0x0	kvm
kvm_clear_async_pf_completion_queue	0xffffffffc046b1e0	0x0	kvm
__pfx_kvm_check_async_pf_completion	0xffffffffc046b300	0x0	kvm
kvm_check_async_pf_completion	0xffffffffc046b310	0x0	kvm
__pfx_kvm_setup_async_pf	0xffffffffc046b410	0x0	kvm
kvm_setup_async_pf	0xffffffffc046b420	0x0	kvm
__pfx_kvm_async_pf_wakeup_all	0xffffffffc046b560	0x0	kvm
kvm_async_pf_wakeup_all	0xffffffffc046b570	0x0	kvm
__pfx_free_irq_routing_table.part.0	0xffffffffc046b640	0x0	kvm
free_irq_routing_table.part.0	0xffffffffc046b650	0x0	kvm
__pfx_kvm_irq_map_gsi	0xffffffffc046b700	0x0	kvm
kvm_irq_map_gsi	0xffffffffc046b710	0x0	kvm
__pfx_kvm_irq_map_chip_pin	0xffffffffc046b7b0	0x0	kvm
kvm_irq_map_chip_pin	0xffffffffc046b7c0	0x0	kvm
__pfx_kvm_send_userspace_msi	0xffffffffc046b830	0x0	kvm
kvm_send_userspace_msi	0xffffffffc046b840	0x0	kvm
__pfx_kvm_set_irq	0xffffffffc046b8e0	0x0	kvm
kvm_set_irq	0xffffffffc046b8f0	0x0	kvm
__pfx_kvm_free_irq_routing	0xffffffffc046bad0	0x0	kvm
kvm_free_irq_routing	0xffffffffc046bae0	0x0	kvm
__pfx_kvm_set_irq_routing	0xffffffffc046bb60	0x0	kvm
kvm_set_irq_routing	0xffffffffc046bb70	0x0	kvm
__pfx_kvm_init_irq_routing	0xffffffffc046bee0	0x0	kvm
kvm_init_irq_routing	0xffffffffc046bef0	0x0	kvm
__pfx_kvm_reset_dirty_gfn	0xffffffffc046bf60	0x0	kvm
kvm_reset_dirty_gfn	0xffffffffc046bf70	0x0	kvm
__pfx_kvm_dirty_ring_get_rsvd_entries	0xffffffffc046c120	0x0	kvm
kvm_dirty_ring_get_rsvd_entries	0xffffffffc046c130	0x0	kvm
__pfx_kvm_use_dirty_bitmap	0xffffffffc046c150	0x0	kvm
kvm_use_dirty_bitmap	0xffffffffc046c160	0x0	kvm
__pfx_kvm_arch_allow_write_without_running_vcpu	0xffffffffc046c190	0x0	kvm
kvm_arch_allow_write_without_running_vcpu	0xffffffffc046c1a0	0x0	kvm
__pfx_kvm_dirty_ring_alloc	0xffffffffc046c1c0	0x0	kvm
kvm_dirty_ring_alloc	0xffffffffc046c1d0	0x0	kvm
__pfx_kvm_dirty_ring_reset	0xffffffffc046c240	0x0	kvm
kvm_dirty_ring_reset	0xffffffffc046c250	0x0	kvm
__pfx_kvm_dirty_ring_push	0xffffffffc046c420	0x0	kvm
kvm_dirty_ring_push	0xffffffffc046c430	0x0	kvm
__pfx_kvm_dirty_ring_check_request	0xffffffffc046c4f0	0x0	kvm
kvm_dirty_ring_check_request	0xffffffffc046c500	0x0	kvm
__pfx_kvm_dirty_ring_get_page	0xffffffffc046c590	0x0	kvm
kvm_dirty_ring_get_page	0xffffffffc046c5a0	0x0	kvm
__pfx_kvm_dirty_ring_free	0xffffffffc046c5d0	0x0	kvm
kvm_dirty_ring_free	0xffffffffc046c5e0	0x0	kvm
__pfx_pfn_valid	0xffffffffc046c610	0x0	kvm
pfn_valid	0xffffffffc046c620	0x0	kvm
__pfx_hva_to_pfn_retry	0xffffffffc046c6e0	0x0	kvm
hva_to_pfn_retry	0xffffffffc046c6f0	0x0	kvm
__pfx___kvm_gpc_refresh	0xffffffffc046ca00	0x0	kvm
__kvm_gpc_refresh	0xffffffffc046ca10	0x0	kvm
__pfx___kvm_gpc_activate	0xffffffffc046ccb0	0x0	kvm
__kvm_gpc_activate	0xffffffffc046ccc0	0x0	kvm
__pfx_gfn_to_pfn_cache_invalidate_start	0xffffffffc046ce10	0x0	kvm
gfn_to_pfn_cache_invalidate_start	0xffffffffc046ce20	0x0	kvm
__pfx_kvm_gpc_check	0xffffffffc046cf40	0x0	kvm
kvm_gpc_check	0xffffffffc046cf50	0x0	kvm
__pfx_kvm_gpc_refresh	0xffffffffc046d000	0x0	kvm
kvm_gpc_refresh	0xffffffffc046d010	0x0	kvm
__pfx_kvm_gpc_init	0xffffffffc046d0a0	0x0	kvm
kvm_gpc_init	0xffffffffc046d0b0	0x0	kvm
__pfx_kvm_gpc_activate	0xffffffffc046d120	0x0	kvm
kvm_gpc_activate	0xffffffffc046d130	0x0	kvm
__pfx_kvm_gpc_activate_hva	0xffffffffc046d160	0x0	kvm
kvm_gpc_activate_hva	0xffffffffc046d170	0x0	kvm
__pfx_kvm_gpc_deactivate	0xffffffffc046d1c0	0x0	kvm
kvm_gpc_deactivate	0xffffffffc046d1d0	0x0	kvm
__pfx_kvm_gmem_migrate_folio	0xffffffffc046d2e0	0x0	kvm
kvm_gmem_migrate_folio	0xffffffffc046d2f0	0x0	kvm
__pfx_kvm_gmem_setattr	0xffffffffc046d310	0x0	kvm
kvm_gmem_setattr	0xffffffffc046d320	0x0	kvm
__pfx_kvm_gmem_invalidate_begin	0xffffffffc046d340	0x0	kvm
kvm_gmem_invalidate_begin	0xffffffffc046d350	0x0	kvm
__pfx_kvm_gmem_release	0xffffffffc046d490	0x0	kvm
kvm_gmem_release	0xffffffffc046d4a0	0x0	kvm
__pfx_kvm_gmem_free_folio	0xffffffffc046d620	0x0	kvm
kvm_gmem_free_folio	0xffffffffc046d630	0x0	kvm
__pfx___kvm_gmem_create.constprop.0	0xffffffffc046d690	0x0	kvm
__kvm_gmem_create.constprop.0	0xffffffffc046d6a0	0x0	kvm
__pfx___kvm_gmem_get_pfn.part.0	0xffffffffc046d860	0x0	kvm
__kvm_gmem_get_pfn.part.0	0xffffffffc046d870	0x0	kvm
__pfx_kvm_gmem_prepare_folio	0xffffffffc046d9a0	0x0	kvm
kvm_gmem_prepare_folio	0xffffffffc046d9b0	0x0	kvm
__pfx_kvm_gmem_get_pfn	0xffffffffc046dbb0	0x0	kvm
kvm_gmem_get_pfn	0xffffffffc046dbc0	0x0	kvm
__pfx_kvm_gmem_populate	0xffffffffc046dd40	0x0	kvm
kvm_gmem_populate	0xffffffffc046dd50	0x0	kvm
__pfx_kvm_gmem_allocate	0xffffffffc046e110	0x0	kvm
kvm_gmem_allocate	0xffffffffc046e120	0x0	kvm
__pfx_kvm_gmem_error_folio	0xffffffffc046e230	0x0	kvm
kvm_gmem_error_folio	0xffffffffc046e240	0x0	kvm
__pfx_kvm_gmem_fallocate	0xffffffffc046e360	0x0	kvm
kvm_gmem_fallocate	0xffffffffc046e370	0x0	kvm
__pfx_kvm_gmem_init	0xffffffffc046e530	0x0	kvm
kvm_gmem_init	0xffffffffc046e540	0x0	kvm
__pfx_kvm_gmem_create	0xffffffffc046e560	0x0	kvm
kvm_gmem_create	0xffffffffc046e570	0x0	kvm
__pfx_kvm_gmem_bind	0xffffffffc046e5b0	0x0	kvm
kvm_gmem_bind	0xffffffffc046e5c0	0x0	kvm
__pfx_kvm_gmem_unbind	0xffffffffc046e730	0x0	kvm
kvm_gmem_unbind	0xffffffffc046e740	0x0	kvm
__pfx___traceiter_kvm_entry	0xffffffffc046e820	0x0	kvm
__traceiter_kvm_entry	0xffffffffc046e830	0x0	kvm
__pfx___probestub_kvm_entry	0xffffffffc046e880	0x0	kvm
__probestub_kvm_entry	0xffffffffc046e890	0x0	kvm
__pfx___traceiter_kvm_hypercall	0xffffffffc046e8a0	0x0	kvm
__traceiter_kvm_hypercall	0xffffffffc046e8b0	0x0	kvm
__pfx___probestub_kvm_hypercall	0xffffffffc046e920	0x0	kvm
__probestub_kvm_hypercall	0xffffffffc046e930	0x0	kvm
__pfx___traceiter_kvm_hv_hypercall	0xffffffffc046e940	0x0	kvm
__traceiter_kvm_hv_hypercall	0xffffffffc046e950	0x0	kvm
__pfx___probestub_kvm_hv_hypercall	0xffffffffc046e9e0	0x0	kvm
__probestub_kvm_hv_hypercall	0xffffffffc046e9f0	0x0	kvm
__pfx___traceiter_kvm_hv_hypercall_done	0xffffffffc046ea00	0x0	kvm
__traceiter_kvm_hv_hypercall_done	0xffffffffc046ea10	0x0	kvm
__pfx___probestub_kvm_hv_hypercall_done	0xffffffffc046ea50	0x0	kvm
__probestub_kvm_hv_hypercall_done	0xffffffffc046ea60	0x0	kvm
__pfx___traceiter_kvm_xen_hypercall	0xffffffffc046ea70	0x0	kvm
__traceiter_kvm_xen_hypercall	0xffffffffc046ea80	0x0	kvm
__pfx___probestub_kvm_xen_hypercall	0xffffffffc046eb20	0x0	kvm
__probestub_kvm_xen_hypercall	0xffffffffc046eb30	0x0	kvm
__pfx___traceiter_kvm_pio	0xffffffffc046eb40	0x0	kvm
__traceiter_kvm_pio	0xffffffffc046eb50	0x0	kvm
__pfx___probestub_kvm_pio	0xffffffffc046ebc0	0x0	kvm
__probestub_kvm_pio	0xffffffffc046ebd0	0x0	kvm
__pfx___traceiter_kvm_fast_mmio	0xffffffffc046ebe0	0x0	kvm
__traceiter_kvm_fast_mmio	0xffffffffc046ebf0	0x0	kvm
__pfx___traceiter_kvm_cpuid	0xffffffffc046ec30	0x0	kvm
__traceiter_kvm_cpuid	0xffffffffc046ec40	0x0	kvm
__pfx___probestub_kvm_cpuid	0xffffffffc046ecd0	0x0	kvm
__probestub_kvm_cpuid	0xffffffffc046ece0	0x0	kvm
__pfx___traceiter_kvm_ioapic_set_irq	0xffffffffc046ecf0	0x0	kvm
__traceiter_kvm_ioapic_set_irq	0xffffffffc046ed00	0x0	kvm
__pfx___probestub_kvm_ioapic_set_irq	0xffffffffc046ed60	0x0	kvm
__probestub_kvm_ioapic_set_irq	0xffffffffc046ed70	0x0	kvm
__pfx___traceiter_kvm_ioapic_delayed_eoi_inj	0xffffffffc046ed80	0x0	kvm
__traceiter_kvm_ioapic_delayed_eoi_inj	0xffffffffc046ed90	0x0	kvm
__pfx___traceiter_kvm_msi_set_irq	0xffffffffc046edd0	0x0	kvm
__traceiter_kvm_msi_set_irq	0xffffffffc046ede0	0x0	kvm
__pfx___probestub_kvm_msi_set_irq	0xffffffffc046ee30	0x0	kvm
__probestub_kvm_msi_set_irq	0xffffffffc046ee40	0x0	kvm
__pfx___traceiter_kvm_apic	0xffffffffc046ee50	0x0	kvm
__traceiter_kvm_apic	0xffffffffc046ee60	0x0	kvm
__pfx___probestub_kvm_apic	0xffffffffc046eec0	0x0	kvm
__probestub_kvm_apic	0xffffffffc046eed0	0x0	kvm
__pfx___traceiter_kvm_exit	0xffffffffc046eee0	0x0	kvm
__traceiter_kvm_exit	0xffffffffc046eef0	0x0	kvm
__pfx___probestub_kvm_exit	0xffffffffc046ef40	0x0	kvm
__probestub_kvm_exit	0xffffffffc046ef50	0x0	kvm
__pfx___traceiter_kvm_inj_virq	0xffffffffc046ef60	0x0	kvm
__traceiter_kvm_inj_virq	0xffffffffc046ef70	0x0	kvm
__pfx___probestub_kvm_inj_virq	0xffffffffc046efd0	0x0	kvm
__probestub_kvm_inj_virq	0xffffffffc046efe0	0x0	kvm
__pfx___traceiter_kvm_inj_exception	0xffffffffc046eff0	0x0	kvm
__traceiter_kvm_inj_exception	0xffffffffc046f000	0x0	kvm
__pfx___probestub_kvm_inj_exception	0xffffffffc046f060	0x0	kvm
__probestub_kvm_inj_exception	0xffffffffc046f070	0x0	kvm
__pfx___traceiter_kvm_page_fault	0xffffffffc046f080	0x0	kvm
__traceiter_kvm_page_fault	0xffffffffc046f090	0x0	kvm
__pfx___probestub_kvm_page_fault	0xffffffffc046f0f0	0x0	kvm
__probestub_kvm_page_fault	0xffffffffc046f100	0x0	kvm
__pfx___traceiter_kvm_msr	0xffffffffc046f110	0x0	kvm
__traceiter_kvm_msr	0xffffffffc046f120	0x0	kvm
__pfx___probestub_kvm_msr	0xffffffffc046f180	0x0	kvm
__probestub_kvm_msr	0xffffffffc046f190	0x0	kvm
__pfx___traceiter_kvm_cr	0xffffffffc046f1a0	0x0	kvm
__traceiter_kvm_cr	0xffffffffc046f1b0	0x0	kvm
__pfx___traceiter_kvm_pic_set_irq	0xffffffffc046f210	0x0	kvm
__traceiter_kvm_pic_set_irq	0xffffffffc046f220	0x0	kvm
__pfx___probestub_kvm_pic_set_irq	0xffffffffc046f2a0	0x0	kvm
__probestub_kvm_pic_set_irq	0xffffffffc046f2b0	0x0	kvm
__pfx___traceiter_kvm_apic_ipi	0xffffffffc046f2c0	0x0	kvm
__traceiter_kvm_apic_ipi	0xffffffffc046f2d0	0x0	kvm
__pfx___probestub_kvm_apic_ipi	0xffffffffc046f320	0x0	kvm
__probestub_kvm_apic_ipi	0xffffffffc046f330	0x0	kvm
__pfx___traceiter_kvm_apic_accept_irq	0xffffffffc046f340	0x0	kvm
__traceiter_kvm_apic_accept_irq	0xffffffffc046f350	0x0	kvm
__pfx___probestub_kvm_apic_accept_irq	0xffffffffc046f3b0	0x0	kvm
__probestub_kvm_apic_accept_irq	0xffffffffc046f3c0	0x0	kvm
__pfx___traceiter_kvm_eoi	0xffffffffc046f3d0	0x0	kvm
__traceiter_kvm_eoi	0xffffffffc046f3e0	0x0	kvm
__pfx___probestub_kvm_eoi	0xffffffffc046f430	0x0	kvm
__probestub_kvm_eoi	0xffffffffc046f440	0x0	kvm
__pfx___traceiter_kvm_pv_eoi	0xffffffffc046f450	0x0	kvm
__traceiter_kvm_pv_eoi	0xffffffffc046f460	0x0	kvm
__pfx___traceiter_kvm_nested_vmenter	0xffffffffc046f4b0	0x0	kvm
__traceiter_kvm_nested_vmenter	0xffffffffc046f4c0	0x0	kvm
__pfx___probestub_kvm_nested_vmenter	0xffffffffc046f560	0x0	kvm
__probestub_kvm_nested_vmenter	0xffffffffc046f570	0x0	kvm
__pfx___traceiter_kvm_nested_intercepts	0xffffffffc046f580	0x0	kvm
__traceiter_kvm_nested_intercepts	0xffffffffc046f590	0x0	kvm
__pfx___probestub_kvm_nested_intercepts	0xffffffffc046f610	0x0	kvm
__probestub_kvm_nested_intercepts	0xffffffffc046f620	0x0	kvm
__pfx___traceiter_kvm_nested_vmexit	0xffffffffc046f630	0x0	kvm
__traceiter_kvm_nested_vmexit	0xffffffffc046f640	0x0	kvm
__pfx___traceiter_kvm_nested_vmexit_inject	0xffffffffc046f690	0x0	kvm
__traceiter_kvm_nested_vmexit_inject	0xffffffffc046f6a0	0x0	kvm
__pfx___probestub_kvm_nested_vmexit_inject	0xffffffffc046f720	0x0	kvm
__probestub_kvm_nested_vmexit_inject	0xffffffffc046f730	0x0	kvm
__pfx___traceiter_kvm_nested_intr_vmexit	0xffffffffc046f740	0x0	kvm
__traceiter_kvm_nested_intr_vmexit	0xffffffffc046f750	0x0	kvm
__pfx___traceiter_kvm_invlpga	0xffffffffc046f790	0x0	kvm
__traceiter_kvm_invlpga	0xffffffffc046f7a0	0x0	kvm
__pfx___probestub_kvm_invlpga	0xffffffffc046f800	0x0	kvm
__probestub_kvm_invlpga	0xffffffffc046f810	0x0	kvm
__pfx___traceiter_kvm_skinit	0xffffffffc046f820	0x0	kvm
__traceiter_kvm_skinit	0xffffffffc046f830	0x0	kvm
__pfx___probestub_kvm_skinit	0xffffffffc046f880	0x0	kvm
__probestub_kvm_skinit	0xffffffffc046f890	0x0	kvm
__pfx___traceiter_kvm_emulate_insn	0xffffffffc046f8a0	0x0	kvm
__traceiter_kvm_emulate_insn	0xffffffffc046f8b0	0x0	kvm
__pfx___probestub_kvm_emulate_insn	0xffffffffc046f900	0x0	kvm
__probestub_kvm_emulate_insn	0xffffffffc046f910	0x0	kvm
__pfx___traceiter_vcpu_match_mmio	0xffffffffc046f920	0x0	kvm
__traceiter_vcpu_match_mmio	0xffffffffc046f930	0x0	kvm
__pfx___probestub_vcpu_match_mmio	0xffffffffc046f990	0x0	kvm
__probestub_vcpu_match_mmio	0xffffffffc046f9a0	0x0	kvm
__pfx___traceiter_kvm_write_tsc_offset	0xffffffffc046f9b0	0x0	kvm
__traceiter_kvm_write_tsc_offset	0xffffffffc046f9c0	0x0	kvm
__pfx___probestub_kvm_write_tsc_offset	0xffffffffc046fa20	0x0	kvm
__probestub_kvm_write_tsc_offset	0xffffffffc046fa30	0x0	kvm
__pfx___traceiter_kvm_update_master_clock	0xffffffffc046fa40	0x0	kvm
__traceiter_kvm_update_master_clock	0xffffffffc046fa50	0x0	kvm
__pfx___probestub_kvm_update_master_clock	0xffffffffc046fab0	0x0	kvm
__probestub_kvm_update_master_clock	0xffffffffc046fac0	0x0	kvm
__pfx___traceiter_kvm_track_tsc	0xffffffffc046fad0	0x0	kvm
__traceiter_kvm_track_tsc	0xffffffffc046fae0	0x0	kvm
__pfx___probestub_kvm_track_tsc	0xffffffffc046fb60	0x0	kvm
__probestub_kvm_track_tsc	0xffffffffc046fb70	0x0	kvm
__pfx___traceiter_kvm_pml_full	0xffffffffc046fb80	0x0	kvm
__traceiter_kvm_pml_full	0xffffffffc046fb90	0x0	kvm
__pfx___probestub_kvm_pml_full	0xffffffffc046fbd0	0x0	kvm
__probestub_kvm_pml_full	0xffffffffc046fbe0	0x0	kvm
__pfx___traceiter_kvm_ple_window_update	0xffffffffc046fbf0	0x0	kvm
__traceiter_kvm_ple_window_update	0xffffffffc046fc00	0x0	kvm
__pfx___probestub_kvm_ple_window_update	0xffffffffc046fc60	0x0	kvm
__probestub_kvm_ple_window_update	0xffffffffc046fc70	0x0	kvm
__pfx___traceiter_kvm_pvclock_update	0xffffffffc046fc80	0x0	kvm
__traceiter_kvm_pvclock_update	0xffffffffc046fc90	0x0	kvm
__pfx___probestub_kvm_pvclock_update	0xffffffffc046fce0	0x0	kvm
__probestub_kvm_pvclock_update	0xffffffffc046fcf0	0x0	kvm
__pfx___traceiter_kvm_wait_lapic_expire	0xffffffffc046fd00	0x0	kvm
__traceiter_kvm_wait_lapic_expire	0xffffffffc046fd10	0x0	kvm
__pfx___probestub_kvm_wait_lapic_expire	0xffffffffc046fd60	0x0	kvm
__probestub_kvm_wait_lapic_expire	0xffffffffc046fd70	0x0	kvm
__pfx___traceiter_kvm_smm_transition	0xffffffffc046fd80	0x0	kvm
__traceiter_kvm_smm_transition	0xffffffffc046fd90	0x0	kvm
__pfx___probestub_kvm_smm_transition	0xffffffffc046fdf0	0x0	kvm
__probestub_kvm_smm_transition	0xffffffffc046fe00	0x0	kvm
__pfx___traceiter_kvm_pi_irte_update	0xffffffffc046fe10	0x0	kvm
__traceiter_kvm_pi_irte_update	0xffffffffc046fe20	0x0	kvm
__pfx___probestub_kvm_pi_irte_update	0xffffffffc046fea0	0x0	kvm
__probestub_kvm_pi_irte_update	0xffffffffc046feb0	0x0	kvm
__pfx___traceiter_kvm_hv_notify_acked_sint	0xffffffffc046fec0	0x0	kvm
__traceiter_kvm_hv_notify_acked_sint	0xffffffffc046fed0	0x0	kvm
__pfx___probestub_kvm_hv_notify_acked_sint	0xffffffffc046ff20	0x0	kvm
__probestub_kvm_hv_notify_acked_sint	0xffffffffc046ff30	0x0	kvm
__pfx___traceiter_kvm_hv_synic_set_irq	0xffffffffc046ff40	0x0	kvm
__traceiter_kvm_hv_synic_set_irq	0xffffffffc046ff50	0x0	kvm
__pfx___probestub_kvm_hv_synic_set_irq	0xffffffffc046ffb0	0x0	kvm
__probestub_kvm_hv_synic_set_irq	0xffffffffc046ffc0	0x0	kvm
__pfx___traceiter_kvm_hv_synic_send_eoi	0xffffffffc046ffd0	0x0	kvm
__traceiter_kvm_hv_synic_send_eoi	0xffffffffc046ffe0	0x0	kvm
__pfx___probestub_kvm_hv_synic_send_eoi	0xffffffffc0470030	0x0	kvm
__probestub_kvm_hv_synic_send_eoi	0xffffffffc0470040	0x0	kvm
__pfx___traceiter_kvm_hv_synic_set_msr	0xffffffffc0470050	0x0	kvm
__traceiter_kvm_hv_synic_set_msr	0xffffffffc0470060	0x0	kvm
__pfx___probestub_kvm_hv_synic_set_msr	0xffffffffc04700c0	0x0	kvm
__probestub_kvm_hv_synic_set_msr	0xffffffffc04700d0	0x0	kvm
__pfx___traceiter_kvm_hv_stimer_set_config	0xffffffffc04700e0	0x0	kvm
__traceiter_kvm_hv_stimer_set_config	0xffffffffc04700f0	0x0	kvm
__pfx___probestub_kvm_hv_stimer_set_config	0xffffffffc0470150	0x0	kvm
__probestub_kvm_hv_stimer_set_config	0xffffffffc0470160	0x0	kvm
__pfx___traceiter_kvm_hv_stimer_set_count	0xffffffffc0470170	0x0	kvm
__traceiter_kvm_hv_stimer_set_count	0xffffffffc0470180	0x0	kvm
__pfx___traceiter_kvm_hv_stimer_start_periodic	0xffffffffc04701e0	0x0	kvm
__traceiter_kvm_hv_stimer_start_periodic	0xffffffffc04701f0	0x0	kvm
__pfx___probestub_kvm_hv_stimer_start_periodic	0xffffffffc0470250	0x0	kvm
__probestub_kvm_hv_stimer_start_periodic	0xffffffffc0470260	0x0	kvm
__pfx___traceiter_kvm_hv_stimer_start_one_shot	0xffffffffc0470270	0x0	kvm
__traceiter_kvm_hv_stimer_start_one_shot	0xffffffffc0470280	0x0	kvm
__pfx___traceiter_kvm_hv_stimer_callback	0xffffffffc04702e0	0x0	kvm
__traceiter_kvm_hv_stimer_callback	0xffffffffc04702f0	0x0	kvm
__pfx___traceiter_kvm_hv_stimer_expiration	0xffffffffc0470340	0x0	kvm
__traceiter_kvm_hv_stimer_expiration	0xffffffffc0470350	0x0	kvm
__pfx___probestub_kvm_hv_stimer_expiration	0xffffffffc04703b0	0x0	kvm
__probestub_kvm_hv_stimer_expiration	0xffffffffc04703c0	0x0	kvm
__pfx___traceiter_kvm_hv_stimer_cleanup	0xffffffffc04703d0	0x0	kvm
__traceiter_kvm_hv_stimer_cleanup	0xffffffffc04703e0	0x0	kvm
__pfx___traceiter_kvm_apicv_inhibit_changed	0xffffffffc0470430	0x0	kvm
__traceiter_kvm_apicv_inhibit_changed	0xffffffffc0470440	0x0	kvm
__pfx___probestub_kvm_apicv_inhibit_changed	0xffffffffc04704a0	0x0	kvm
__probestub_kvm_apicv_inhibit_changed	0xffffffffc04704b0	0x0	kvm
__pfx___traceiter_kvm_apicv_accept_irq	0xffffffffc04704c0	0x0	kvm
__traceiter_kvm_apicv_accept_irq	0xffffffffc04704d0	0x0	kvm
__pfx___traceiter_kvm_avic_incomplete_ipi	0xffffffffc0470530	0x0	kvm
__traceiter_kvm_avic_incomplete_ipi	0xffffffffc0470540	0x0	kvm
__pfx___probestub_kvm_avic_incomplete_ipi	0xffffffffc04705b0	0x0	kvm
__probestub_kvm_avic_incomplete_ipi	0xffffffffc04705c0	0x0	kvm
__pfx___traceiter_kvm_avic_unaccelerated_access	0xffffffffc04705d0	0x0	kvm
__traceiter_kvm_avic_unaccelerated_access	0xffffffffc04705e0	0x0	kvm
__pfx___probestub_kvm_avic_unaccelerated_access	0xffffffffc0470650	0x0	kvm
__probestub_kvm_avic_unaccelerated_access	0xffffffffc0470660	0x0	kvm
__pfx___traceiter_kvm_avic_ga_log	0xffffffffc0470670	0x0	kvm
__traceiter_kvm_avic_ga_log	0xffffffffc0470680	0x0	kvm
__pfx___traceiter_kvm_avic_kick_vcpu_slowpath	0xffffffffc04706d0	0x0	kvm
__traceiter_kvm_avic_kick_vcpu_slowpath	0xffffffffc04706e0	0x0	kvm
__pfx___traceiter_kvm_avic_doorbell	0xffffffffc0470740	0x0	kvm
__traceiter_kvm_avic_doorbell	0xffffffffc0470750	0x0	kvm
__pfx___traceiter_kvm_hv_timer_state	0xffffffffc04707a0	0x0	kvm
__traceiter_kvm_hv_timer_state	0xffffffffc04707b0	0x0	kvm
__pfx___traceiter_kvm_hv_flush_tlb	0xffffffffc0470800	0x0	kvm
__traceiter_kvm_hv_flush_tlb	0xffffffffc0470810	0x0	kvm
__pfx___probestub_kvm_hv_flush_tlb	0xffffffffc0470870	0x0	kvm
__probestub_kvm_hv_flush_tlb	0xffffffffc0470880	0x0	kvm
__pfx___traceiter_kvm_hv_flush_tlb_ex	0xffffffffc0470890	0x0	kvm
__traceiter_kvm_hv_flush_tlb_ex	0xffffffffc04708a0	0x0	kvm
__pfx___probestub_kvm_hv_flush_tlb_ex	0xffffffffc0470920	0x0	kvm
__probestub_kvm_hv_flush_tlb_ex	0xffffffffc0470930	0x0	kvm
__pfx___traceiter_kvm_hv_send_ipi	0xffffffffc0470940	0x0	kvm
__traceiter_kvm_hv_send_ipi	0xffffffffc0470950	0x0	kvm
__pfx___probestub_kvm_hv_send_ipi	0xffffffffc04709a0	0x0	kvm
__probestub_kvm_hv_send_ipi	0xffffffffc04709b0	0x0	kvm
__pfx___traceiter_kvm_hv_send_ipi_ex	0xffffffffc04709c0	0x0	kvm
__traceiter_kvm_hv_send_ipi_ex	0xffffffffc04709d0	0x0	kvm
__pfx___traceiter_kvm_pv_tlb_flush	0xffffffffc0470a30	0x0	kvm
__traceiter_kvm_pv_tlb_flush	0xffffffffc0470a40	0x0	kvm
__pfx___probestub_kvm_pv_tlb_flush	0xffffffffc0470a90	0x0	kvm
__probestub_kvm_pv_tlb_flush	0xffffffffc0470aa0	0x0	kvm
__pfx___traceiter_kvm_nested_vmenter_failed	0xffffffffc0470ab0	0x0	kvm
__traceiter_kvm_nested_vmenter_failed	0xffffffffc0470ac0	0x0	kvm
__pfx___traceiter_kvm_hv_syndbg_set_msr	0xffffffffc0470b10	0x0	kvm
__traceiter_kvm_hv_syndbg_set_msr	0xffffffffc0470b20	0x0	kvm
__pfx___probestub_kvm_hv_syndbg_set_msr	0xffffffffc0470b80	0x0	kvm
__probestub_kvm_hv_syndbg_set_msr	0xffffffffc0470b90	0x0	kvm
__pfx___traceiter_kvm_hv_syndbg_get_msr	0xffffffffc0470ba0	0x0	kvm
__traceiter_kvm_hv_syndbg_get_msr	0xffffffffc0470bb0	0x0	kvm
__pfx___traceiter_kvm_vmgexit_enter	0xffffffffc0470c10	0x0	kvm
__traceiter_kvm_vmgexit_enter	0xffffffffc0470c20	0x0	kvm
__pfx___traceiter_kvm_vmgexit_exit	0xffffffffc0470c70	0x0	kvm
__traceiter_kvm_vmgexit_exit	0xffffffffc0470c80	0x0	kvm
__pfx___traceiter_kvm_vmgexit_msr_protocol_enter	0xffffffffc0470cd0	0x0	kvm
__traceiter_kvm_vmgexit_msr_protocol_enter	0xffffffffc0470ce0	0x0	kvm
__pfx___traceiter_kvm_vmgexit_msr_protocol_exit	0xffffffffc0470d30	0x0	kvm
__traceiter_kvm_vmgexit_msr_protocol_exit	0xffffffffc0470d40	0x0	kvm
__pfx___probestub_kvm_vmgexit_msr_protocol_exit	0xffffffffc0470da0	0x0	kvm
__probestub_kvm_vmgexit_msr_protocol_exit	0xffffffffc0470db0	0x0	kvm
__pfx___traceiter_kvm_rmp_fault	0xffffffffc0470dc0	0x0	kvm
__traceiter_kvm_rmp_fault	0xffffffffc0470dd0	0x0	kvm
__pfx___probestub_kvm_rmp_fault	0xffffffffc0470e50	0x0	kvm
__probestub_kvm_rmp_fault	0xffffffffc0470e60	0x0	kvm
__pfx_kvm_find_user_return_msr	0xffffffffc0470e70	0x0	kvm
kvm_find_user_return_msr	0xffffffffc0470e80	0x0	kvm
__pfx_kvm_get_user_return_msr	0xffffffffc0470f00	0x0	kvm
kvm_get_user_return_msr	0xffffffffc0470f10	0x0	kvm
__pfx___kvm_set_xcr	0xffffffffc0470f60	0x0	kvm
__kvm_set_xcr	0xffffffffc0470f70	0x0	kvm
__pfx_kvm_get_dr	0xffffffffc0471040	0x0	kvm
kvm_get_dr	0xffffffffc0471050	0x0	kvm
__pfx___kvm_valid_efer	0xffffffffc04710e0	0x0	kvm
__kvm_valid_efer	0xffffffffc04710f0	0x0	kvm
__pfx_kvm_enable_efer_bits	0xffffffffc0471170	0x0	kvm
kvm_enable_efer_bits	0xffffffffc0471180	0x0	kvm
__pfx_get_cpu_tsc_khz	0xffffffffc04711a0	0x0	kvm
get_cpu_tsc_khz	0xffffffffc04711b0	0x0	kvm
__pfx_emulator_halt	0xffffffffc04711e0	0x0	kvm
emulator_halt	0xffffffffc04711f0	0x0	kvm
__pfx_emulator_guest_has_movbe	0xffffffffc0471210	0x0	kvm
emulator_guest_has_movbe	0xffffffffc0471220	0x0	kvm
__pfx_emulator_guest_has_fxsr	0xffffffffc0471240	0x0	kvm
emulator_guest_has_fxsr	0xffffffffc0471250	0x0	kvm
__pfx_emulator_guest_has_rdpid	0xffffffffc0471270	0x0	kvm
emulator_guest_has_rdpid	0xffffffffc0471280	0x0	kvm
__pfx_emulator_is_smm	0xffffffffc04712a0	0x0	kvm
emulator_is_smm	0xffffffffc04712b0	0x0	kvm
__pfx_emulator_set_xcr	0xffffffffc04712d0	0x0	kvm
emulator_set_xcr	0xffffffffc04712e0	0x0	kvm
__pfx_complete_fast_pio_out_port_0x7e	0xffffffffc0471300	0x0	kvm
complete_fast_pio_out_port_0x7e	0xffffffffc0471310	0x0	kvm
__pfx_kvmclock_cpu_down_prep	0xffffffffc0471330	0x0	kvm
kvmclock_cpu_down_prep	0xffffffffc0471340	0x0	kvm
__pfx_kvm_apicv_activated	0xffffffffc0471360	0x0	kvm
kvm_apicv_activated	0xffffffffc0471370	0x0	kvm
__pfx_kvm_vcpu_is_reset_bsp	0xffffffffc0471390	0x0	kvm
kvm_vcpu_is_reset_bsp	0xffffffffc04713a0	0x0	kvm
__pfx_kvm_arch_has_noncoherent_dma	0xffffffffc04713c0	0x0	kvm
kvm_arch_has_noncoherent_dma	0xffffffffc04713d0	0x0	kvm
__pfx_kvm_arch_no_poll	0xffffffffc04713f0	0x0	kvm
kvm_arch_no_poll	0xffffffffc0471400	0x0	kvm
__pfx_kvm_fixup_and_inject_pf_error	0xffffffffc0471420	0x0	kvm
kvm_fixup_and_inject_pf_error	0xffffffffc0471430	0x0	kvm
__pfx_set_or_clear_apicv_inhibit	0xffffffffc0471500	0x0	kvm
set_or_clear_apicv_inhibit	0xffffffffc0471510	0x0	kvm
__pfx_perf_trace_kvm_hypercall	0xffffffffc0471570	0x0	kvm
perf_trace_kvm_hypercall	0xffffffffc0471580	0x0	kvm
__pfx_perf_trace_kvm_hv_hypercall	0xffffffffc04716a0	0x0	kvm
perf_trace_kvm_hv_hypercall	0xffffffffc04716b0	0x0	kvm
__pfx_perf_trace_kvm_hv_hypercall_done	0xffffffffc04717e0	0x0	kvm
perf_trace_kvm_hv_hypercall_done	0xffffffffc04717f0	0x0	kvm
__pfx_perf_trace_kvm_pio	0xffffffffc04718e0	0x0	kvm
perf_trace_kvm_pio	0xffffffffc04718f0	0x0	kvm
__pfx_perf_trace_kvm_fast_mmio	0xffffffffc0471a20	0x0	kvm
perf_trace_kvm_fast_mmio	0xffffffffc0471a30	0x0	kvm
__pfx_perf_trace_kvm_cpuid	0xffffffffc0471b20	0x0	kvm
perf_trace_kvm_cpuid	0xffffffffc0471b30	0x0	kvm
__pfx_perf_trace_kvm_ioapic_set_irq	0xffffffffc0471c70	0x0	kvm
perf_trace_kvm_ioapic_set_irq	0xffffffffc0471c80	0x0	kvm
__pfx_perf_trace_kvm_ioapic_delayed_eoi_inj	0xffffffffc0471d80	0x0	kvm
perf_trace_kvm_ioapic_delayed_eoi_inj	0xffffffffc0471d90	0x0	kvm
__pfx_perf_trace_kvm_msi_set_irq	0xffffffffc0471e80	0x0	kvm
perf_trace_kvm_msi_set_irq	0xffffffffc0471e90	0x0	kvm
__pfx_perf_trace_kvm_apic	0xffffffffc0471f80	0x0	kvm
perf_trace_kvm_apic	0xffffffffc0471f90	0x0	kvm
__pfx_perf_trace_kvm_inj_virq	0xffffffffc0472090	0x0	kvm
perf_trace_kvm_inj_virq	0xffffffffc04720a0	0x0	kvm
__pfx_perf_trace_kvm_inj_exception	0xffffffffc04721a0	0x0	kvm
perf_trace_kvm_inj_exception	0xffffffffc04721b0	0x0	kvm
__pfx_perf_trace_kvm_msr	0xffffffffc04722c0	0x0	kvm
perf_trace_kvm_msr	0xffffffffc04722d0	0x0	kvm
__pfx_perf_trace_kvm_cr	0xffffffffc04723e0	0x0	kvm
perf_trace_kvm_cr	0xffffffffc04723f0	0x0	kvm
__pfx_perf_trace_kvm_pic_set_irq	0xffffffffc04724f0	0x0	kvm
perf_trace_kvm_pic_set_irq	0xffffffffc0472500	0x0	kvm
__pfx_perf_trace_kvm_apic_ipi	0xffffffffc0472620	0x0	kvm
perf_trace_kvm_apic_ipi	0xffffffffc0472630	0x0	kvm
__pfx_perf_trace_kvm_apic_accept_irq	0xffffffffc0472720	0x0	kvm
perf_trace_kvm_apic_accept_irq	0xffffffffc0472730	0x0	kvm
__pfx_perf_trace_kvm_eoi	0xffffffffc0472840	0x0	kvm
perf_trace_kvm_eoi	0xffffffffc0472850	0x0	kvm
__pfx_perf_trace_kvm_pv_eoi	0xffffffffc0472950	0x0	kvm
perf_trace_kvm_pv_eoi	0xffffffffc0472960	0x0	kvm
__pfx_perf_trace_kvm_nested_vmenter	0xffffffffc0472a60	0x0	kvm
perf_trace_kvm_nested_vmenter	0xffffffffc0472a70	0x0	kvm
__pfx_perf_trace_kvm_nested_intercepts	0xffffffffc0472bb0	0x0	kvm
perf_trace_kvm_nested_intercepts	0xffffffffc0472bc0	0x0	kvm
__pfx_perf_trace_kvm_nested_vmexit_inject	0xffffffffc0472ce0	0x0	kvm
perf_trace_kvm_nested_vmexit_inject	0xffffffffc0472cf0	0x0	kvm
__pfx_perf_trace_kvm_nested_intr_vmexit	0xffffffffc0472e10	0x0	kvm
perf_trace_kvm_nested_intr_vmexit	0xffffffffc0472e20	0x0	kvm
__pfx_perf_trace_kvm_invlpga	0xffffffffc0472f10	0x0	kvm
perf_trace_kvm_invlpga	0xffffffffc0472f20	0x0	kvm
__pfx_perf_trace_kvm_skinit	0xffffffffc0473020	0x0	kvm
perf_trace_kvm_skinit	0xffffffffc0473030	0x0	kvm
__pfx_perf_trace_vcpu_match_mmio	0xffffffffc0473120	0x0	kvm
perf_trace_vcpu_match_mmio	0xffffffffc0473130	0x0	kvm
__pfx_perf_trace_kvm_write_tsc_offset	0xffffffffc0473240	0x0	kvm
perf_trace_kvm_write_tsc_offset	0xffffffffc0473250	0x0	kvm
__pfx_perf_trace_kvm_update_master_clock	0xffffffffc0473350	0x0	kvm
perf_trace_kvm_update_master_clock	0xffffffffc0473360	0x0	kvm
__pfx_perf_trace_kvm_track_tsc	0xffffffffc0473460	0x0	kvm
perf_trace_kvm_track_tsc	0xffffffffc0473470	0x0	kvm
__pfx_perf_trace_kvm_pml_full	0xffffffffc0473580	0x0	kvm
perf_trace_kvm_pml_full	0xffffffffc0473590	0x0	kvm
__pfx_perf_trace_kvm_ple_window_update	0xffffffffc0473680	0x0	kvm
perf_trace_kvm_ple_window_update	0xffffffffc0473690	0x0	kvm
__pfx_perf_trace_kvm_pvclock_update	0xffffffffc0473790	0x0	kvm
perf_trace_kvm_pvclock_update	0xffffffffc04737a0	0x0	kvm
__pfx_perf_trace_kvm_wait_lapic_expire	0xffffffffc04738c0	0x0	kvm
perf_trace_kvm_wait_lapic_expire	0xffffffffc04738d0	0x0	kvm
__pfx_perf_trace_kvm_smm_transition	0xffffffffc04739c0	0x0	kvm
perf_trace_kvm_smm_transition	0xffffffffc04739d0	0x0	kvm
__pfx_perf_trace_kvm_pi_irte_update	0xffffffffc0473ad0	0x0	kvm
perf_trace_kvm_pi_irte_update	0xffffffffc0473ae0	0x0	kvm
__pfx_perf_trace_kvm_hv_notify_acked_sint	0xffffffffc0473c00	0x0	kvm
perf_trace_kvm_hv_notify_acked_sint	0xffffffffc0473c10	0x0	kvm
__pfx_perf_trace_kvm_hv_synic_set_irq	0xffffffffc0473d00	0x0	kvm
perf_trace_kvm_hv_synic_set_irq	0xffffffffc0473d10	0x0	kvm
__pfx_perf_trace_kvm_hv_synic_send_eoi	0xffffffffc0473e20	0x0	kvm
perf_trace_kvm_hv_synic_send_eoi	0xffffffffc0473e30	0x0	kvm
__pfx_perf_trace_kvm_hv_synic_set_msr	0xffffffffc0473f20	0x0	kvm
perf_trace_kvm_hv_synic_set_msr	0xffffffffc0473f30	0x0	kvm
__pfx_perf_trace_kvm_hv_stimer_set_config	0xffffffffc0474040	0x0	kvm
perf_trace_kvm_hv_stimer_set_config	0xffffffffc0474050	0x0	kvm
__pfx_perf_trace_kvm_hv_stimer_set_count	0xffffffffc0474160	0x0	kvm
perf_trace_kvm_hv_stimer_set_count	0xffffffffc0474170	0x0	kvm
__pfx_perf_trace_kvm_hv_stimer_start_periodic	0xffffffffc0474280	0x0	kvm
perf_trace_kvm_hv_stimer_start_periodic	0xffffffffc0474290	0x0	kvm
__pfx_perf_trace_kvm_hv_stimer_start_one_shot	0xffffffffc04743a0	0x0	kvm
perf_trace_kvm_hv_stimer_start_one_shot	0xffffffffc04743b0	0x0	kvm
__pfx_perf_trace_kvm_hv_stimer_callback	0xffffffffc04744c0	0x0	kvm
perf_trace_kvm_hv_stimer_callback	0xffffffffc04744d0	0x0	kvm
__pfx_perf_trace_kvm_hv_stimer_expiration	0xffffffffc04745c0	0x0	kvm
perf_trace_kvm_hv_stimer_expiration	0xffffffffc04745d0	0x0	kvm
__pfx_perf_trace_kvm_hv_stimer_cleanup	0xffffffffc04746e0	0x0	kvm
perf_trace_kvm_hv_stimer_cleanup	0xffffffffc04746f0	0x0	kvm
__pfx_perf_trace_kvm_apicv_inhibit_changed	0xffffffffc04747e0	0x0	kvm
perf_trace_kvm_apicv_inhibit_changed	0xffffffffc04747f0	0x0	kvm
__pfx_perf_trace_kvm_apicv_accept_irq	0xffffffffc04748f0	0x0	kvm
perf_trace_kvm_apicv_accept_irq	0xffffffffc0474900	0x0	kvm
__pfx_perf_trace_kvm_avic_incomplete_ipi	0xffffffffc0474a10	0x0	kvm
perf_trace_kvm_avic_incomplete_ipi	0xffffffffc0474a20	0x0	kvm
__pfx_perf_trace_kvm_avic_unaccelerated_access	0xffffffffc0474b30	0x0	kvm
perf_trace_kvm_avic_unaccelerated_access	0xffffffffc0474b40	0x0	kvm
__pfx_perf_trace_kvm_avic_ga_log	0xffffffffc0474c50	0x0	kvm
perf_trace_kvm_avic_ga_log	0xffffffffc0474c60	0x0	kvm
__pfx_perf_trace_kvm_avic_kick_vcpu_slowpath	0xffffffffc0474d50	0x0	kvm
perf_trace_kvm_avic_kick_vcpu_slowpath	0xffffffffc0474d60	0x0	kvm
__pfx_perf_trace_kvm_avic_doorbell	0xffffffffc0474e60	0x0	kvm
perf_trace_kvm_avic_doorbell	0xffffffffc0474e70	0x0	kvm
__pfx_perf_trace_kvm_hv_timer_state	0xffffffffc0474f60	0x0	kvm
perf_trace_kvm_hv_timer_state	0xffffffffc0474f70	0x0	kvm
__pfx_perf_trace_kvm_hv_flush_tlb	0xffffffffc0475060	0x0	kvm
perf_trace_kvm_hv_flush_tlb	0xffffffffc0475070	0x0	kvm
__pfx_perf_trace_kvm_hv_flush_tlb_ex	0xffffffffc0475180	0x0	kvm
perf_trace_kvm_hv_flush_tlb_ex	0xffffffffc0475190	0x0	kvm
__pfx_perf_trace_kvm_hv_send_ipi	0xffffffffc04752a0	0x0	kvm
perf_trace_kvm_hv_send_ipi	0xffffffffc04752b0	0x0	kvm
__pfx_perf_trace_kvm_hv_send_ipi_ex	0xffffffffc04753a0	0x0	kvm
perf_trace_kvm_hv_send_ipi_ex	0xffffffffc04753b0	0x0	kvm
__pfx_perf_trace_kvm_pv_tlb_flush	0xffffffffc04754b0	0x0	kvm
perf_trace_kvm_pv_tlb_flush	0xffffffffc04754c0	0x0	kvm
__pfx_perf_trace_kvm_hv_syndbg_set_msr	0xffffffffc04755b0	0x0	kvm
perf_trace_kvm_hv_syndbg_set_msr	0xffffffffc04755c0	0x0	kvm
__pfx_perf_trace_kvm_hv_syndbg_get_msr	0xffffffffc04756d0	0x0	kvm
perf_trace_kvm_hv_syndbg_get_msr	0xffffffffc04756e0	0x0	kvm
__pfx_perf_trace_kvm_vmgexit_enter	0xffffffffc04757f0	0x0	kvm
perf_trace_kvm_vmgexit_enter	0xffffffffc0475800	0x0	kvm
__pfx_perf_trace_kvm_vmgexit_exit	0xffffffffc0475910	0x0	kvm
perf_trace_kvm_vmgexit_exit	0xffffffffc0475920	0x0	kvm
__pfx_perf_trace_kvm_vmgexit_msr_protocol_enter	0xffffffffc0475a30	0x0	kvm
perf_trace_kvm_vmgexit_msr_protocol_enter	0xffffffffc0475a40	0x0	kvm
__pfx_perf_trace_kvm_vmgexit_msr_protocol_exit	0xffffffffc0475b30	0x0	kvm
perf_trace_kvm_vmgexit_msr_protocol_exit	0xffffffffc0475b40	0x0	kvm
__pfx_perf_trace_kvm_rmp_fault	0xffffffffc0475c40	0x0	kvm
perf_trace_kvm_rmp_fault	0xffffffffc0475c50	0x0	kvm
__pfx_kvm_calc_nested_tsc_offset	0xffffffffc0475d70	0x0	kvm
kvm_calc_nested_tsc_offset	0xffffffffc0475d80	0x0	kvm
__pfx_exception_type	0xffffffffc0475e20	0x0	kvm
exception_type	0xffffffffc0475e30	0x0	kvm
__pfx_trace_event_raw_event_kvm_hypercall	0xffffffffc0475e90	0x0	kvm
trace_event_raw_event_kvm_hypercall	0xffffffffc0475ea0	0x0	kvm
__pfx_trace_event_raw_event_kvm_hv_hypercall	0xffffffffc0475f70	0x0	kvm
trace_event_raw_event_kvm_hv_hypercall	0xffffffffc0475f80	0x0	kvm
__pfx_trace_event_raw_event_kvm_hv_hypercall_done	0xffffffffc0476060	0x0	kvm
trace_event_raw_event_kvm_hv_hypercall_done	0xffffffffc0476070	0x0	kvm
__pfx_trace_event_raw_event_kvm_pio	0xffffffffc0476100	0x0	kvm
trace_event_raw_event_kvm_pio	0xffffffffc0476110	0x0	kvm
__pfx_trace_event_raw_event_kvm_fast_mmio	0xffffffffc04761f0	0x0	kvm
trace_event_raw_event_kvm_fast_mmio	0xffffffffc0476200	0x0	kvm
__pfx_trace_event_raw_event_kvm_cpuid	0xffffffffc0476290	0x0	kvm
trace_event_raw_event_kvm_cpuid	0xffffffffc04762a0	0x0	kvm
__pfx_trace_event_raw_event_kvm_ioapic_set_irq	0xffffffffc0476390	0x0	kvm
trace_event_raw_event_kvm_ioapic_set_irq	0xffffffffc04763a0	0x0	kvm
__pfx_trace_event_raw_event_kvm_ioapic_delayed_eoi_inj	0xffffffffc0476450	0x0	kvm
trace_event_raw_event_kvm_ioapic_delayed_eoi_inj	0xffffffffc0476460	0x0	kvm
__pfx_trace_event_raw_event_kvm_msi_set_irq	0xffffffffc04764f0	0x0	kvm
trace_event_raw_event_kvm_msi_set_irq	0xffffffffc0476500	0x0	kvm
__pfx_trace_event_raw_event_kvm_apic	0xffffffffc04765a0	0x0	kvm
trace_event_raw_event_kvm_apic	0xffffffffc04765b0	0x0	kvm
__pfx_trace_event_raw_event_kvm_inj_virq	0xffffffffc0476660	0x0	kvm
trace_event_raw_event_kvm_inj_virq	0xffffffffc0476670	0x0	kvm
__pfx_trace_event_raw_event_kvm_inj_exception	0xffffffffc0476720	0x0	kvm
trace_event_raw_event_kvm_inj_exception	0xffffffffc0476730	0x0	kvm
__pfx_trace_event_raw_event_kvm_msr	0xffffffffc04767f0	0x0	kvm
trace_event_raw_event_kvm_msr	0xffffffffc0476800	0x0	kvm
__pfx_trace_event_raw_event_kvm_cr	0xffffffffc04768c0	0x0	kvm
trace_event_raw_event_kvm_cr	0xffffffffc04768d0	0x0	kvm
__pfx_trace_event_raw_event_kvm_pic_set_irq	0xffffffffc0476980	0x0	kvm
trace_event_raw_event_kvm_pic_set_irq	0xffffffffc0476990	0x0	kvm
__pfx_trace_event_raw_event_kvm_apic_ipi	0xffffffffc0476a60	0x0	kvm
trace_event_raw_event_kvm_apic_ipi	0xffffffffc0476a70	0x0	kvm
__pfx_trace_event_raw_event_kvm_apic_accept_irq	0xffffffffc0476b10	0x0	kvm
trace_event_raw_event_kvm_apic_accept_irq	0xffffffffc0476b20	0x0	kvm
__pfx_trace_event_raw_event_kvm_eoi	0xffffffffc0476be0	0x0	kvm
trace_event_raw_event_kvm_eoi	0xffffffffc0476bf0	0x0	kvm
__pfx_trace_event_raw_event_kvm_pv_eoi	0xffffffffc0476ca0	0x0	kvm
trace_event_raw_event_kvm_pv_eoi	0xffffffffc0476cb0	0x0	kvm
__pfx_trace_event_raw_event_kvm_nested_vmenter	0xffffffffc0476d60	0x0	kvm
trace_event_raw_event_kvm_nested_vmenter	0xffffffffc0476d70	0x0	kvm
__pfx_trace_event_raw_event_kvm_nested_intercepts	0xffffffffc0476e60	0x0	kvm
trace_event_raw_event_kvm_nested_intercepts	0xffffffffc0476e70	0x0	kvm
__pfx_trace_event_raw_event_kvm_nested_vmexit_inject	0xffffffffc0476f40	0x0	kvm
trace_event_raw_event_kvm_nested_vmexit_inject	0xffffffffc0476f50	0x0	kvm
__pfx_trace_event_raw_event_kvm_nested_intr_vmexit	0xffffffffc0477020	0x0	kvm
trace_event_raw_event_kvm_nested_intr_vmexit	0xffffffffc0477030	0x0	kvm
__pfx_trace_event_raw_event_kvm_invlpga	0xffffffffc04770c0	0x0	kvm
trace_event_raw_event_kvm_invlpga	0xffffffffc04770d0	0x0	kvm
__pfx_trace_event_raw_event_kvm_skinit	0xffffffffc0477180	0x0	kvm
trace_event_raw_event_kvm_skinit	0xffffffffc0477190	0x0	kvm
__pfx_trace_event_raw_event_vcpu_match_mmio	0xffffffffc0477230	0x0	kvm
trace_event_raw_event_vcpu_match_mmio	0xffffffffc0477240	0x0	kvm
__pfx_trace_event_raw_event_kvm_write_tsc_offset	0xffffffffc0477300	0x0	kvm
trace_event_raw_event_kvm_write_tsc_offset	0xffffffffc0477310	0x0	kvm
__pfx_trace_event_raw_event_kvm_update_master_clock	0xffffffffc04773c0	0x0	kvm
trace_event_raw_event_kvm_update_master_clock	0xffffffffc04773d0	0x0	kvm
__pfx_trace_event_raw_event_kvm_track_tsc	0xffffffffc0477480	0x0	kvm
trace_event_raw_event_kvm_track_tsc	0xffffffffc0477490	0x0	kvm
__pfx_trace_event_raw_event_kvm_pml_full	0xffffffffc0477550	0x0	kvm
trace_event_raw_event_kvm_pml_full	0xffffffffc0477560	0x0	kvm
__pfx_trace_event_raw_event_kvm_ple_window_update	0xffffffffc04775f0	0x0	kvm
trace_event_raw_event_kvm_ple_window_update	0xffffffffc0477600	0x0	kvm
__pfx_trace_event_raw_event_kvm_pvclock_update	0xffffffffc04776b0	0x0	kvm
trace_event_raw_event_kvm_pvclock_update	0xffffffffc04776c0	0x0	kvm
__pfx_trace_event_raw_event_kvm_wait_lapic_expire	0xffffffffc0477790	0x0	kvm
trace_event_raw_event_kvm_wait_lapic_expire	0xffffffffc04777a0	0x0	kvm
__pfx_trace_event_raw_event_kvm_smm_transition	0xffffffffc0477840	0x0	kvm
trace_event_raw_event_kvm_smm_transition	0xffffffffc0477850	0x0	kvm
__pfx_trace_event_raw_event_kvm_pi_irte_update	0xffffffffc0477900	0x0	kvm
trace_event_raw_event_kvm_pi_irte_update	0xffffffffc0477910	0x0	kvm
__pfx_trace_event_raw_event_kvm_hv_notify_acked_sint	0xffffffffc04779e0	0x0	kvm
trace_event_raw_event_kvm_hv_notify_acked_sint	0xffffffffc04779f0	0x0	kvm
__pfx_trace_event_raw_event_kvm_hv_synic_set_irq	0xffffffffc0477a90	0x0	kvm
trace_event_raw_event_kvm_hv_synic_set_irq	0xffffffffc0477aa0	0x0	kvm
__pfx_trace_event_raw_event_kvm_hv_synic_send_eoi	0xffffffffc0477b50	0x0	kvm
trace_event_raw_event_kvm_hv_synic_send_eoi	0xffffffffc0477b60	0x0	kvm
__pfx_trace_event_raw_event_kvm_hv_synic_set_msr	0xffffffffc0477c00	0x0	kvm
trace_event_raw_event_kvm_hv_synic_set_msr	0xffffffffc0477c10	0x0	kvm
__pfx_trace_event_raw_event_kvm_hv_stimer_set_config	0xffffffffc0477cd0	0x0	kvm
trace_event_raw_event_kvm_hv_stimer_set_config	0xffffffffc0477ce0	0x0	kvm
__pfx_trace_event_raw_event_kvm_hv_stimer_set_count	0xffffffffc0477da0	0x0	kvm
trace_event_raw_event_kvm_hv_stimer_set_count	0xffffffffc0477db0	0x0	kvm
__pfx_trace_event_raw_event_kvm_hv_stimer_start_periodic	0xffffffffc0477e70	0x0	kvm
trace_event_raw_event_kvm_hv_stimer_start_periodic	0xffffffffc0477e80	0x0	kvm
__pfx_trace_event_raw_event_kvm_hv_stimer_start_one_shot	0xffffffffc0477f40	0x0	kvm
trace_event_raw_event_kvm_hv_stimer_start_one_shot	0xffffffffc0477f50	0x0	kvm
__pfx_trace_event_raw_event_kvm_hv_stimer_callback	0xffffffffc0478010	0x0	kvm
trace_event_raw_event_kvm_hv_stimer_callback	0xffffffffc0478020	0x0	kvm
__pfx_trace_event_raw_event_kvm_hv_stimer_expiration	0xffffffffc04780c0	0x0	kvm
trace_event_raw_event_kvm_hv_stimer_expiration	0xffffffffc04780d0	0x0	kvm
__pfx_trace_event_raw_event_kvm_hv_stimer_cleanup	0xffffffffc0478180	0x0	kvm
trace_event_raw_event_kvm_hv_stimer_cleanup	0xffffffffc0478190	0x0	kvm
__pfx_trace_event_raw_event_kvm_apicv_inhibit_changed	0xffffffffc0478230	0x0	kvm
trace_event_raw_event_kvm_apicv_inhibit_changed	0xffffffffc0478240	0x0	kvm
__pfx_trace_event_raw_event_kvm_apicv_accept_irq	0xffffffffc04782f0	0x0	kvm
trace_event_raw_event_kvm_apicv_accept_irq	0xffffffffc0478300	0x0	kvm
__pfx_trace_event_raw_event_kvm_avic_incomplete_ipi	0xffffffffc04783c0	0x0	kvm
trace_event_raw_event_kvm_avic_incomplete_ipi	0xffffffffc04783d0	0x0	kvm
__pfx_trace_event_raw_event_kvm_avic_unaccelerated_access	0xffffffffc0478490	0x0	kvm
trace_event_raw_event_kvm_avic_unaccelerated_access	0xffffffffc04784a0	0x0	kvm
__pfx_trace_event_raw_event_kvm_avic_ga_log	0xffffffffc0478560	0x0	kvm
trace_event_raw_event_kvm_avic_ga_log	0xffffffffc0478570	0x0	kvm
__pfx_trace_event_raw_event_kvm_avic_kick_vcpu_slowpath	0xffffffffc0478610	0x0	kvm
trace_event_raw_event_kvm_avic_kick_vcpu_slowpath	0xffffffffc0478620	0x0	kvm
__pfx_trace_event_raw_event_kvm_avic_doorbell	0xffffffffc04786d0	0x0	kvm
trace_event_raw_event_kvm_avic_doorbell	0xffffffffc04786e0	0x0	kvm
__pfx_trace_event_raw_event_kvm_hv_timer_state	0xffffffffc0478780	0x0	kvm
trace_event_raw_event_kvm_hv_timer_state	0xffffffffc0478790	0x0	kvm
__pfx_trace_event_raw_event_kvm_hv_flush_tlb	0xffffffffc0478830	0x0	kvm
trace_event_raw_event_kvm_hv_flush_tlb	0xffffffffc0478840	0x0	kvm
__pfx_trace_event_raw_event_kvm_hv_flush_tlb_ex	0xffffffffc0478900	0x0	kvm
trace_event_raw_event_kvm_hv_flush_tlb_ex	0xffffffffc0478910	0x0	kvm
__pfx_trace_event_raw_event_kvm_hv_send_ipi	0xffffffffc04789d0	0x0	kvm
trace_event_raw_event_kvm_hv_send_ipi	0xffffffffc04789e0	0x0	kvm
__pfx_trace_event_raw_event_kvm_hv_send_ipi_ex	0xffffffffc0478a80	0x0	kvm
trace_event_raw_event_kvm_hv_send_ipi_ex	0xffffffffc0478a90	0x0	kvm
__pfx_trace_event_raw_event_kvm_pv_tlb_flush	0xffffffffc0478b40	0x0	kvm
trace_event_raw_event_kvm_pv_tlb_flush	0xffffffffc0478b50	0x0	kvm
__pfx_trace_event_raw_event_kvm_hv_syndbg_set_msr	0xffffffffc0478bf0	0x0	kvm
trace_event_raw_event_kvm_hv_syndbg_set_msr	0xffffffffc0478c00	0x0	kvm
__pfx_trace_event_raw_event_kvm_hv_syndbg_get_msr	0xffffffffc0478cc0	0x0	kvm
trace_event_raw_event_kvm_hv_syndbg_get_msr	0xffffffffc0478cd0	0x0	kvm
__pfx_trace_event_raw_event_kvm_vmgexit_enter	0xffffffffc0478d90	0x0	kvm
trace_event_raw_event_kvm_vmgexit_enter	0xffffffffc0478da0	0x0	kvm
__pfx_trace_event_raw_event_kvm_vmgexit_exit	0xffffffffc0478e60	0x0	kvm
trace_event_raw_event_kvm_vmgexit_exit	0xffffffffc0478e70	0x0	kvm
__pfx_trace_event_raw_event_kvm_vmgexit_msr_protocol_enter	0xffffffffc0478f30	0x0	kvm
trace_event_raw_event_kvm_vmgexit_msr_protocol_enter	0xffffffffc0478f40	0x0	kvm
__pfx_trace_event_raw_event_kvm_vmgexit_msr_protocol_exit	0xffffffffc0478fe0	0x0	kvm
trace_event_raw_event_kvm_vmgexit_msr_protocol_exit	0xffffffffc0478ff0	0x0	kvm
__pfx_trace_event_raw_event_kvm_rmp_fault	0xffffffffc04790a0	0x0	kvm
trace_event_raw_event_kvm_rmp_fault	0xffffffffc04790b0	0x0	kvm
__pfx_trace_raw_output_kvm_hypercall	0xffffffffc0479180	0x0	kvm
trace_raw_output_kvm_hypercall	0xffffffffc0479190	0x0	kvm
__pfx_trace_raw_output_kvm_hv_hypercall_done	0xffffffffc0479200	0x0	kvm
trace_raw_output_kvm_hv_hypercall_done	0xffffffffc0479210	0x0	kvm
__pfx_trace_raw_output_kvm_xen_hypercall	0xffffffffc0479260	0x0	kvm
trace_raw_output_kvm_xen_hypercall	0xffffffffc0479270	0x0	kvm
__pfx_trace_raw_output_kvm_pio	0xffffffffc04792f0	0x0	kvm
trace_raw_output_kvm_pio	0xffffffffc0479300	0x0	kvm
__pfx_trace_raw_output_kvm_fast_mmio	0xffffffffc0479390	0x0	kvm
trace_raw_output_kvm_fast_mmio	0xffffffffc04793a0	0x0	kvm
__pfx_trace_raw_output_kvm_page_fault	0xffffffffc04793f0	0x0	kvm
trace_raw_output_kvm_page_fault	0xffffffffc0479400	0x0	kvm
__pfx_trace_raw_output_kvm_msr	0xffffffffc0479460	0x0	kvm
trace_raw_output_kvm_msr	0xffffffffc0479470	0x0	kvm
__pfx_trace_raw_output_kvm_cr	0xffffffffc04794f0	0x0	kvm
trace_raw_output_kvm_cr	0xffffffffc0479500	0x0	kvm
__pfx_trace_raw_output_kvm_eoi	0xffffffffc0479570	0x0	kvm
trace_raw_output_kvm_eoi	0xffffffffc0479580	0x0	kvm
__pfx_trace_raw_output_kvm_pv_eoi	0xffffffffc04795e0	0x0	kvm
trace_raw_output_kvm_pv_eoi	0xffffffffc04795f0	0x0	kvm
__pfx_trace_raw_output_kvm_nested_intercepts	0xffffffffc0479650	0x0	kvm
trace_raw_output_kvm_nested_intercepts	0xffffffffc0479660	0x0	kvm
__pfx_trace_raw_output_kvm_nested_intr_vmexit	0xffffffffc04796e0	0x0	kvm
trace_raw_output_kvm_nested_intr_vmexit	0xffffffffc04796f0	0x0	kvm
__pfx_trace_raw_output_kvm_invlpga	0xffffffffc0479740	0x0	kvm
trace_raw_output_kvm_invlpga	0xffffffffc0479750	0x0	kvm
__pfx_trace_raw_output_kvm_skinit	0xffffffffc04797b0	0x0	kvm
trace_raw_output_kvm_skinit	0xffffffffc04797c0	0x0	kvm
__pfx_trace_raw_output_kvm_write_tsc_offset	0xffffffffc0479820	0x0	kvm
trace_raw_output_kvm_write_tsc_offset	0xffffffffc0479830	0x0	kvm
__pfx_trace_raw_output_kvm_pml_full	0xffffffffc0479890	0x0	kvm
trace_raw_output_kvm_pml_full	0xffffffffc04798a0	0x0	kvm
__pfx_trace_raw_output_kvm_ple_window_update	0xffffffffc04798f0	0x0	kvm
trace_raw_output_kvm_ple_window_update	0xffffffffc0479900	0x0	kvm
__pfx_trace_raw_output_kvm_pvclock_update	0xffffffffc0479970	0x0	kvm
trace_raw_output_kvm_pvclock_update	0xffffffffc0479980	0x0	kvm
__pfx_trace_raw_output_kvm_wait_lapic_expire	0xffffffffc0479a00	0x0	kvm
trace_raw_output_kvm_wait_lapic_expire	0xffffffffc0479a10	0x0	kvm
__pfx_trace_raw_output_kvm_hv_notify_acked_sint	0xffffffffc0479a80	0x0	kvm
trace_raw_output_kvm_hv_notify_acked_sint	0xffffffffc0479a90	0x0	kvm
__pfx_trace_raw_output_kvm_hv_synic_set_irq	0xffffffffc0479af0	0x0	kvm
trace_raw_output_kvm_hv_synic_set_irq	0xffffffffc0479b00	0x0	kvm
__pfx_trace_raw_output_kvm_hv_synic_send_eoi	0xffffffffc0479b60	0x0	kvm
trace_raw_output_kvm_hv_synic_send_eoi	0xffffffffc0479b70	0x0	kvm
__pfx_trace_raw_output_kvm_hv_stimer_start_periodic	0xffffffffc0479bd0	0x0	kvm
trace_raw_output_kvm_hv_stimer_start_periodic	0xffffffffc0479be0	0x0	kvm
__pfx_trace_raw_output_kvm_hv_stimer_start_one_shot	0xffffffffc0479c40	0x0	kvm
trace_raw_output_kvm_hv_stimer_start_one_shot	0xffffffffc0479c50	0x0	kvm
__pfx_trace_raw_output_kvm_hv_stimer_callback	0xffffffffc0479cb0	0x0	kvm
trace_raw_output_kvm_hv_stimer_callback	0xffffffffc0479cc0	0x0	kvm
__pfx_trace_raw_output_kvm_hv_stimer_expiration	0xffffffffc0479d20	0x0	kvm
trace_raw_output_kvm_hv_stimer_expiration	0xffffffffc0479d30	0x0	kvm
__pfx_trace_raw_output_kvm_hv_stimer_cleanup	0xffffffffc0479d90	0x0	kvm
trace_raw_output_kvm_hv_stimer_cleanup	0xffffffffc0479da0	0x0	kvm
__pfx_trace_raw_output_kvm_avic_incomplete_ipi	0xffffffffc0479e00	0x0	kvm
trace_raw_output_kvm_avic_incomplete_ipi	0xffffffffc0479e10	0x0	kvm
__pfx_trace_raw_output_kvm_avic_ga_log	0xffffffffc0479e80	0x0	kvm
trace_raw_output_kvm_avic_ga_log	0xffffffffc0479e90	0x0	kvm
__pfx_trace_raw_output_kvm_avic_kick_vcpu_slowpath	0xffffffffc0479ef0	0x0	kvm
trace_raw_output_kvm_avic_kick_vcpu_slowpath	0xffffffffc0479f00	0x0	kvm
__pfx_trace_raw_output_kvm_avic_doorbell	0xffffffffc0479f60	0x0	kvm
trace_raw_output_kvm_avic_doorbell	0xffffffffc0479f70	0x0	kvm
__pfx_trace_raw_output_kvm_hv_timer_state	0xffffffffc0479fd0	0x0	kvm
trace_raw_output_kvm_hv_timer_state	0xffffffffc0479fe0	0x0	kvm
__pfx_trace_raw_output_kvm_hv_send_ipi	0xffffffffc047a040	0x0	kvm
trace_raw_output_kvm_hv_send_ipi	0xffffffffc047a050	0x0	kvm
__pfx_trace_raw_output_kvm_hv_send_ipi_ex	0xffffffffc047a0b0	0x0	kvm
trace_raw_output_kvm_hv_send_ipi_ex	0xffffffffc047a0c0	0x0	kvm
__pfx_trace_raw_output_kvm_hv_syndbg_set_msr	0xffffffffc047a120	0x0	kvm
trace_raw_output_kvm_hv_syndbg_set_msr	0xffffffffc047a130	0x0	kvm
__pfx_trace_raw_output_kvm_hv_syndbg_get_msr	0xffffffffc047a190	0x0	kvm
trace_raw_output_kvm_hv_syndbg_get_msr	0xffffffffc047a1a0	0x0	kvm
__pfx_trace_raw_output_kvm_vmgexit_enter	0xffffffffc047a200	0x0	kvm
trace_raw_output_kvm_vmgexit_enter	0xffffffffc047a210	0x0	kvm
__pfx_trace_raw_output_kvm_vmgexit_exit	0xffffffffc047a270	0x0	kvm
trace_raw_output_kvm_vmgexit_exit	0xffffffffc047a280	0x0	kvm
__pfx_trace_raw_output_kvm_vmgexit_msr_protocol_enter	0xffffffffc047a2e0	0x0	kvm
trace_raw_output_kvm_vmgexit_msr_protocol_enter	0xffffffffc047a2f0	0x0	kvm
__pfx_trace_raw_output_kvm_vmgexit_msr_protocol_exit	0xffffffffc047a350	0x0	kvm
trace_raw_output_kvm_vmgexit_msr_protocol_exit	0xffffffffc047a360	0x0	kvm
__pfx_trace_raw_output_kvm_rmp_fault	0xffffffffc047a3c0	0x0	kvm
trace_raw_output_kvm_rmp_fault	0xffffffffc047a3d0	0x0	kvm
__pfx_trace_raw_output_kvm_ioapic_delayed_eoi_inj	0xffffffffc047a450	0x0	kvm
trace_raw_output_kvm_ioapic_delayed_eoi_inj	0xffffffffc047a460	0x0	kvm
__pfx_trace_raw_output_kvm_msi_set_irq	0xffffffffc047a540	0x0	kvm
trace_raw_output_kvm_msi_set_irq	0xffffffffc047a550	0x0	kvm
__pfx_trace_raw_output_kvm_apic	0xffffffffc047a640	0x0	kvm
trace_raw_output_kvm_apic	0xffffffffc047a650	0x0	kvm
__pfx_trace_raw_output_kvm_apic_ipi	0xffffffffc047a6e0	0x0	kvm
trace_raw_output_kvm_apic_ipi	0xffffffffc047a6f0	0x0	kvm
__pfx_trace_raw_output_kvm_apic_accept_irq	0xffffffffc047a800	0x0	kvm
trace_raw_output_kvm_apic_accept_irq	0xffffffffc047a810	0x0	kvm
__pfx_trace_raw_output_kvm_apicv_accept_irq	0xffffffffc047a8a0	0x0	kvm
trace_raw_output_kvm_apicv_accept_irq	0xffffffffc047a8b0	0x0	kvm
__pfx_trace_raw_output_kvm_nested_vmenter_failed	0xffffffffc047a940	0x0	kvm
trace_raw_output_kvm_nested_vmenter_failed	0xffffffffc047a950	0x0	kvm
__pfx_kvm_prepare_event_vectoring_exit	0xffffffffc047a9d0	0x0	kvm
kvm_prepare_event_vectoring_exit	0xffffffffc047a9e0	0x0	kvm
__pfx_trace_raw_output_kvm_exit	0xffffffffc047aab0	0x0	kvm
trace_raw_output_kvm_exit	0xffffffffc047aac0	0x0	kvm
__pfx_trace_raw_output_kvm_nested_vmexit	0xffffffffc047ac10	0x0	kvm
trace_raw_output_kvm_nested_vmexit	0xffffffffc047ac20	0x0	kvm
__pfx_trace_raw_output_kvm_nested_vmexit_inject	0xffffffffc047ad70	0x0	kvm
trace_raw_output_kvm_nested_vmexit_inject	0xffffffffc047ad80	0x0	kvm
__pfx_emulator_get_cached_segment_base	0xffffffffc047aeb0	0x0	kvm
emulator_get_cached_segment_base	0xffffffffc047aec0	0x0	kvm
__pfx_trace_raw_output_kvm_emulate_insn	0xffffffffc047aee0	0x0	kvm
trace_raw_output_kvm_emulate_insn	0xffffffffc047aef0	0x0	kvm
__pfx___bpf_trace_kvm_entry	0xffffffffc047afa0	0x0	kvm
__bpf_trace_kvm_entry	0xffffffffc047afb0	0x0	kvm
__pfx___bpf_trace_kvm_msi_set_irq	0xffffffffc047afd0	0x0	kvm
__bpf_trace_kvm_msi_set_irq	0xffffffffc047afe0	0x0	kvm
__pfx___bpf_trace_kvm_exit	0xffffffffc047aff0	0x0	kvm
__bpf_trace_kvm_exit	0xffffffffc047b000	0x0	kvm
__pfx___bpf_trace_kvm_apic_ipi	0xffffffffc047b020	0x0	kvm
__bpf_trace_kvm_apic_ipi	0xffffffffc047b030	0x0	kvm
__pfx___bpf_trace_kvm_eoi	0xffffffffc047b050	0x0	kvm
__bpf_trace_kvm_eoi	0xffffffffc047b060	0x0	kvm
__pfx___bpf_trace_kvm_skinit	0xffffffffc047b080	0x0	kvm
__bpf_trace_kvm_skinit	0xffffffffc047b090	0x0	kvm
__pfx___bpf_trace_kvm_emulate_insn	0xffffffffc047b0b0	0x0	kvm
__bpf_trace_kvm_emulate_insn	0xffffffffc047b0c0	0x0	kvm
__pfx___bpf_trace_kvm_pvclock_update	0xffffffffc047b0e0	0x0	kvm
__bpf_trace_kvm_pvclock_update	0xffffffffc047b0f0	0x0	kvm
__pfx___bpf_trace_kvm_wait_lapic_expire	0xffffffffc047b110	0x0	kvm
__bpf_trace_kvm_wait_lapic_expire	0xffffffffc047b120	0x0	kvm
__pfx___bpf_trace_kvm_hv_notify_acked_sint	0xffffffffc047b140	0x0	kvm
__bpf_trace_kvm_hv_notify_acked_sint	0xffffffffc047b150	0x0	kvm
__pfx___bpf_trace_kvm_hv_synic_send_eoi	0xffffffffc047b170	0x0	kvm
__bpf_trace_kvm_hv_synic_send_eoi	0xffffffffc047b180	0x0	kvm
__pfx___bpf_trace_kvm_hv_send_ipi	0xffffffffc047b1a0	0x0	kvm
__bpf_trace_kvm_hv_send_ipi	0xffffffffc047b1b0	0x0	kvm
__pfx___bpf_trace_kvm_pv_tlb_flush	0xffffffffc047b1d0	0x0	kvm
__bpf_trace_kvm_pv_tlb_flush	0xffffffffc047b1e0	0x0	kvm
__pfx___bpf_trace_kvm_hypercall	0xffffffffc047b200	0x0	kvm
__bpf_trace_kvm_hypercall	0xffffffffc047b210	0x0	kvm
__pfx___bpf_trace_kvm_pio	0xffffffffc047b220	0x0	kvm
__bpf_trace_kvm_pio	0xffffffffc047b230	0x0	kvm
__pfx___bpf_trace_kvm_pic_set_irq	0xffffffffc047b250	0x0	kvm
__bpf_trace_kvm_pic_set_irq	0xffffffffc047b260	0x0	kvm
__pfx___bpf_trace_kvm_track_tsc	0xffffffffc047b290	0x0	kvm
__bpf_trace_kvm_track_tsc	0xffffffffc047b2a0	0x0	kvm
__pfx___bpf_trace_kvm_pi_irte_update	0xffffffffc047b2c0	0x0	kvm
__bpf_trace_kvm_pi_irte_update	0xffffffffc047b2d0	0x0	kvm
__pfx___bpf_trace_kvm_avic_incomplete_ipi	0xffffffffc047b2f0	0x0	kvm
__bpf_trace_kvm_avic_incomplete_ipi	0xffffffffc047b300	0x0	kvm
__pfx___bpf_trace_kvm_avic_unaccelerated_access	0xffffffffc047b320	0x0	kvm
__bpf_trace_kvm_avic_unaccelerated_access	0xffffffffc047b330	0x0	kvm
__pfx___bpf_trace_kvm_hv_flush_tlb_ex	0xffffffffc047b350	0x0	kvm
__bpf_trace_kvm_hv_flush_tlb_ex	0xffffffffc047b360	0x0	kvm
__pfx___bpf_trace_kvm_hv_hypercall	0xffffffffc047b380	0x0	kvm
__bpf_trace_kvm_hv_hypercall	0xffffffffc047b390	0x0	kvm
__pfx___bpf_trace_kvm_hv_hypercall_done	0xffffffffc047b3c0	0x0	kvm
__bpf_trace_kvm_hv_hypercall_done	0xffffffffc047b3d0	0x0	kvm
__pfx___bpf_trace_kvm_pml_full	0xffffffffc047b3e0	0x0	kvm
__bpf_trace_kvm_pml_full	0xffffffffc047b3f0	0x0	kvm
__pfx___bpf_trace_kvm_xen_hypercall	0xffffffffc047b410	0x0	kvm
__bpf_trace_kvm_xen_hypercall	0xffffffffc047b420	0x0	kvm
__pfx___bpf_trace_kvm_cpuid	0xffffffffc047b440	0x0	kvm
__bpf_trace_kvm_cpuid	0xffffffffc047b450	0x0	kvm
__pfx___bpf_trace_kvm_ioapic_set_irq	0xffffffffc047b480	0x0	kvm
__bpf_trace_kvm_ioapic_set_irq	0xffffffffc047b490	0x0	kvm
__pfx___bpf_trace_kvm_apic	0xffffffffc047b4b0	0x0	kvm
__bpf_trace_kvm_apic	0xffffffffc047b4c0	0x0	kvm
__pfx___bpf_trace_kvm_inj_virq	0xffffffffc047b4e0	0x0	kvm
__bpf_trace_kvm_inj_virq	0xffffffffc047b4f0	0x0	kvm
__pfx___bpf_trace_kvm_page_fault	0xffffffffc047b510	0x0	kvm
__bpf_trace_kvm_page_fault	0xffffffffc047b520	0x0	kvm
__pfx___bpf_trace_kvm_invlpga	0xffffffffc047b530	0x0	kvm
__bpf_trace_kvm_invlpga	0xffffffffc047b540	0x0	kvm
__pfx___bpf_trace_kvm_write_tsc_offset	0xffffffffc047b560	0x0	kvm
__bpf_trace_kvm_write_tsc_offset	0xffffffffc047b570	0x0	kvm
__pfx___bpf_trace_kvm_update_master_clock	0xffffffffc047b590	0x0	kvm
__bpf_trace_kvm_update_master_clock	0xffffffffc047b5a0	0x0	kvm
__pfx___bpf_trace_kvm_ple_window_update	0xffffffffc047b5c0	0x0	kvm
__bpf_trace_kvm_ple_window_update	0xffffffffc047b5d0	0x0	kvm
__pfx___bpf_trace_kvm_smm_transition	0xffffffffc047b5f0	0x0	kvm
__bpf_trace_kvm_smm_transition	0xffffffffc047b600	0x0	kvm
__pfx___bpf_trace_kvm_apicv_inhibit_changed	0xffffffffc047b620	0x0	kvm
__bpf_trace_kvm_apicv_inhibit_changed	0xffffffffc047b630	0x0	kvm
__pfx___bpf_trace_kvm_vmgexit_msr_protocol_exit	0xffffffffc047b650	0x0	kvm
__bpf_trace_kvm_vmgexit_msr_protocol_exit	0xffffffffc047b660	0x0	kvm
__pfx___bpf_trace_kvm_inj_exception	0xffffffffc047b680	0x0	kvm
__bpf_trace_kvm_inj_exception	0xffffffffc047b690	0x0	kvm
__pfx___bpf_trace_kvm_msr	0xffffffffc047b6b0	0x0	kvm
__bpf_trace_kvm_msr	0xffffffffc047b6c0	0x0	kvm
__pfx___bpf_trace_kvm_apic_accept_irq	0xffffffffc047b6e0	0x0	kvm
__bpf_trace_kvm_apic_accept_irq	0xffffffffc047b6f0	0x0	kvm
__pfx___bpf_trace_vcpu_match_mmio	0xffffffffc047b710	0x0	kvm
__bpf_trace_vcpu_match_mmio	0xffffffffc047b720	0x0	kvm
__pfx___bpf_trace_kvm_hv_synic_set_irq	0xffffffffc047b740	0x0	kvm
__bpf_trace_kvm_hv_synic_set_irq	0xffffffffc047b750	0x0	kvm
__pfx___bpf_trace_kvm_hv_synic_set_msr	0xffffffffc047b770	0x0	kvm
__bpf_trace_kvm_hv_synic_set_msr	0xffffffffc047b780	0x0	kvm
__pfx___bpf_trace_kvm_hv_stimer_set_config	0xffffffffc047b7a0	0x0	kvm
__bpf_trace_kvm_hv_stimer_set_config	0xffffffffc047b7b0	0x0	kvm
__pfx___bpf_trace_kvm_hv_stimer_start_periodic	0xffffffffc047b7d0	0x0	kvm
__bpf_trace_kvm_hv_stimer_start_periodic	0xffffffffc047b7e0	0x0	kvm
__pfx___bpf_trace_kvm_hv_stimer_expiration	0xffffffffc047b800	0x0	kvm
__bpf_trace_kvm_hv_stimer_expiration	0xffffffffc047b810	0x0	kvm
__pfx___bpf_trace_kvm_hv_flush_tlb	0xffffffffc047b830	0x0	kvm
__bpf_trace_kvm_hv_flush_tlb	0xffffffffc047b840	0x0	kvm
__pfx___bpf_trace_kvm_hv_syndbg_set_msr	0xffffffffc047b860	0x0	kvm
__bpf_trace_kvm_hv_syndbg_set_msr	0xffffffffc047b870	0x0	kvm
__pfx___bpf_trace_kvm_nested_vmenter	0xffffffffc047b890	0x0	kvm
__bpf_trace_kvm_nested_vmenter	0xffffffffc047b8a0	0x0	kvm
__pfx___bpf_trace_kvm_nested_intercepts	0xffffffffc047b8d0	0x0	kvm
__bpf_trace_kvm_nested_intercepts	0xffffffffc047b8e0	0x0	kvm
__pfx___bpf_trace_kvm_nested_vmexit_inject	0xffffffffc047b910	0x0	kvm
__bpf_trace_kvm_nested_vmexit_inject	0xffffffffc047b920	0x0	kvm
__pfx___bpf_trace_kvm_rmp_fault	0xffffffffc047b940	0x0	kvm
__bpf_trace_kvm_rmp_fault	0xffffffffc047b950	0x0	kvm
__pfx_kvm_mmu_gva_to_gpa_read	0xffffffffc047b970	0x0	kvm
kvm_mmu_gva_to_gpa_read	0xffffffffc047b980	0x0	kvm
__pfx_kvm_mmu_gva_to_gpa_write	0xffffffffc047b9e0	0x0	kvm
kvm_mmu_gva_to_gpa_write	0xffffffffc047b9f0	0x0	kvm
__pfx_emulator_get_cpl	0xffffffffc047ba50	0x0	kvm
emulator_get_cpl	0xffffffffc047ba60	0x0	kvm
__pfx_kvm_read_guest_virt_helper	0xffffffffc047ba80	0x0	kvm
kvm_read_guest_virt_helper	0xffffffffc047ba90	0x0	kvm
__pfx_emulator_read_std	0xffffffffc047bb80	0x0	kvm
emulator_read_std	0xffffffffc047bb90	0x0	kvm
__pfx_kvm_fetch_guest_virt	0xffffffffc047bc00	0x0	kvm
kvm_fetch_guest_virt	0xffffffffc047bc10	0x0	kvm
__pfx_kvm_update_dr7	0xffffffffc047bce0	0x0	kvm
kvm_update_dr7	0xffffffffc047bcf0	0x0	kvm
__pfx_emulator_read_pmc	0xffffffffc047bd50	0x0	kvm
emulator_read_pmc	0xffffffffc047bd60	0x0	kvm
__pfx_kvm_msr_allowed	0xffffffffc047bd80	0x0	kvm
kvm_msr_allowed	0xffffffffc047bd90	0x0	kvm
__pfx_complete_fast_msr_access	0xffffffffc047be70	0x0	kvm
complete_fast_msr_access	0xffffffffc047be80	0x0	kvm
__pfx_complete_fast_rdmsr	0xffffffffc047bea0	0x0	kvm
complete_fast_rdmsr	0xffffffffc047beb0	0x0	kvm
__pfx_kvm_msr_user_space	0xffffffffc047bef0	0x0	kvm
kvm_msr_user_space	0xffffffffc047bf00	0x0	kvm
__pfx_kvm_read_guest_virt	0xffffffffc047bf90	0x0	kvm
kvm_read_guest_virt	0xffffffffc047bfa0	0x0	kvm
__pfx_vgettsc	0xffffffffc047c020	0x0	kvm
vgettsc	0xffffffffc047c030	0x0	kvm
__pfx_kvm_get_arch_capabilities	0xffffffffc047c110	0x0	kvm
kvm_get_arch_capabilities	0xffffffffc047c120	0x0	kvm
__pfx_msr_io	0xffffffffc047c240	0x0	kvm
msr_io	0xffffffffc047c250	0x0	kvm
__pfx_kvm_ioctl_get_supported_hv_cpuid	0xffffffffc047c390	0x0	kvm
kvm_ioctl_get_supported_hv_cpuid	0xffffffffc047c3a0	0x0	kvm
__pfx_emulator_set_nmi_mask	0xffffffffc047c440	0x0	kvm
emulator_set_nmi_mask	0xffffffffc047c450	0x0	kvm
__pfx_emulator_get_idt	0xffffffffc047c470	0x0	kvm
emulator_get_idt	0xffffffffc047c480	0x0	kvm
__pfx_emulator_get_gdt	0xffffffffc047c4a0	0x0	kvm
emulator_get_gdt	0xffffffffc047c4b0	0x0	kvm
__pfx_emulator_set_idt	0xffffffffc047c4d0	0x0	kvm
emulator_set_idt	0xffffffffc047c4e0	0x0	kvm
__pfx_emulator_set_gdt	0xffffffffc047c500	0x0	kvm
emulator_set_gdt	0xffffffffc047c510	0x0	kvm
__pfx_emulator_set_segment	0xffffffffc047c530	0x0	kvm
emulator_set_segment	0xffffffffc047c540	0x0	kvm
__pfx_emulator_get_segment	0xffffffffc047c630	0x0	kvm
emulator_get_segment	0xffffffffc047c640	0x0	kvm
__pfx_kvm_write_guest_virt_helper	0xffffffffc047c7a0	0x0	kvm
kvm_write_guest_virt_helper	0xffffffffc047c7b0	0x0	kvm
__pfx_kvm_write_guest_virt_system	0xffffffffc047c8a0	0x0	kvm
kvm_write_guest_virt_system	0xffffffffc047c8b0	0x0	kvm
__pfx_emulator_write_std	0xffffffffc047c8f0	0x0	kvm
emulator_write_std	0xffffffffc047c900	0x0	kvm
__pfx_kvm_get_rflags	0xffffffffc047c970	0x0	kvm
kvm_get_rflags	0xffffffffc047c980	0x0	kvm
__pfx_pvclock_irq_work_fn	0xffffffffc047c9b0	0x0	kvm
pvclock_irq_work_fn	0xffffffffc047c9c0	0x0	kvm
__pfx_kvm_x86_check_processor_compatibility	0xffffffffc047c9f0	0x0	kvm
kvm_x86_check_processor_compatibility	0xffffffffc047ca00	0x0	kvm
__pfx_kvm_x86_check_cpu_compat	0xffffffffc047cc70	0x0	kvm
kvm_x86_check_cpu_compat	0xffffffffc047cc80	0x0	kvm
__pfx_emulator_intercept	0xffffffffc047cca0	0x0	kvm
emulator_intercept	0xffffffffc047ccb0	0x0	kvm
__pfx_kvm_vcpu_apicv_activated	0xffffffffc047ccd0	0x0	kvm
kvm_vcpu_apicv_activated	0xffffffffc047cce0	0x0	kvm
__pfx_kvm_ops_update	0xffffffffc047cd10	0x0	kvm
kvm_ops_update	0xffffffffc047cd20	0x0	kvm
__pfx_tsc_khz_changed	0xffffffffc047e000	0x0	kvm
tsc_khz_changed	0xffffffffc047e010	0x0	kvm
__pfx_kvm_x86_vendor_exit	0xffffffffc047e060	0x0	kvm
kvm_x86_vendor_exit	0xffffffffc047e070	0x0	kvm
__pfx_emulator_get_cpuid	0xffffffffc047e160	0x0	kvm
emulator_get_cpuid	0xffffffffc047e170	0x0	kvm
__pfx_emulator_check_rdpmc_early	0xffffffffc047e190	0x0	kvm
emulator_check_rdpmc_early	0xffffffffc047e1a0	0x0	kvm
__pfx_emulator_invlpg	0xffffffffc047e1c0	0x0	kvm
emulator_invlpg	0xffffffffc047e1d0	0x0	kvm
__pfx_read_emulate	0xffffffffc047e1f0	0x0	kvm
read_emulate	0xffffffffc047e200	0x0	kvm
__pfx_memslot_rmap_free	0xffffffffc047e220	0x0	kvm
memslot_rmap_free	0xffffffffc047e230	0x0	kvm
__pfx_set_msr_mce	0xffffffffc047e290	0x0	kvm
set_msr_mce	0xffffffffc047e2a0	0x0	kvm
__pfx_kvm_get_allowed_disable_exits	0xffffffffc047e480	0x0	kvm
kvm_get_allowed_disable_exits	0xffffffffc047e490	0x0	kvm
__pfx_trace_raw_output_kvm_entry	0xffffffffc047e520	0x0	kvm
trace_raw_output_kvm_entry	0xffffffffc047e530	0x0	kvm
__pfx_trace_raw_output_kvm_hv_hypercall	0xffffffffc047e5c0	0x0	kvm
trace_raw_output_kvm_hv_hypercall	0xffffffffc047e5d0	0x0	kvm
__pfx_trace_raw_output_kvm_cpuid	0xffffffffc047e680	0x0	kvm
trace_raw_output_kvm_cpuid	0xffffffffc047e690	0x0	kvm
__pfx_trace_raw_output_kvm_inj_virq	0xffffffffc047e760	0x0	kvm
trace_raw_output_kvm_inj_virq	0xffffffffc047e770	0x0	kvm
__pfx_trace_raw_output_kvm_pic_set_irq	0xffffffffc047e810	0x0	kvm
trace_raw_output_kvm_pic_set_irq	0xffffffffc047e820	0x0	kvm
__pfx_trace_raw_output_kvm_nested_vmenter	0xffffffffc047e8e0	0x0	kvm
trace_raw_output_kvm_nested_vmenter	0xffffffffc047e8f0	0x0	kvm
__pfx_trace_raw_output_vcpu_match_mmio	0xffffffffc047ea00	0x0	kvm
trace_raw_output_vcpu_match_mmio	0xffffffffc047ea10	0x0	kvm
__pfx_trace_raw_output_kvm_smm_transition	0xffffffffc047eac0	0x0	kvm
trace_raw_output_kvm_smm_transition	0xffffffffc047ead0	0x0	kvm
__pfx_trace_raw_output_kvm_pi_irte_update	0xffffffffc047eb50	0x0	kvm
trace_raw_output_kvm_pi_irte_update	0xffffffffc047eb60	0x0	kvm
__pfx_trace_raw_output_kvm_hv_synic_set_msr	0xffffffffc047ebf0	0x0	kvm
trace_raw_output_kvm_hv_synic_set_msr	0xffffffffc047ec00	0x0	kvm
__pfx_trace_raw_output_kvm_hv_stimer_set_config	0xffffffffc047ec70	0x0	kvm
trace_raw_output_kvm_hv_stimer_set_config	0xffffffffc047ec80	0x0	kvm
__pfx_trace_raw_output_kvm_hv_stimer_set_count	0xffffffffc047ecf0	0x0	kvm
trace_raw_output_kvm_hv_stimer_set_count	0xffffffffc047ed00	0x0	kvm
__pfx_trace_raw_output_kvm_hv_flush_tlb	0xffffffffc047ed70	0x0	kvm
trace_raw_output_kvm_hv_flush_tlb	0xffffffffc047ed80	0x0	kvm
__pfx_trace_raw_output_kvm_hv_flush_tlb_ex	0xffffffffc047ee00	0x0	kvm
trace_raw_output_kvm_hv_flush_tlb_ex	0xffffffffc047ee10	0x0	kvm
__pfx_trace_raw_output_kvm_pv_tlb_flush	0xffffffffc047eea0	0x0	kvm
trace_raw_output_kvm_pv_tlb_flush	0xffffffffc047eeb0	0x0	kvm
__pfx_trace_raw_output_kvm_ioapic_set_irq	0xffffffffc047ef30	0x0	kvm
trace_raw_output_kvm_ioapic_set_irq	0xffffffffc047ef40	0x0	kvm
__pfx_trace_raw_output_kvm_inj_exception	0xffffffffc047f050	0x0	kvm
trace_raw_output_kvm_inj_exception	0xffffffffc047f060	0x0	kvm
__pfx_trace_raw_output_kvm_update_master_clock	0xffffffffc047f160	0x0	kvm
trace_raw_output_kvm_update_master_clock	0xffffffffc047f170	0x0	kvm
__pfx_trace_raw_output_kvm_track_tsc	0xffffffffc047f200	0x0	kvm
trace_raw_output_kvm_track_tsc	0xffffffffc047f210	0x0	kvm
__pfx_trace_raw_output_kvm_avic_unaccelerated_access	0xffffffffc047f2a0	0x0	kvm
trace_raw_output_kvm_avic_unaccelerated_access	0xffffffffc047f2b0	0x0	kvm
__pfx_trace_raw_output_kvm_apicv_inhibit_changed	0xffffffffc047f390	0x0	kvm
trace_raw_output_kvm_apicv_inhibit_changed	0xffffffffc047f3a0	0x0	kvm
__pfx_do_perf_trace_kvm_emulate_insn	0xffffffffc047f470	0x0	kvm
do_perf_trace_kvm_emulate_insn	0xffffffffc047f480	0x0	kvm
__pfx_perf_trace_kvm_emulate_insn	0xffffffffc047f600	0x0	kvm
perf_trace_kvm_emulate_insn	0xffffffffc047f610	0x0	kvm
__pfx_do_trace_event_raw_event_kvm_emulate_insn	0xffffffffc047f630	0x0	kvm
do_trace_event_raw_event_kvm_emulate_insn	0xffffffffc047f640	0x0	kvm
__pfx_trace_event_raw_event_kvm_emulate_insn	0xffffffffc047f770	0x0	kvm
trace_event_raw_event_kvm_emulate_insn	0xffffffffc047f780	0x0	kvm
__pfx_complete_emulator_pio_in	0xffffffffc047f7a0	0x0	kvm
complete_emulator_pio_in	0xffffffffc047f7b0	0x0	kvm
__pfx_write_exit_mmio	0xffffffffc047f840	0x0	kvm
write_exit_mmio	0xffffffffc047f850	0x0	kvm
__pfx_complete_sev_es_emulated_mmio	0xffffffffc047f890	0x0	kvm
complete_sev_es_emulated_mmio	0xffffffffc047f8a0	0x0	kvm
__pfx_kvm_inject_emulated_page_fault	0xffffffffc047fa20	0x0	kvm
kvm_inject_emulated_page_fault	0xffffffffc047fa30	0x0	kvm
__pfx_prepare_emulation_failure_exit	0xffffffffc047fac0	0x0	kvm
prepare_emulation_failure_exit	0xffffffffc047fad0	0x0	kvm
__pfx___kvm_prepare_emulation_failure_exit	0xffffffffc047fca0	0x0	kvm
__kvm_prepare_emulation_failure_exit	0xffffffffc047fcb0	0x0	kvm
__pfx_kvm_prepare_emulation_failure_exit	0xffffffffc047fcd0	0x0	kvm
kvm_prepare_emulation_failure_exit	0xffffffffc047fce0	0x0	kvm
__pfx_pvclock_update_vm_gtod_copy	0xffffffffc047fd00	0x0	kvm
pvclock_update_vm_gtod_copy	0xffffffffc047fd10	0x0	kvm
__pfx_kvm_setup_guest_pvclock	0xffffffffc047fec0	0x0	kvm
kvm_setup_guest_pvclock	0xffffffffc047fed0	0x0	kvm
__pfx_emulator_vm_bugged	0xffffffffc0480040	0x0	kvm
emulator_vm_bugged	0xffffffffc0480050	0x0	kvm
__pfx_emulator_pio_in_out	0xffffffffc04800b0	0x0	kvm
emulator_pio_in_out	0xffffffffc04800c0	0x0	kvm
__pfx_kvm_init_pmu_capability	0xffffffffc0480290	0x0	kvm
kvm_init_pmu_capability	0xffffffffc04802a0	0x0	kvm
__pfx___x86_set_memory_region	0xffffffffc04803f0	0x0	kvm
__x86_set_memory_region	0xffffffffc0480400	0x0	kvm
__pfx_kvm_vcpu_write_tsc_multiplier	0xffffffffc0480650	0x0	kvm
kvm_vcpu_write_tsc_multiplier	0xffffffffc0480660	0x0	kvm
__pfx_read_prepare	0xffffffffc0480720	0x0	kvm
read_prepare	0xffffffffc0480730	0x0	kvm
__pfx_kvm_get_walltime_and_clockread.part.0	0xffffffffc04807a0	0x0	kvm
kvm_get_walltime_and_clockread.part.0	0xffffffffc04807b0	0x0	kvm
__pfx_pvclock_gtod_notify	0xffffffffc04808a0	0x0	kvm
pvclock_gtod_notify	0xffffffffc04808b0	0x0	kvm
__pfx_kvm_arch_unregister_noncoherent_dma	0xffffffffc04809b0	0x0	kvm
kvm_arch_unregister_noncoherent_dma	0xffffffffc04809c0	0x0	kvm
__pfx_kvm_deliver_exception_payload	0xffffffffc0480a00	0x0	kvm
kvm_deliver_exception_payload	0xffffffffc0480a10	0x0	kvm
__pfx_kvm_sched_yield	0xffffffffc0480ab0	0x0	kvm
kvm_sched_yield	0xffffffffc0480ac0	0x0	kvm
__pfx___probestub_kvm_hv_syndbg_get_msr	0xffffffffc0480b70	0x0	kvm
__probestub_kvm_hv_syndbg_get_msr	0xffffffffc0480b80	0x0	kvm
__pfx___probestub_kvm_vmgexit_msr_protocol_enter	0xffffffffc0480b90	0x0	kvm
__probestub_kvm_vmgexit_msr_protocol_enter	0xffffffffc0480ba0	0x0	kvm
__pfx___probestub_kvm_hv_stimer_start_one_shot	0xffffffffc0480bb0	0x0	kvm
__probestub_kvm_hv_stimer_start_one_shot	0xffffffffc0480bc0	0x0	kvm
__pfx___probestub_kvm_hv_stimer_set_count	0xffffffffc0480bd0	0x0	kvm
__probestub_kvm_hv_stimer_set_count	0xffffffffc0480be0	0x0	kvm
__pfx___probestub_kvm_hv_stimer_cleanup	0xffffffffc0480bf0	0x0	kvm
__probestub_kvm_hv_stimer_cleanup	0xffffffffc0480c00	0x0	kvm
__pfx___probestub_kvm_vmgexit_exit	0xffffffffc0480c10	0x0	kvm
__probestub_kvm_vmgexit_exit	0xffffffffc0480c20	0x0	kvm
__pfx___probestub_kvm_avic_kick_vcpu_slowpath	0xffffffffc0480c30	0x0	kvm
__probestub_kvm_avic_kick_vcpu_slowpath	0xffffffffc0480c40	0x0	kvm
__pfx___probestub_kvm_hv_send_ipi_ex	0xffffffffc0480c50	0x0	kvm
__probestub_kvm_hv_send_ipi_ex	0xffffffffc0480c60	0x0	kvm
__pfx___probestub_kvm_pv_eoi	0xffffffffc0480c70	0x0	kvm
__probestub_kvm_pv_eoi	0xffffffffc0480c80	0x0	kvm
__pfx___probestub_kvm_apicv_accept_irq	0xffffffffc0480c90	0x0	kvm
__probestub_kvm_apicv_accept_irq	0xffffffffc0480ca0	0x0	kvm
__pfx___probestub_kvm_hv_timer_state	0xffffffffc0480cb0	0x0	kvm
__probestub_kvm_hv_timer_state	0xffffffffc0480cc0	0x0	kvm
__pfx___probestub_kvm_nested_vmexit	0xffffffffc0480cd0	0x0	kvm
__probestub_kvm_nested_vmexit	0xffffffffc0480ce0	0x0	kvm
__pfx___probestub_kvm_cr	0xffffffffc0480cf0	0x0	kvm
__probestub_kvm_cr	0xffffffffc0480d00	0x0	kvm
__pfx___probestub_kvm_nested_intr_vmexit	0xffffffffc0480d10	0x0	kvm
__probestub_kvm_nested_intr_vmexit	0xffffffffc0480d20	0x0	kvm
__pfx_kvm_vcpu_ioctl_x86_get_xsave2	0xffffffffc0480d30	0x0	kvm
kvm_vcpu_ioctl_x86_get_xsave2	0xffffffffc0480d40	0x0	kvm
__pfx_emulator_get_untagged_addr	0xffffffffc0480db0	0x0	kvm
emulator_get_untagged_addr	0xffffffffc0480dc0	0x0	kvm
__pfx_kvm_emulate_wbinvd_noskip.isra.0	0xffffffffc0480df0	0x0	kvm
kvm_emulate_wbinvd_noskip.isra.0	0xffffffffc0480e00	0x0	kvm
__pfx_emulator_wbinvd	0xffffffffc0480e80	0x0	kvm
emulator_wbinvd	0xffffffffc0480e90	0x0	kvm
__pfx_kvm_set_msr_ignored_check	0xffffffffc0480eb0	0x0	kvm
kvm_set_msr_ignored_check	0xffffffffc0480ec0	0x0	kvm
__pfx_kvm_set_msr	0xffffffffc04811f0	0x0	kvm
kvm_set_msr	0xffffffffc0481200	0x0	kvm
__pfx_kvm_set_msr_with_filter	0xffffffffc0481220	0x0	kvm
kvm_set_msr_with_filter	0xffffffffc0481230	0x0	kvm
__pfx_perf_trace_kvm_xen_hypercall	0xffffffffc0481280	0x0	kvm
perf_trace_kvm_xen_hypercall	0xffffffffc0481290	0x0	kvm
__pfx_trace_event_raw_event_kvm_xen_hypercall	0xffffffffc04813c0	0x0	kvm
trace_event_raw_event_kvm_xen_hypercall	0xffffffffc04813d0	0x0	kvm
__pfx_do_perf_trace_kvm_nested_vmenter_failed	0xffffffffc04814b0	0x0	kvm
do_perf_trace_kvm_nested_vmenter_failed	0xffffffffc04814c0	0x0	kvm
__pfx_perf_trace_kvm_nested_vmenter_failed	0xffffffffc0481630	0x0	kvm
perf_trace_kvm_nested_vmenter_failed	0xffffffffc0481640	0x0	kvm
__pfx_emulator_triple_fault	0xffffffffc0481650	0x0	kvm
emulator_triple_fault	0xffffffffc0481660	0x0	kvm
__pfx_kvmclock_cpufreq_notifier	0xffffffffc0481680	0x0	kvm
kvmclock_cpufreq_notifier	0xffffffffc0481690	0x0	kvm
__pfx_pvclock_gtod_update_fn	0xffffffffc0481870	0x0	kvm
pvclock_gtod_update_fn	0xffffffffc0481880	0x0	kvm
__pfx_process_nmi	0xffffffffc0481990	0x0	kvm
process_nmi	0xffffffffc04819a0	0x0	kvm
__pfx_kvm_end_pvclock_update	0xffffffffc0481a50	0x0	kvm
kvm_end_pvclock_update	0xffffffffc0481a60	0x0	kvm
__pfx_kvm_hyperv_tsc_notifier	0xffffffffc0481bb0	0x0	kvm
kvm_hyperv_tsc_notifier	0xffffffffc0481bc0	0x0	kvm
__pfx_kvm_write_system_time	0xffffffffc0481d20	0x0	kvm
kvm_write_system_time	0xffffffffc0481d30	0x0	kvm
__pfx_kvm_track_tsc_matching	0xffffffffc0481df0	0x0	kvm
kvm_track_tsc_matching	0xffffffffc0481e00	0x0	kvm
__pfx_kvm_post_set_cr0	0xffffffffc0481f10	0x0	kvm
kvm_post_set_cr0	0xffffffffc0481f20	0x0	kvm
__pfx_kvm_post_set_cr4	0xffffffffc0481fc0	0x0	kvm
kvm_post_set_cr4	0xffffffffc0481fd0	0x0	kvm
__pfx_kvmclock_update_fn	0xffffffffc04820e0	0x0	kvm
kvmclock_update_fn	0xffffffffc04820f0	0x0	kvm
__pfx___probestub_kvm_avic_ga_log	0xffffffffc04821b0	0x0	kvm
__probestub_kvm_avic_ga_log	0xffffffffc04821c0	0x0	kvm
__pfx___probestub_kvm_nested_vmenter_failed	0xffffffffc04821d0	0x0	kvm
__probestub_kvm_nested_vmenter_failed	0xffffffffc04821e0	0x0	kvm
__pfx___probestub_kvm_vmgexit_enter	0xffffffffc04821f0	0x0	kvm
__probestub_kvm_vmgexit_enter	0xffffffffc0482200	0x0	kvm
__pfx___probestub_kvm_avic_doorbell	0xffffffffc0482210	0x0	kvm
__probestub_kvm_avic_doorbell	0xffffffffc0482220	0x0	kvm
__pfx___probestub_kvm_hv_stimer_callback	0xffffffffc0482230	0x0	kvm
__probestub_kvm_hv_stimer_callback	0xffffffffc0482240	0x0	kvm
__pfx___probestub_kvm_fast_mmio	0xffffffffc0482250	0x0	kvm
__probestub_kvm_fast_mmio	0xffffffffc0482260	0x0	kvm
__pfx___probestub_kvm_ioapic_delayed_eoi_inj	0xffffffffc0482270	0x0	kvm
__probestub_kvm_ioapic_delayed_eoi_inj	0xffffffffc0482280	0x0	kvm
__pfx___bpf_trace_kvm_hv_stimer_start_one_shot	0xffffffffc0482290	0x0	kvm
__bpf_trace_kvm_hv_stimer_start_one_shot	0xffffffffc04822a0	0x0	kvm
__pfx___bpf_trace_kvm_hv_stimer_callback	0xffffffffc04822c0	0x0	kvm
__bpf_trace_kvm_hv_stimer_callback	0xffffffffc04822d0	0x0	kvm
__pfx___bpf_trace_kvm_hv_stimer_cleanup	0xffffffffc04822f0	0x0	kvm
__bpf_trace_kvm_hv_stimer_cleanup	0xffffffffc0482300	0x0	kvm
__pfx___bpf_trace_kvm_apicv_accept_irq	0xffffffffc0482320	0x0	kvm
__bpf_trace_kvm_apicv_accept_irq	0xffffffffc0482330	0x0	kvm
__pfx___bpf_trace_kvm_avic_ga_log	0xffffffffc0482350	0x0	kvm
__bpf_trace_kvm_avic_ga_log	0xffffffffc0482360	0x0	kvm
__pfx___bpf_trace_kvm_avic_kick_vcpu_slowpath	0xffffffffc0482380	0x0	kvm
__bpf_trace_kvm_avic_kick_vcpu_slowpath	0xffffffffc0482390	0x0	kvm
__pfx___bpf_trace_kvm_avic_doorbell	0xffffffffc04823b0	0x0	kvm
__bpf_trace_kvm_avic_doorbell	0xffffffffc04823c0	0x0	kvm
__pfx___bpf_trace_kvm_hv_timer_state	0xffffffffc04823e0	0x0	kvm
__bpf_trace_kvm_hv_timer_state	0xffffffffc04823f0	0x0	kvm
__pfx___bpf_trace_kvm_hv_send_ipi_ex	0xffffffffc0482410	0x0	kvm
__bpf_trace_kvm_hv_send_ipi_ex	0xffffffffc0482420	0x0	kvm
__pfx___bpf_trace_kvm_nested_vmenter_failed	0xffffffffc0482440	0x0	kvm
__bpf_trace_kvm_nested_vmenter_failed	0xffffffffc0482450	0x0	kvm
__pfx___bpf_trace_kvm_hv_syndbg_get_msr	0xffffffffc0482470	0x0	kvm
__bpf_trace_kvm_hv_syndbg_get_msr	0xffffffffc0482480	0x0	kvm
__pfx___bpf_trace_kvm_vmgexit_enter	0xffffffffc04824a0	0x0	kvm
__bpf_trace_kvm_vmgexit_enter	0xffffffffc04824b0	0x0	kvm
__pfx___bpf_trace_kvm_vmgexit_exit	0xffffffffc04824d0	0x0	kvm
__bpf_trace_kvm_vmgexit_exit	0xffffffffc04824e0	0x0	kvm
__pfx___bpf_trace_kvm_vmgexit_msr_protocol_enter	0xffffffffc0482500	0x0	kvm
__bpf_trace_kvm_vmgexit_msr_protocol_enter	0xffffffffc0482510	0x0	kvm
__pfx___bpf_trace_kvm_fast_mmio	0xffffffffc0482530	0x0	kvm
__bpf_trace_kvm_fast_mmio	0xffffffffc0482540	0x0	kvm
__pfx___bpf_trace_kvm_ioapic_delayed_eoi_inj	0xffffffffc0482550	0x0	kvm
__bpf_trace_kvm_ioapic_delayed_eoi_inj	0xffffffffc0482560	0x0	kvm
__pfx___bpf_trace_kvm_cr	0xffffffffc0482570	0x0	kvm
__bpf_trace_kvm_cr	0xffffffffc0482580	0x0	kvm
__pfx___bpf_trace_kvm_pv_eoi	0xffffffffc04825a0	0x0	kvm
__bpf_trace_kvm_pv_eoi	0xffffffffc04825b0	0x0	kvm
__pfx___bpf_trace_kvm_nested_vmexit	0xffffffffc04825d0	0x0	kvm
__bpf_trace_kvm_nested_vmexit	0xffffffffc04825e0	0x0	kvm
__pfx___bpf_trace_kvm_nested_intr_vmexit	0xffffffffc0482600	0x0	kvm
__bpf_trace_kvm_nested_intr_vmexit	0xffffffffc0482610	0x0	kvm
__pfx___bpf_trace_kvm_hv_stimer_set_count	0xffffffffc0482620	0x0	kvm
__bpf_trace_kvm_hv_stimer_set_count	0xffffffffc0482630	0x0	kvm
__pfx_emulator_guest_cpuid_is_intel_compatible	0xffffffffc0482650	0x0	kvm
emulator_guest_cpuid_is_intel_compatible	0xffffffffc0482660	0x0	kvm
__pfx_kvm_calc_nested_tsc_multiplier	0xffffffffc0482690	0x0	kvm
kvm_calc_nested_tsc_multiplier	0xffffffffc04826a0	0x0	kvm
__pfx_kvm_arch_register_noncoherent_dma	0xffffffffc0482720	0x0	kvm
kvm_arch_register_noncoherent_dma	0xffffffffc0482730	0x0	kvm
__pfx_vcpu_is_mmio_gpa	0xffffffffc0482770	0x0	kvm
vcpu_is_mmio_gpa	0xffffffffc0482780	0x0	kvm
__pfx_kvmclock_sync_fn	0xffffffffc0482830	0x0	kvm
kvmclock_sync_fn	0xffffffffc0482840	0x0	kvm
__pfx_kvm_sev_es_outs	0xffffffffc0482890	0x0	kvm
kvm_sev_es_outs	0xffffffffc04828a0	0x0	kvm
__pfx_complete_sev_es_emulated_outs	0xffffffffc04829b0	0x0	kvm
complete_sev_es_emulated_outs	0xffffffffc04829c0	0x0	kvm
__pfx_kvm_load_guest_fpu	0xffffffffc0482a00	0x0	kvm
kvm_load_guest_fpu	0xffffffffc0482a10	0x0	kvm
__pfx_kvm_put_guest_fpu	0xffffffffc0482a70	0x0	kvm
kvm_put_guest_fpu	0xffffffffc0482a80	0x0	kvm
__pfx_kvm_sev_es_ins	0xffffffffc0482af0	0x0	kvm
kvm_sev_es_ins	0xffffffffc0482b00	0x0	kvm
__pfx_complete_sev_es_emulated_ins	0xffffffffc0482c00	0x0	kvm
complete_sev_es_emulated_ins	0xffffffffc0482c10	0x0	kvm
__pfx_kvm_sev_es_string_io	0xffffffffc0482c90	0x0	kvm
kvm_sev_es_string_io	0xffffffffc0482ca0	0x0	kvm
__pfx_kvm_handle_memory_failure	0xffffffffc0482ce0	0x0	kvm
kvm_handle_memory_failure	0xffffffffc0482cf0	0x0	kvm
__pfx_emulator_pio_out_emulated	0xffffffffc0482d80	0x0	kvm
emulator_pio_out_emulated	0xffffffffc0482d90	0x0	kvm
__pfx_write_emulate	0xffffffffc0482e20	0x0	kvm
write_emulate	0xffffffffc0482e30	0x0	kvm
__pfx_emulator_get_dr	0xffffffffc0482e90	0x0	kvm
emulator_get_dr	0xffffffffc0482ea0	0x0	kvm
__pfx_read_exit_mmio	0xffffffffc0482f30	0x0	kvm
read_exit_mmio	0xffffffffc0482f40	0x0	kvm
__pfx_kvmclock_cpu_online	0xffffffffc0482fa0	0x0	kvm
kvmclock_cpu_online	0xffffffffc0482fb0	0x0	kvm
__pfx_emulator_pio_in_emulated	0xffffffffc0483000	0x0	kvm
emulator_pio_in_emulated	0xffffffffc0483010	0x0	kvm
__pfx_kvm_multiple_exception	0xffffffffc04830d0	0x0	kvm
kvm_multiple_exception	0xffffffffc04830e0	0x0	kvm
__pfx_kvm_queue_exception_e	0xffffffffc0483270	0x0	kvm
kvm_queue_exception_e	0xffffffffc0483280	0x0	kvm
__pfx_kvm_queue_exception	0xffffffffc04832b0	0x0	kvm
kvm_queue_exception	0xffffffffc04832c0	0x0	kvm
__pfx_kvm_queue_exception_p	0xffffffffc04832e0	0x0	kvm
kvm_queue_exception_p	0xffffffffc04832f0	0x0	kvm
__pfx_kvm_vcpu_flush_tlb_guest	0xffffffffc0483320	0x0	kvm
kvm_vcpu_flush_tlb_guest	0xffffffffc0483330	0x0	kvm
__pfx_kvm_service_local_tlb_flush_requests	0xffffffffc04833d0	0x0	kvm
kvm_service_local_tlb_flush_requests	0xffffffffc04833e0	0x0	kvm
__pfx_record_steal_time	0xffffffffc0483450	0x0	kvm
record_steal_time	0xffffffffc0483460	0x0	kvm
__pfx_kvm_handle_invalid_op	0xffffffffc04836b0	0x0	kvm
kvm_handle_invalid_op	0xffffffffc04836c0	0x0	kvm
__pfx_kvm_read_l1_tsc	0xffffffffc04836f0	0x0	kvm
kvm_read_l1_tsc	0xffffffffc0483700	0x0	kvm
__pfx_kvm_vcpu_write_tsc_offset.part.0	0xffffffffc04837a0	0x0	kvm
kvm_vcpu_write_tsc_offset.part.0	0xffffffffc04837b0	0x0	kvm
__pfx_kvm_compute_l1_tsc_offset.isra.0	0xffffffffc04838e0	0x0	kvm
kvm_compute_l1_tsc_offset.isra.0	0xffffffffc04838f0	0x0	kvm
__pfx_kvm_vm_ioctl_set_msr_filter	0xffffffffc0483990	0x0	kvm
kvm_vm_ioctl_set_msr_filter	0xffffffffc04839a0	0x0	kvm
__pfx_write_mmio	0xffffffffc0483c50	0x0	kvm
write_mmio	0xffffffffc0483c60	0x0	kvm
__pfx_kvm_sev_es_mmio_write	0xffffffffc0483d50	0x0	kvm
kvm_sev_es_mmio_write	0xffffffffc0483d60	0x0	kvm
__pfx_vcpu_mmio_read	0xffffffffc0483e60	0x0	kvm
vcpu_mmio_read	0xffffffffc0483e70	0x0	kvm
__pfx_kvm_sev_es_mmio_read	0xffffffffc0483f60	0x0	kvm
kvm_sev_es_mmio_read	0xffffffffc0483f70	0x0	kvm
__pfx_kvm_vcpu_deliver_sipi_vector	0xffffffffc0484040	0x0	kvm
kvm_vcpu_deliver_sipi_vector	0xffffffffc0484050	0x0	kvm
__pfx_inject_emulated_exception	0xffffffffc0484110	0x0	kvm
inject_emulated_exception	0xffffffffc0484120	0x0	kvm
__pfx_kvm_get_cr8	0xffffffffc04841b0	0x0	kvm
kvm_get_cr8	0xffffffffc04841c0	0x0	kvm
__pfx_kvm_on_user_return	0xffffffffc04841f0	0x0	kvm
kvm_on_user_return	0xffffffffc0484200	0x0	kvm
__pfx_kvm_valid_efer	0xffffffffc0484300	0x0	kvm
kvm_valid_efer	0xffffffffc0484310	0x0	kvm
__pfx_do_trace_event_raw_event_kvm_nested_vmenter_failed	0xffffffffc04843a0	0x0	kvm
do_trace_event_raw_event_kvm_nested_vmenter_failed	0xffffffffc04843b0	0x0	kvm
__pfx_trace_event_raw_event_kvm_nested_vmenter_failed	0xffffffffc04844b0	0x0	kvm
trace_event_raw_event_kvm_nested_vmenter_failed	0xffffffffc04844c0	0x0	kvm
__pfx_emulator_write_gpr	0xffffffffc04844d0	0x0	kvm
emulator_write_gpr	0xffffffffc04844e0	0x0	kvm
__pfx___kvm_synchronize_tsc	0xffffffffc0484560	0x0	kvm
__kvm_synchronize_tsc	0xffffffffc0484570	0x0	kvm
__pfx_kvm_synchronize_tsc	0xffffffffc04846d0	0x0	kvm
kvm_synchronize_tsc	0xffffffffc04846e0	0x0	kvm
__pfx_kvm_requeue_exception	0xffffffffc0484940	0x0	kvm
kvm_requeue_exception	0xffffffffc0484950	0x0	kvm
__pfx_kvm_set_cr8	0xffffffffc04849f0	0x0	kvm
kvm_set_cr8	0xffffffffc0484a00	0x0	kvm
__pfx_kvm_set_tsc_khz	0xffffffffc0484a40	0x0	kvm
kvm_set_tsc_khz	0xffffffffc0484a50	0x0	kvm
__pfx___get_kvmclock	0xffffffffc0484c70	0x0	kvm
__get_kvmclock	0xffffffffc0484c80	0x0	kvm
__pfx___kvm_vcpu_update_apicv	0xffffffffc0484e70	0x0	kvm
__kvm_vcpu_update_apicv	0xffffffffc0484e80	0x0	kvm
__pfx_handle_emulation_failure	0xffffffffc0484f60	0x0	kvm
handle_emulation_failure	0xffffffffc0484f70	0x0	kvm
__pfx_update_cr8_intercept	0xffffffffc04850a0	0x0	kvm
update_cr8_intercept	0xffffffffc04850b0	0x0	kvm
__pfx_do_get_feature_msr	0xffffffffc0485150	0x0	kvm
do_get_feature_msr	0xffffffffc0485160	0x0	kvm
__pfx_vcpu_scan_ioapic	0xffffffffc0485390	0x0	kvm
vcpu_scan_ioapic	0xffffffffc04853a0	0x0	kvm
__pfx_emulator_read_gpr	0xffffffffc04854b0	0x0	kvm
emulator_read_gpr	0xffffffffc04854c0	0x0	kvm
__pfx_kvm_inject_exception	0xffffffffc0485530	0x0	kvm
kvm_inject_exception	0xffffffffc0485540	0x0	kvm
__pfx_kvm_set_user_return_msr	0xffffffffc0485600	0x0	kvm
kvm_set_user_return_msr	0xffffffffc0485610	0x0	kvm
__pfx_load_pdptrs	0xffffffffc0485770	0x0	kvm
load_pdptrs	0xffffffffc0485780	0x0	kvm
__pfx_complete_fast_rdmsr_imm	0xffffffffc0485990	0x0	kvm
complete_fast_rdmsr_imm	0xffffffffc04859a0	0x0	kvm
__pfx___kvm_emulate_wrmsr	0xffffffffc0485ab0	0x0	kvm
__kvm_emulate_wrmsr	0xffffffffc0485ac0	0x0	kvm
__pfx_kvm_emulate_wrmsr	0xffffffffc0485c10	0x0	kvm
kvm_emulate_wrmsr	0xffffffffc0485c20	0x0	kvm
__pfx_kvm_emulate_wrmsr_imm	0xffffffffc0485c50	0x0	kvm
kvm_emulate_wrmsr_imm	0xffffffffc0485c60	0x0	kvm
__pfx_init_emulate_ctxt	0xffffffffc0485d60	0x0	kvm
init_emulate_ctxt	0xffffffffc0485d70	0x0	kvm
__pfx_x86_decode_emulated_instruction	0xffffffffc0485ea0	0x0	kvm
x86_decode_emulated_instruction	0xffffffffc0485eb0	0x0	kvm
__pfx___get_regs	0xffffffffc0485f40	0x0	kvm
__get_regs	0xffffffffc0485f50	0x0	kvm
__pfx_____kvm_emulate_hypercall	0xffffffffc04860d0	0x0	kvm
____kvm_emulate_hypercall	0xffffffffc04860e0	0x0	kvm
__pfx_kvm_vcpu_ioctl_x86_get_vcpu_events	0xffffffffc04865e0	0x0	kvm
kvm_vcpu_ioctl_x86_get_vcpu_events	0xffffffffc04865f0	0x0	kvm
__pfx_emulator_set_msr_with_filter	0xffffffffc0486960	0x0	kvm
emulator_set_msr_with_filter	0xffffffffc0486970	0x0	kvm
__pfx_kvm_require_dr	0xffffffffc0486a90	0x0	kvm
kvm_require_dr	0xffffffffc0486aa0	0x0	kvm
__pfx_emulator_is_canonical_addr	0xffffffffc0486b20	0x0	kvm
emulator_is_canonical_addr	0xffffffffc0486b30	0x0	kvm
__pfx___get_sregs_common	0xffffffffc0486b90	0x0	kvm
__get_sregs_common	0xffffffffc0486ba0	0x0	kvm
__pfx___get_sregs	0xffffffffc0486e10	0x0	kvm
__get_sregs	0xffffffffc0486e20	0x0	kvm
__pfx_kvm_invalidate_pcid	0xffffffffc0486ea0	0x0	kvm
kvm_invalidate_pcid	0xffffffffc0486eb0	0x0	kvm
__pfx_trace_event_raw_event_kvm_page_fault	0xffffffffc0486fc0	0x0	kvm
trace_event_raw_event_kvm_page_fault	0xffffffffc0486fd0	0x0	kvm
__pfx_trace_event_raw_event_kvm_entry	0xffffffffc04870d0	0x0	kvm
trace_event_raw_event_kvm_entry	0xffffffffc04870e0	0x0	kvm
__pfx_trace_event_raw_event_kvm_exit	0xffffffffc04871f0	0x0	kvm
trace_event_raw_event_kvm_exit	0xffffffffc0487200	0x0	kvm
__pfx_trace_event_raw_event_kvm_nested_vmexit	0xffffffffc0487320	0x0	kvm
trace_event_raw_event_kvm_nested_vmexit	0xffffffffc0487330	0x0	kvm
__pfx_kvm_vcpu_ioctl_x86_set_vcpu_events	0xffffffffc0487450	0x0	kvm
kvm_vcpu_ioctl_x86_set_vcpu_events	0xffffffffc0487460	0x0	kvm
__pfx_perf_trace_kvm_page_fault	0xffffffffc0487760	0x0	kvm
perf_trace_kvm_page_fault	0xffffffffc0487770	0x0	kvm
__pfx_perf_trace_kvm_entry	0xffffffffc04878c0	0x0	kvm
perf_trace_kvm_entry	0xffffffffc04878d0	0x0	kvm
__pfx_perf_trace_kvm_exit	0xffffffffc0487a30	0x0	kvm
perf_trace_kvm_exit	0xffffffffc0487a40	0x0	kvm
__pfx_perf_trace_kvm_nested_vmexit	0xffffffffc0487bb0	0x0	kvm
perf_trace_kvm_nested_vmexit	0xffffffffc0487bc0	0x0	kvm
__pfx_kvm_set_dr	0xffffffffc0487d30	0x0	kvm
kvm_set_dr	0xffffffffc0487d40	0x0	kvm
__pfx_emulator_set_dr	0xffffffffc0487ea0	0x0	kvm
emulator_set_dr	0xffffffffc0487eb0	0x0	kvm
__pfx_vcpu_mmio_gva_to_gpa	0xffffffffc0487ed0	0x0	kvm
vcpu_mmio_gva_to_gpa	0xffffffffc0487ee0	0x0	kvm
__pfx_emulator_read_write_onepage	0xffffffffc0488140	0x0	kvm
emulator_read_write_onepage	0xffffffffc0488150	0x0	kvm
__pfx_emulator_read_write	0xffffffffc0488310	0x0	kvm
emulator_read_write	0xffffffffc0488320	0x0	kvm
__pfx_emulator_write_emulated	0xffffffffc04884c0	0x0	kvm
emulator_write_emulated	0xffffffffc04884d0	0x0	kvm
__pfx_emulator_fix_hypercall	0xffffffffc04884f0	0x0	kvm
emulator_fix_hypercall	0xffffffffc0488500	0x0	kvm
__pfx_emulator_read_emulated	0xffffffffc04885d0	0x0	kvm
emulator_read_emulated	0xffffffffc04885e0	0x0	kvm
__pfx_emulator_cmpxchg_emulated	0xffffffffc0488600	0x0	kvm
emulator_cmpxchg_emulated	0xffffffffc0488610	0x0	kvm
__pfx_kvm_can_deliver_async_pf	0xffffffffc04888d0	0x0	kvm
kvm_can_deliver_async_pf	0xffffffffc04888e0	0x0	kvm
__pfx_set_efer	0xffffffffc0488990	0x0	kvm
set_efer	0xffffffffc04889a0	0x0	kvm
__pfx_kvm_get_linear_rip	0xffffffffc0488aa0	0x0	kvm
kvm_get_linear_rip	0xffffffffc0488ab0	0x0	kvm
__pfx_kvm_vcpu_do_singlestep	0xffffffffc0488bd0	0x0	kvm
kvm_vcpu_do_singlestep	0xffffffffc0488be0	0x0	kvm
__pfx_kvm_skip_emulated_instruction	0xffffffffc0488c50	0x0	kvm
kvm_skip_emulated_instruction	0xffffffffc0488c60	0x0	kvm
__pfx_kvm_complete_insn_gp	0xffffffffc0488cc0	0x0	kvm
kvm_complete_insn_gp	0xffffffffc0488cd0	0x0	kvm
__pfx_kvm_emulate_xsetbv	0xffffffffc0488d10	0x0	kvm
kvm_emulate_xsetbv	0xffffffffc0488d20	0x0	kvm
__pfx_kvm_emulate_rdpmc	0xffffffffc0488da0	0x0	kvm
kvm_emulate_rdpmc	0xffffffffc0488db0	0x0	kvm
__pfx_handle_fastpath_set_msr_irqoff	0xffffffffc0488e50	0x0	kvm
handle_fastpath_set_msr_irqoff	0xffffffffc0488e60	0x0	kvm
__pfx_kvm_emulate_wbinvd	0xffffffffc0488ff0	0x0	kvm
kvm_emulate_wbinvd	0xffffffffc0489000	0x0	kvm
__pfx_complete_hypercall_exit	0xffffffffc0489030	0x0	kvm
complete_hypercall_exit	0xffffffffc0489040	0x0	kvm
__pfx_kvm_emulate_hypercall	0xffffffffc0489110	0x0	kvm
kvm_emulate_hypercall	0xffffffffc0489120	0x0	kvm
__pfx_kvm_handle_invpcid	0xffffffffc04891b0	0x0	kvm
kvm_handle_invpcid	0xffffffffc04891c0	0x0	kvm
__pfx_kvm_emulate_monitor_mwait	0xffffffffc0489330	0x0	kvm
kvm_emulate_monitor_mwait	0xffffffffc0489340	0x0	kvm
__pfx_kvm_emulate_mwait	0xffffffffc04893f0	0x0	kvm
kvm_emulate_mwait	0xffffffffc0489400	0x0	kvm
__pfx_kvm_emulate_monitor	0xffffffffc0489420	0x0	kvm
kvm_emulate_monitor	0xffffffffc0489430	0x0	kvm
__pfx_kvm_emulate_invd	0xffffffffc0489450	0x0	kvm
kvm_emulate_invd	0xffffffffc0489460	0x0	kvm
__pfx_kvm_is_linear_rip	0xffffffffc0489480	0x0	kvm
kvm_is_linear_rip	0xffffffffc0489490	0x0	kvm
__pfx_complete_fast_pio_out	0xffffffffc04894c0	0x0	kvm
complete_fast_pio_out	0xffffffffc04894d0	0x0	kvm
__pfx_complete_fast_pio_in	0xffffffffc0489520	0x0	kvm
complete_fast_pio_in	0xffffffffc0489530	0x0	kvm
__pfx_kvm_fast_pio	0xffffffffc04895e0	0x0	kvm
kvm_fast_pio	0xffffffffc04895f0	0x0	kvm
__pfx_kvm_set_rflags	0xffffffffc04897d0	0x0	kvm
kvm_set_rflags	0xffffffffc04897e0	0x0	kvm
__pfx___set_regs	0xffffffffc0489840	0x0	kvm
__set_regs	0xffffffffc0489850	0x0	kvm
__pfx_kvm_inject_realmode_interrupt	0xffffffffc04899c0	0x0	kvm
kvm_inject_realmode_interrupt	0xffffffffc04899d0	0x0	kvm
__pfx_kvm_task_switch	0xffffffffc0489aa0	0x0	kvm
kvm_task_switch	0xffffffffc0489ab0	0x0	kvm
__pfx_kvm_set_cr4	0xffffffffc0489bc0	0x0	kvm
kvm_set_cr4	0xffffffffc0489bd0	0x0	kvm
__pfx_kvm_add_user_return_msr	0xffffffffc0489d20	0x0	kvm
kvm_add_user_return_msr	0xffffffffc0489d30	0x0	kvm
__pfx_kvm_spec_ctrl_test_value	0xffffffffc0489e10	0x0	kvm
kvm_spec_ctrl_test_value	0xffffffffc0489e20	0x0	kvm
__pfx_kvm_vcpu_has_events	0xffffffffc0489f00	0x0	kvm
kvm_vcpu_has_events	0xffffffffc0489f10	0x0	kvm
__pfx_kvm_emulate_ap_reset_hold	0xffffffffc048a0f0	0x0	kvm
kvm_emulate_ap_reset_hold	0xffffffffc048a100	0x0	kvm
__pfx_kvm_emulate_halt_noskip	0xffffffffc048a1a0	0x0	kvm
kvm_emulate_halt_noskip	0xffffffffc048a1b0	0x0	kvm
__pfx_kvm_emulate_halt	0xffffffffc048a240	0x0	kvm
kvm_emulate_halt	0xffffffffc048a250	0x0	kvm
__pfx_handle_fastpath_hlt	0xffffffffc048a2f0	0x0	kvm
handle_fastpath_hlt	0xffffffffc048a300	0x0	kvm
__pfx_emulator_get_cr	0xffffffffc048a390	0x0	kvm
emulator_get_cr	0xffffffffc048a3a0	0x0	kvm
__pfx_kvm_vcpu_ready_for_interrupt_injection	0xffffffffc048a4f0	0x0	kvm
kvm_vcpu_ready_for_interrupt_injection	0xffffffffc048a500	0x0	kvm
__pfx_kvm_probe_msr_to_save	0xffffffffc048a5f0	0x0	kvm
kvm_probe_msr_to_save	0xffffffffc048a600	0x0	kvm
__pfx_kvm_vcpu_ioctl_x86_set_mce	0xffffffffc048a880	0x0	kvm
kvm_vcpu_ioctl_x86_set_mce	0xffffffffc048a890	0x0	kvm
__pfx_kvm_load_host_xsave_state.part.0	0xffffffffc048aa60	0x0	kvm
kvm_load_host_xsave_state.part.0	0xffffffffc048aa70	0x0	kvm
__pfx_kvm_load_host_xsave_state	0xffffffffc048ab40	0x0	kvm
kvm_load_host_xsave_state	0xffffffffc048ab50	0x0	kvm
__pfx_kvm_get_msr_common	0xffffffffc048ab90	0x0	kvm
kvm_get_msr_common	0xffffffffc048aba0	0x0	kvm
__pfx_kvm_load_guest_xsave_state.part.0	0xffffffffc048b6f0	0x0	kvm
kvm_load_guest_xsave_state.part.0	0xffffffffc048b700	0x0	kvm
__pfx_kvm_load_guest_xsave_state	0xffffffffc048b7b0	0x0	kvm
kvm_load_guest_xsave_state	0xffffffffc048b7c0	0x0	kvm
__pfx_kvm_get_feature_msr.constprop.0	0xffffffffc048b800	0x0	kvm
kvm_get_feature_msr.constprop.0	0xffffffffc048b810	0x0	kvm
__pfx_kvm_init_msr_lists	0xffffffffc048b8b0	0x0	kvm
kvm_init_msr_lists	0xffffffffc048b8c0	0x0	kvm
__pfx_kvm_x86_vendor_init	0xffffffffc048bb20	0x0	kvm
kvm_x86_vendor_init	0xffffffffc048bb30	0x0	kvm
__pfx_kvm_set_cr3	0xffffffffc048c120	0x0	kvm
kvm_set_cr3	0xffffffffc048c130	0x0	kvm
__pfx_kvm_vcpu_reset	0xffffffffc048c2c0	0x0	kvm
kvm_vcpu_reset	0xffffffffc048c2d0	0x0	kvm
__pfx_kvm_set_cr0	0xffffffffc048c890	0x0	kvm
kvm_set_cr0	0xffffffffc048c8a0	0x0	kvm
__pfx_kvm_lmsw	0xffffffffc048cae0	0x0	kvm
kvm_lmsw	0xffffffffc048caf0	0x0	kvm
__pfx_emulator_set_cr	0xffffffffc048cb50	0x0	kvm
emulator_set_cr	0xffffffffc048cb60	0x0	kvm
__pfx___set_sregs_common.constprop.0	0xffffffffc048ccd0	0x0	kvm
__set_sregs_common.constprop.0	0xffffffffc048cce0	0x0	kvm
__pfx___set_sregs	0xffffffffc048d200	0x0	kvm
__set_sregs	0xffffffffc048d210	0x0	kvm
__pfx_sync_regs	0xffffffffc048d2e0	0x0	kvm
sync_regs	0xffffffffc048d2f0	0x0	kvm
__pfx_kvm_inject_page_fault	0xffffffffc048d460	0x0	kvm
kvm_inject_page_fault	0xffffffffc048d470	0x0	kvm
__pfx_kvm_inject_nmi	0xffffffffc048d4e0	0x0	kvm
kvm_inject_nmi	0xffffffffc048d4f0	0x0	kvm
__pfx_kvm_require_cpl	0xffffffffc048d510	0x0	kvm
kvm_require_cpl	0xffffffffc048d520	0x0	kvm
__pfx___kvm_get_msr	0xffffffffc048d570	0x0	kvm
__kvm_get_msr	0xffffffffc048d580	0x0	kvm
__pfx_kvm_get_msr_ignored_check	0xffffffffc048d680	0x0	kvm
kvm_get_msr_ignored_check	0xffffffffc048d690	0x0	kvm
__pfx_kvm_get_msr	0xffffffffc048d850	0x0	kvm
kvm_get_msr	0xffffffffc048d860	0x0	kvm
__pfx_do_get_msr	0xffffffffc048d880	0x0	kvm
do_get_msr	0xffffffffc048d890	0x0	kvm
__pfx_do_set_msr	0xffffffffc048d8b0	0x0	kvm
do_set_msr	0xffffffffc048d8c0	0x0	kvm
__pfx_emulator_get_msr	0xffffffffc048d990	0x0	kvm
emulator_get_msr	0xffffffffc048d9a0	0x0	kvm
__pfx_kvm_get_msr_with_filter	0xffffffffc048d9c0	0x0	kvm
kvm_get_msr_with_filter	0xffffffffc048d9d0	0x0	kvm
__pfx_emulator_get_msr_with_filter	0xffffffffc048da20	0x0	kvm
emulator_get_msr_with_filter	0xffffffffc048da30	0x0	kvm
__pfx___kvm_emulate_rdmsr	0xffffffffc048db50	0x0	kvm
__kvm_emulate_rdmsr	0xffffffffc048db60	0x0	kvm
__pfx_kvm_emulate_rdmsr	0xffffffffc048dd70	0x0	kvm
kvm_emulate_rdmsr	0xffffffffc048dd80	0x0	kvm
__pfx_kvm_emulate_rdmsr_imm	0xffffffffc048ddb0	0x0	kvm
kvm_emulate_rdmsr_imm	0xffffffffc048ddc0	0x0	kvm
__pfx_kvm_emulate_as_nop	0xffffffffc048ddf0	0x0	kvm
kvm_emulate_as_nop	0xffffffffc048de00	0x0	kvm
__pfx_kvm_scale_tsc	0xffffffffc048de20	0x0	kvm
kvm_scale_tsc	0xffffffffc048de30	0x0	kvm
__pfx_kvm_get_monotonic_and_clockread	0xffffffffc048deb0	0x0	kvm
kvm_get_monotonic_and_clockread	0xffffffffc048dec0	0x0	kvm
__pfx_get_kvmclock_ns	0xffffffffc048dfa0	0x0	kvm
get_kvmclock_ns	0xffffffffc048dfb0	0x0	kvm
__pfx_kvm_guest_time_update	0xffffffffc048e030	0x0	kvm
kvm_guest_time_update	0xffffffffc048e040	0x0	kvm
__pfx_kvm_get_wall_clock_epoch	0xffffffffc048e4a0	0x0	kvm
kvm_get_wall_clock_epoch	0xffffffffc048e4b0	0x0	kvm
__pfx_kvm_write_wall_clock.constprop.0	0xffffffffc048e690	0x0	kvm
kvm_write_wall_clock.constprop.0	0xffffffffc048e6a0	0x0	kvm
__pfx_kvm_set_msr_common	0xffffffffc048e7b0	0x0	kvm
kvm_set_msr_common	0xffffffffc048e7c0	0x0	kvm
__pfx_kvm_vm_ioctl_check_extension	0xffffffffc048f870	0x0	kvm
kvm_vm_ioctl_check_extension	0xffffffffc048f880	0x0	kvm
__pfx_kvm_arch_dev_ioctl	0xffffffffc048fd90	0x0	kvm
kvm_arch_dev_ioctl	0xffffffffc048fda0	0x0	kvm
__pfx_kvm_arch_vcpu_load	0xffffffffc0490220	0x0	kvm
kvm_arch_vcpu_load	0xffffffffc0490230	0x0	kvm
__pfx_kvm_arch_vcpu_put	0xffffffffc0490560	0x0	kvm
kvm_arch_vcpu_put	0xffffffffc0490570	0x0	kvm
__pfx_kvm_arch_vcpu_ioctl	0xffffffffc0490770	0x0	kvm
kvm_arch_vcpu_ioctl	0xffffffffc0490780	0x0	kvm
__pfx_kvm_arch_vcpu_fault	0xffffffffc0491f90	0x0	kvm
kvm_arch_vcpu_fault	0xffffffffc0491fa0	0x0	kvm
__pfx_kvm_arch_sync_dirty_log	0xffffffffc0491fc0	0x0	kvm
kvm_arch_sync_dirty_log	0xffffffffc0491fd0	0x0	kvm
__pfx_kvm_arch_vm_compat_ioctl	0xffffffffc0492090	0x0	kvm
kvm_arch_vm_compat_ioctl	0xffffffffc04920a0	0x0	kvm
__pfx_kvm_arch_pm_notifier	0xffffffffc0492220	0x0	kvm
kvm_arch_pm_notifier	0xffffffffc0492230	0x0	kvm
__pfx_kvm_set_segment	0xffffffffc0492310	0x0	kvm
kvm_set_segment	0xffffffffc0492320	0x0	kvm
__pfx_kvm_get_segment	0xffffffffc0492340	0x0	kvm
kvm_get_segment	0xffffffffc0492350	0x0	kvm
__pfx_translate_nested_gpa	0xffffffffc0492370	0x0	kvm
translate_nested_gpa	0xffffffffc0492380	0x0	kvm
__pfx_kvm_mmu_gva_to_gpa_system	0xffffffffc04923d0	0x0	kvm
kvm_mmu_gva_to_gpa_system	0xffffffffc04923e0	0x0	kvm
__pfx_emulator_write_phys	0xffffffffc0492410	0x0	kvm
emulator_write_phys	0xffffffffc0492420	0x0	kvm
__pfx_x86_emulate_instruction	0xffffffffc0492480	0x0	kvm
x86_emulate_instruction	0xffffffffc0492490	0x0	kvm
__pfx_kvm_emulate_instruction	0xffffffffc0492d60	0x0	kvm
kvm_emulate_instruction	0xffffffffc0492d70	0x0	kvm
__pfx_handle_ud	0xffffffffc0492d90	0x0	kvm
handle_ud	0xffffffffc0492da0	0x0	kvm
__pfx_complete_emulated_mmio	0xffffffffc0492f40	0x0	kvm
complete_emulated_mmio	0xffffffffc0492f50	0x0	kvm
__pfx_complete_emulated_rdmsr	0xffffffffc0493110	0x0	kvm
complete_emulated_rdmsr	0xffffffffc0493120	0x0	kvm
__pfx_kvm_emulate_instruction_from_buffer	0xffffffffc0493190	0x0	kvm
kvm_emulate_instruction_from_buffer	0xffffffffc04931a0	0x0	kvm
__pfx_complete_emulated_pio	0xffffffffc04931c0	0x0	kvm
complete_emulated_pio	0xffffffffc04931d0	0x0	kvm
__pfx_complete_emulated_msr_access	0xffffffffc0493200	0x0	kvm
complete_emulated_msr_access	0xffffffffc0493210	0x0	kvm
__pfx_kvm_check_nested_events	0xffffffffc0493260	0x0	kvm
kvm_check_nested_events	0xffffffffc0493270	0x0	kvm
__pfx_kvm_check_and_inject_events	0xffffffffc04932b0	0x0	kvm
kvm_check_and_inject_events	0xffffffffc04932c0	0x0	kvm
__pfx_vcpu_enter_guest	0xffffffffc04937d0	0x0	kvm
vcpu_enter_guest	0xffffffffc04937e0	0x0	kvm
__pfx_kvm_get_nr_pending_nmis	0xffffffffc0494840	0x0	kvm
kvm_get_nr_pending_nmis	0xffffffffc0494850	0x0	kvm
__pfx_kvm_make_scan_ioapic_request_mask	0xffffffffc0494880	0x0	kvm
kvm_make_scan_ioapic_request_mask	0xffffffffc0494890	0x0	kvm
__pfx_kvm_make_scan_ioapic_request	0xffffffffc04948b0	0x0	kvm
kvm_make_scan_ioapic_request	0xffffffffc04948c0	0x0	kvm
__pfx___kvm_set_or_clear_apicv_inhibit	0xffffffffc04948e0	0x0	kvm
__kvm_set_or_clear_apicv_inhibit	0xffffffffc04948f0	0x0	kvm
__pfx_kvm_set_or_clear_apicv_inhibit	0xffffffffc04949f0	0x0	kvm
kvm_set_or_clear_apicv_inhibit	0xffffffffc0494a00	0x0	kvm
__pfx_kvm_vm_ioctl_enable_cap	0xffffffffc0494a70	0x0	kvm
kvm_vm_ioctl_enable_cap	0xffffffffc0494a80	0x0	kvm
__pfx_kvm_arch_vm_ioctl	0xffffffffc04950c0	0x0	kvm
kvm_arch_vm_ioctl	0xffffffffc04950d0	0x0	kvm
__pfx_kvm_arch_guest_memory_reclaimed	0xffffffffc0495c00	0x0	kvm
kvm_arch_guest_memory_reclaimed	0xffffffffc0495c10	0x0	kvm
__pfx_kvm_arch_vcpu_runnable	0xffffffffc0495c30	0x0	kvm
kvm_arch_vcpu_runnable	0xffffffffc0495c40	0x0	kvm
__pfx_vcpu_run	0xffffffffc0495cb0	0x0	kvm
vcpu_run	0xffffffffc0495cc0	0x0	kvm
__pfx_kvm_arch_dy_has_pending_interrupt	0xffffffffc0495f40	0x0	kvm
kvm_arch_dy_has_pending_interrupt	0xffffffffc0495f50	0x0	kvm
__pfx_kvm_arch_vcpu_preempted_in_kernel	0xffffffffc0495fb0	0x0	kvm
kvm_arch_vcpu_preempted_in_kernel	0xffffffffc0495fc0	0x0	kvm
__pfx_kvm_arch_dy_runnable	0xffffffffc0495fe0	0x0	kvm
kvm_arch_dy_runnable	0xffffffffc0495ff0	0x0	kvm
__pfx_kvm_arch_vcpu_ioctl_run	0xffffffffc0496050	0x0	kvm
kvm_arch_vcpu_ioctl_run	0xffffffffc0496060	0x0	kvm
__pfx_kvm_arch_vcpu_ioctl_get_regs	0xffffffffc0496570	0x0	kvm
kvm_arch_vcpu_ioctl_get_regs	0xffffffffc0496580	0x0	kvm
__pfx_kvm_arch_vcpu_ioctl_set_regs	0xffffffffc0496600	0x0	kvm
kvm_arch_vcpu_ioctl_set_regs	0xffffffffc0496610	0x0	kvm
__pfx_kvm_arch_vcpu_ioctl_get_sregs	0xffffffffc0496690	0x0	kvm
kvm_arch_vcpu_ioctl_get_sregs	0xffffffffc04966a0	0x0	kvm
__pfx_kvm_arch_vcpu_ioctl_get_mpstate	0xffffffffc0496720	0x0	kvm
kvm_arch_vcpu_ioctl_get_mpstate	0xffffffffc0496730	0x0	kvm
__pfx_kvm_arch_vcpu_ioctl_set_mpstate	0xffffffffc0496860	0x0	kvm
kvm_arch_vcpu_ioctl_set_mpstate	0xffffffffc0496870	0x0	kvm
__pfx_kvm_arch_vcpu_ioctl_set_sregs	0xffffffffc0496920	0x0	kvm
kvm_arch_vcpu_ioctl_set_sregs	0xffffffffc0496930	0x0	kvm
__pfx_kvm_arch_vcpu_ioctl_set_guest_debug	0xffffffffc04969b0	0x0	kvm
kvm_arch_vcpu_ioctl_set_guest_debug	0xffffffffc04969c0	0x0	kvm
__pfx_kvm_arch_vcpu_ioctl_translate	0xffffffffc0496ce0	0x0	kvm
kvm_arch_vcpu_ioctl_translate	0xffffffffc0496cf0	0x0	kvm
__pfx_kvm_arch_vcpu_ioctl_get_fpu	0xffffffffc0496d90	0x0	kvm
kvm_arch_vcpu_ioctl_get_fpu	0xffffffffc0496da0	0x0	kvm
__pfx_kvm_arch_vcpu_ioctl_set_fpu	0xffffffffc0496f40	0x0	kvm
kvm_arch_vcpu_ioctl_set_fpu	0xffffffffc0496f50	0x0	kvm
__pfx_kvm_arch_vcpu_precreate	0xffffffffc04970d0	0x0	kvm
kvm_arch_vcpu_precreate	0xffffffffc04970e0	0x0	kvm
__pfx_kvm_arch_vcpu_create	0xffffffffc0497180	0x0	kvm
kvm_arch_vcpu_create	0xffffffffc0497190	0x0	kvm
__pfx_kvm_arch_vcpu_postcreate	0xffffffffc04974c0	0x0	kvm
kvm_arch_vcpu_postcreate	0xffffffffc04974d0	0x0	kvm
__pfx_kvm_arch_vcpu_destroy	0xffffffffc0497570	0x0	kvm
kvm_arch_vcpu_destroy	0xffffffffc0497580	0x0	kvm
__pfx_kvm_arch_enable_virtualization	0xffffffffc0497700	0x0	kvm
kvm_arch_enable_virtualization	0xffffffffc0497710	0x0	kvm
__pfx_kvm_arch_disable_virtualization	0xffffffffc0497730	0x0	kvm
kvm_arch_disable_virtualization	0xffffffffc0497740	0x0	kvm
__pfx_kvm_arch_enable_virtualization_cpu	0xffffffffc0497760	0x0	kvm
kvm_arch_enable_virtualization_cpu	0xffffffffc0497770	0x0	kvm
__pfx_kvm_arch_disable_virtualization_cpu	0xffffffffc0497a90	0x0	kvm
kvm_arch_disable_virtualization_cpu	0xffffffffc0497aa0	0x0	kvm
__pfx_kvm_vcpu_is_bsp	0xffffffffc0497af0	0x0	kvm
kvm_vcpu_is_bsp	0xffffffffc0497b00	0x0	kvm
__pfx_kvm_arch_free_vm	0xffffffffc0497b20	0x0	kvm
kvm_arch_free_vm	0xffffffffc0497b30	0x0	kvm
__pfx_kvm_arch_init_vm	0xffffffffc0497b60	0x0	kvm
kvm_arch_init_vm	0xffffffffc0497b70	0x0	kvm
__pfx_kvm_arch_pre_destroy_vm	0xffffffffc0497e70	0x0	kvm
kvm_arch_pre_destroy_vm	0xffffffffc0497e80	0x0	kvm
__pfx_kvm_arch_destroy_vm	0xffffffffc0497ed0	0x0	kvm
kvm_arch_destroy_vm	0xffffffffc0497ee0	0x0	kvm
__pfx_kvm_arch_free_memslot	0xffffffffc0498020	0x0	kvm
kvm_arch_free_memslot	0xffffffffc0498030	0x0	kvm
__pfx_memslot_rmap_alloc	0xffffffffc04980d0	0x0	kvm
memslot_rmap_alloc	0xffffffffc04980e0	0x0	kvm
__pfx_kvm_alloc_memslot_metadata	0xffffffffc04981d0	0x0	kvm
kvm_alloc_memslot_metadata	0xffffffffc04981e0	0x0	kvm
__pfx_kvm_arch_memslots_updated	0xffffffffc0498470	0x0	kvm
kvm_arch_memslots_updated	0xffffffffc0498480	0x0	kvm
__pfx_kvm_arch_prepare_memory_region	0xffffffffc0498540	0x0	kvm
kvm_arch_prepare_memory_region	0xffffffffc0498550	0x0	kvm
__pfx_kvm_arch_commit_memory_region	0xffffffffc04986a0	0x0	kvm
kvm_arch_commit_memory_region	0xffffffffc04986b0	0x0	kvm
__pfx_kvm_arch_vcpu_in_kernel	0xffffffffc04988f0	0x0	kvm
kvm_arch_vcpu_in_kernel	0xffffffffc0498900	0x0	kvm
__pfx_kvm_arch_vcpu_get_ip	0xffffffffc0498970	0x0	kvm
kvm_arch_vcpu_get_ip	0xffffffffc0498980	0x0	kvm
__pfx_kvm_arch_vcpu_should_kick	0xffffffffc0498a10	0x0	kvm
kvm_arch_vcpu_should_kick	0xffffffffc0498a20	0x0	kvm
__pfx_kvm_arch_interrupt_allowed	0xffffffffc0498a50	0x0	kvm
kvm_arch_interrupt_allowed	0xffffffffc0498a60	0x0	kvm
__pfx_kvm_find_async_pf_gfn	0xffffffffc0498a80	0x0	kvm
kvm_find_async_pf_gfn	0xffffffffc0498a90	0x0	kvm
__pfx_kvm_can_do_async_pf	0xffffffffc0498b40	0x0	kvm
kvm_can_do_async_pf	0xffffffffc0498b50	0x0	kvm
__pfx_kvm_arch_async_page_not_present	0xffffffffc0498c30	0x0	kvm
kvm_arch_async_page_not_present	0xffffffffc0498c40	0x0	kvm
__pfx_kvm_arch_async_page_present	0xffffffffc0498d90	0x0	kvm
kvm_arch_async_page_present	0xffffffffc0498da0	0x0	kvm
__pfx_kvm_arch_async_page_present_queued	0xffffffffc0499100	0x0	kvm
kvm_arch_async_page_present_queued	0xffffffffc0499110	0x0	kvm
__pfx_kvm_arch_can_dequeue_async_page_present	0xffffffffc0499160	0x0	kvm
kvm_arch_can_dequeue_async_page_present	0xffffffffc0499170	0x0	kvm
__pfx_kvm_vector_hashing_enabled	0xffffffffc0499250	0x0	kvm
kvm_vector_hashing_enabled	0xffffffffc0499260	0x0	kvm
__pfx_kvm_arch_gmem_prepare	0xffffffffc0499280	0x0	kvm
kvm_arch_gmem_prepare	0xffffffffc0499290	0x0	kvm
__pfx_kvm_arch_gmem_invalidate	0xffffffffc04992b0	0x0	kvm
kvm_arch_gmem_invalidate	0xffffffffc04992c0	0x0	kvm
seto	0xffffffffc04992e0	0x0	kvm
em_setcc	0xffffffffc04992e0	0x0	kvm
setno	0xffffffffc04992f0	0x0	kvm
setc	0xffffffffc0499300	0x0	kvm
setnc	0xffffffffc0499310	0x0	kvm
setz	0xffffffffc0499320	0x0	kvm
setnz	0xffffffffc0499330	0x0	kvm
setbe	0xffffffffc0499340	0x0	kvm
setnbe	0xffffffffc0499350	0x0	kvm
sets	0xffffffffc0499360	0x0	kvm
setns	0xffffffffc0499370	0x0	kvm
setp	0xffffffffc0499380	0x0	kvm
setnp	0xffffffffc0499390	0x0	kvm
setl	0xffffffffc04993a0	0x0	kvm
setnl	0xffffffffc04993b0	0x0	kvm
setle	0xffffffffc04993c0	0x0	kvm
setnle	0xffffffffc04993d0	0x0	kvm
salc	0xffffffffc04993e0	0x0	kvm
em_salc	0xffffffffc04993e0	0x0	kvm
addb_al_dl	0xffffffffc04993f0	0x0	kvm
em_add	0xffffffffc04993f0	0x0	kvm
addw_ax_dx	0xffffffffc0499400	0x0	kvm
addl_eax_edx	0xffffffffc0499410	0x0	kvm
addq_rax_rdx	0xffffffffc0499420	0x0	kvm
orb_al_dl	0xffffffffc0499430	0x0	kvm
em_or	0xffffffffc0499430	0x0	kvm
orw_ax_dx	0xffffffffc0499440	0x0	kvm
orl_eax_edx	0xffffffffc0499450	0x0	kvm
orq_rax_rdx	0xffffffffc0499460	0x0	kvm
adcb_al_dl	0xffffffffc0499470	0x0	kvm
em_adc	0xffffffffc0499470	0x0	kvm
adcw_ax_dx	0xffffffffc0499480	0x0	kvm
adcl_eax_edx	0xffffffffc0499490	0x0	kvm
adcq_rax_rdx	0xffffffffc04994a0	0x0	kvm
sbbb_al_dl	0xffffffffc04994b0	0x0	kvm
em_sbb	0xffffffffc04994b0	0x0	kvm
sbbw_ax_dx	0xffffffffc04994c0	0x0	kvm
sbbl_eax_edx	0xffffffffc04994d0	0x0	kvm
sbbq_rax_rdx	0xffffffffc04994e0	0x0	kvm
andb_al_dl	0xffffffffc04994f0	0x0	kvm
em_and	0xffffffffc04994f0	0x0	kvm
andw_ax_dx	0xffffffffc0499500	0x0	kvm
andl_eax_edx	0xffffffffc0499510	0x0	kvm
andq_rax_rdx	0xffffffffc0499520	0x0	kvm
subb_al_dl	0xffffffffc0499530	0x0	kvm
em_sub	0xffffffffc0499530	0x0	kvm
subw_ax_dx	0xffffffffc0499540	0x0	kvm
subl_eax_edx	0xffffffffc0499550	0x0	kvm
subq_rax_rdx	0xffffffffc0499560	0x0	kvm
xorb_al_dl	0xffffffffc0499570	0x0	kvm
em_xor	0xffffffffc0499570	0x0	kvm
xorw_ax_dx	0xffffffffc0499580	0x0	kvm
xorl_eax_edx	0xffffffffc0499590	0x0	kvm
xorq_rax_rdx	0xffffffffc04995a0	0x0	kvm
cmpb_al_dl	0xffffffffc04995b0	0x0	kvm
em_cmp	0xffffffffc04995b0	0x0	kvm
cmpw_ax_dx	0xffffffffc04995c0	0x0	kvm
cmpl_eax_edx	0xffffffffc04995d0	0x0	kvm
cmpq_rax_rdx	0xffffffffc04995e0	0x0	kvm
testb_al_dl	0xffffffffc04995f0	0x0	kvm
em_test	0xffffffffc04995f0	0x0	kvm
testw_ax_dx	0xffffffffc0499600	0x0	kvm
testl_eax_edx	0xffffffffc0499610	0x0	kvm
testq_rax_rdx	0xffffffffc0499620	0x0	kvm
mul_cl	0xffffffffc0499630	0x0	kvm
em_mul_ex	0xffffffffc0499630	0x0	kvm
mul_cx	0xffffffffc0499640	0x0	kvm
mul_ecx	0xffffffffc0499650	0x0	kvm
mul_rcx	0xffffffffc0499660	0x0	kvm
imul_cl	0xffffffffc0499670	0x0	kvm
em_imul_ex	0xffffffffc0499670	0x0	kvm
imul_cx	0xffffffffc0499680	0x0	kvm
imul_ecx	0xffffffffc0499690	0x0	kvm
imul_rcx	0xffffffffc04996a0	0x0	kvm
div_cl	0xffffffffc04996b0	0x0	kvm
em_div_ex	0xffffffffc04996b0	0x0	kvm
div_cx	0xffffffffc04996c0	0x0	kvm
div_ecx	0xffffffffc04996d0	0x0	kvm
div_rcx	0xffffffffc04996e0	0x0	kvm
idiv_cl	0xffffffffc04996f0	0x0	kvm
em_idiv_ex	0xffffffffc04996f0	0x0	kvm
idiv_cx	0xffffffffc0499700	0x0	kvm
idiv_ecx	0xffffffffc0499710	0x0	kvm
idiv_rcx	0xffffffffc0499720	0x0	kvm
__UNIQUE_ID_nop748	0xffffffffc0499730	0x0	kvm
em_shld	0xffffffffc0499730	0x0	kvm
shldw_ax_dx_cl	0xffffffffc0499740	0x0	kvm
shldl_eax_edx_cl	0xffffffffc0499750	0x0	kvm
shldq_rax_rdx_cl	0xffffffffc0499760	0x0	kvm
__UNIQUE_ID_nop749	0xffffffffc0499770	0x0	kvm
em_shrd	0xffffffffc0499770	0x0	kvm
shrdw_ax_dx_cl	0xffffffffc0499780	0x0	kvm
shrdl_eax_edx_cl	0xffffffffc0499790	0x0	kvm
shrdq_rax_rdx_cl	0xffffffffc04997a0	0x0	kvm
__UNIQUE_ID_nop750	0xffffffffc04997b0	0x0	kvm
em_imul	0xffffffffc04997b0	0x0	kvm
imulw_ax_dx	0xffffffffc04997c0	0x0	kvm
imull_eax_edx	0xffffffffc04997d0	0x0	kvm
imulq_rax_rdx	0xffffffffc04997e0	0x0	kvm
notb_al	0xffffffffc04997f0	0x0	kvm
em_not	0xffffffffc04997f0	0x0	kvm
notw_ax	0xffffffffc0499800	0x0	kvm
notl_eax	0xffffffffc0499810	0x0	kvm
notq_rax	0xffffffffc0499820	0x0	kvm
negb_al	0xffffffffc0499830	0x0	kvm
em_neg	0xffffffffc0499830	0x0	kvm
negw_ax	0xffffffffc0499840	0x0	kvm
negl_eax	0xffffffffc0499850	0x0	kvm
negq_rax	0xffffffffc0499860	0x0	kvm
incb_al	0xffffffffc0499870	0x0	kvm
em_inc	0xffffffffc0499870	0x0	kvm
incw_ax	0xffffffffc0499880	0x0	kvm
incl_eax	0xffffffffc0499890	0x0	kvm
incq_rax	0xffffffffc04998a0	0x0	kvm
decb_al	0xffffffffc04998b0	0x0	kvm
em_dec	0xffffffffc04998b0	0x0	kvm
decw_ax	0xffffffffc04998c0	0x0	kvm
decl_eax	0xffffffffc04998d0	0x0	kvm
decq_rax	0xffffffffc04998e0	0x0	kvm
rolb_al_cl	0xffffffffc04998f0	0x0	kvm
em_rol	0xffffffffc04998f0	0x0	kvm
rolw_ax_cl	0xffffffffc0499900	0x0	kvm
roll_eax_cl	0xffffffffc0499910	0x0	kvm
rolq_rax_cl	0xffffffffc0499920	0x0	kvm
rorb_al_cl	0xffffffffc0499930	0x0	kvm
em_ror	0xffffffffc0499930	0x0	kvm
rorw_ax_cl	0xffffffffc0499940	0x0	kvm
rorl_eax_cl	0xffffffffc0499950	0x0	kvm
rorq_rax_cl	0xffffffffc0499960	0x0	kvm
rclb_al_cl	0xffffffffc0499970	0x0	kvm
em_rcl	0xffffffffc0499970	0x0	kvm
rclw_ax_cl	0xffffffffc0499980	0x0	kvm
rcll_eax_cl	0xffffffffc0499990	0x0	kvm
rclq_rax_cl	0xffffffffc04999a0	0x0	kvm
rcrb_al_cl	0xffffffffc04999b0	0x0	kvm
em_rcr	0xffffffffc04999b0	0x0	kvm
rcrw_ax_cl	0xffffffffc04999c0	0x0	kvm
rcrl_eax_cl	0xffffffffc04999d0	0x0	kvm
rcrq_rax_cl	0xffffffffc04999e0	0x0	kvm
shlb_al_cl	0xffffffffc04999f0	0x0	kvm
em_shl	0xffffffffc04999f0	0x0	kvm
shlw_ax_cl	0xffffffffc0499a00	0x0	kvm
shll_eax_cl	0xffffffffc0499a10	0x0	kvm
shlq_rax_cl	0xffffffffc0499a20	0x0	kvm
shrb_al_cl	0xffffffffc0499a30	0x0	kvm
em_shr	0xffffffffc0499a30	0x0	kvm
shrw_ax_cl	0xffffffffc0499a40	0x0	kvm
shrl_eax_cl	0xffffffffc0499a50	0x0	kvm
shrq_rax_cl	0xffffffffc0499a60	0x0	kvm
sarb_al_cl	0xffffffffc0499a70	0x0	kvm
em_sar	0xffffffffc0499a70	0x0	kvm
sarw_ax_cl	0xffffffffc0499a80	0x0	kvm
sarl_eax_cl	0xffffffffc0499a90	0x0	kvm
sarq_rax_cl	0xffffffffc0499aa0	0x0	kvm
__UNIQUE_ID_nop751	0xffffffffc0499ab0	0x0	kvm
em_bsf	0xffffffffc0499ab0	0x0	kvm
bsfw_ax_dx	0xffffffffc0499ac0	0x0	kvm
bsfl_eax_edx	0xffffffffc0499ad0	0x0	kvm
bsfq_rax_rdx	0xffffffffc0499ae0	0x0	kvm
__UNIQUE_ID_nop752	0xffffffffc0499af0	0x0	kvm
em_bsr	0xffffffffc0499af0	0x0	kvm
bsrw_ax_dx	0xffffffffc0499b00	0x0	kvm
bsrl_eax_edx	0xffffffffc0499b10	0x0	kvm
bsrq_rax_rdx	0xffffffffc0499b20	0x0	kvm
__UNIQUE_ID_nop753	0xffffffffc0499b30	0x0	kvm
em_bt	0xffffffffc0499b30	0x0	kvm
btw_ax_dx	0xffffffffc0499b40	0x0	kvm
btl_eax_edx	0xffffffffc0499b50	0x0	kvm
btq_rax_rdx	0xffffffffc0499b60	0x0	kvm
__UNIQUE_ID_nop754	0xffffffffc0499b70	0x0	kvm
em_bts	0xffffffffc0499b70	0x0	kvm
btsw_ax_dx	0xffffffffc0499b80	0x0	kvm
btsl_eax_edx	0xffffffffc0499b90	0x0	kvm
btsq_rax_rdx	0xffffffffc0499ba0	0x0	kvm
__UNIQUE_ID_nop755	0xffffffffc0499bb0	0x0	kvm
em_btr	0xffffffffc0499bb0	0x0	kvm
btrw_ax_dx	0xffffffffc0499bc0	0x0	kvm
btrl_eax_edx	0xffffffffc0499bd0	0x0	kvm
btrq_rax_rdx	0xffffffffc0499be0	0x0	kvm
__UNIQUE_ID_nop756	0xffffffffc0499bf0	0x0	kvm
em_btc	0xffffffffc0499bf0	0x0	kvm
btcw_ax_dx	0xffffffffc0499c00	0x0	kvm
btcl_eax_edx	0xffffffffc0499c10	0x0	kvm
btcq_rax_rdx	0xffffffffc0499c20	0x0	kvm
xaddb_al_dl	0xffffffffc0499c30	0x0	kvm
em_xadd	0xffffffffc0499c30	0x0	kvm
xaddw_ax_dx	0xffffffffc0499c40	0x0	kvm
xaddl_eax_edx	0xffffffffc0499c50	0x0	kvm
xaddq_rax_rdx	0xffffffffc0499c60	0x0	kvm
cmpb_dl_al	0xffffffffc0499c70	0x0	kvm
em_cmp_r	0xffffffffc0499c70	0x0	kvm
cmpw_dx_ax	0xffffffffc0499c80	0x0	kvm
cmpl_edx_eax	0xffffffffc0499c90	0x0	kvm
cmpq_rdx_rax	0xffffffffc0499ca0	0x0	kvm
__pfx_emulator_check_intercept	0xffffffffc0499cb0	0x0	kvm
emulator_check_intercept	0xffffffffc0499cc0	0x0	kvm
__pfx_set_segment_selector	0xffffffffc0499db0	0x0	kvm
set_segment_selector	0xffffffffc0499dc0	0x0	kvm
__pfx_em_rdpid	0xffffffffc0499e60	0x0	kvm
em_rdpid	0xffffffffc0499e70	0x0	kvm
__pfx_em_dr_write	0xffffffffc0499f00	0x0	kvm
em_dr_write	0xffffffffc0499f10	0x0	kvm
__pfx_em_clts	0xffffffffc0499f80	0x0	kvm
em_clts	0xffffffffc0499f90	0x0	kvm
__pfx_em_hypercall	0xffffffffc0499fe0	0x0	kvm
em_hypercall	0xffffffffc0499ff0	0x0	kvm
__pfx_em_smsw	0xffffffffc049a030	0x0	kvm
em_smsw	0xffffffffc049a040	0x0	kvm
__pfx_em_lmsw	0xffffffffc049a0d0	0x0	kvm
em_lmsw	0xffffffffc049a0e0	0x0	kvm
__pfx_em_out	0xffffffffc049a140	0x0	kvm
em_out	0xffffffffc049a150	0x0	kvm
__pfx_em_bswap	0xffffffffc049a1a0	0x0	kvm
em_bswap	0xffffffffc049a1b0	0x0	kvm
__pfx_em_clflush	0xffffffffc049a1f0	0x0	kvm
em_clflush	0xffffffffc049a200	0x0	kvm
__pfx_em_movsxd	0xffffffffc049a220	0x0	kvm
em_movsxd	0xffffffffc049a230	0x0	kvm
__pfx_check_fxsr	0xffffffffc049a250	0x0	kvm
check_fxsr	0xffffffffc049a260	0x0	kvm
__pfx_check_cr_access	0xffffffffc049a2d0	0x0	kvm
check_cr_access	0xffffffffc049a2e0	0x0	kvm
__pfx_check_dr_read	0xffffffffc049a320	0x0	kvm
check_dr_read	0xffffffffc049a330	0x0	kvm
__pfx_check_dr_write	0xffffffffc049a400	0x0	kvm
check_dr_write	0xffffffffc049a410	0x0	kvm
__pfx_check_svme	0xffffffffc049a460	0x0	kvm
check_svme	0xffffffffc049a470	0x0	kvm
__pfx_check_rdtsc	0xffffffffc049a4f0	0x0	kvm
check_rdtsc	0xffffffffc049a500	0x0	kvm
__pfx_get_descriptor_table_ptr	0xffffffffc049a560	0x0	kvm
get_descriptor_table_ptr	0xffffffffc049a570	0x0	kvm
__pfx_get_descriptor_ptr	0xffffffffc049a650	0x0	kvm
get_descriptor_ptr	0xffffffffc049a660	0x0	kvm
__pfx_write_segment_descriptor	0xffffffffc049a750	0x0	kvm
write_segment_descriptor	0xffffffffc049a760	0x0	kvm
__pfx_writeback_registers	0xffffffffc049a7f0	0x0	kvm
writeback_registers	0xffffffffc049a800	0x0	kvm
__pfx_fastop	0xffffffffc049a8b0	0x0	kvm
fastop	0xffffffffc049a8c0	0x0	kvm
__pfx_em_bsr_c	0xffffffffc049a960	0x0	kvm
em_bsr_c	0xffffffffc049a970	0x0	kvm
__pfx_em_bsf_c	0xffffffffc049a9a0	0x0	kvm
em_bsf_c	0xffffffffc049a9b0	0x0	kvm
__pfx_em_aad	0xffffffffc049a9e0	0x0	kvm
em_aad	0xffffffffc049a9f0	0x0	kvm
__pfx_em_aam	0xffffffffc049aa60	0x0	kvm
em_aam	0xffffffffc049aa70	0x0	kvm
__pfx_em_imul_3op	0xffffffffc049aaf0	0x0	kvm
em_imul_3op	0xffffffffc049ab00	0x0	kvm
__pfx_em_das	0xffffffffc049ab30	0x0	kvm
em_das	0xffffffffc049ab40	0x0	kvm
__pfx_em_movbe	0xffffffffc049ac50	0x0	kvm
em_movbe	0xffffffffc049ac60	0x0	kvm
__pfx_emulator_io_port_access_allowed	0xffffffffc049acf0	0x0	kvm
emulator_io_port_access_allowed	0xffffffffc049ad00	0x0	kvm
__pfx_em_mov	0xffffffffc049aed0	0x0	kvm
em_mov	0xffffffffc049aee0	0x0	kvm
__pfx_fxregs_fixup	0xffffffffc049af10	0x0	kvm
fxregs_fixup	0xffffffffc049af20	0x0	kvm
__pfx_read_emulated	0xffffffffc049afc0	0x0	kvm
read_emulated	0xffffffffc049afd0	0x0	kvm
__pfx_fetch_register_operand	0xffffffffc049b080	0x0	kvm
fetch_register_operand	0xffffffffc049b090	0x0	kvm
__pfx_check_perm_in	0xffffffffc049b100	0x0	kvm
check_perm_in	0xffffffffc049b110	0x0	kvm
__pfx___load_segment_descriptor	0xffffffffc049b1d0	0x0	kvm
__load_segment_descriptor	0xffffffffc049b1e0	0x0	kvm
__pfx_load_segment_descriptor	0xffffffffc049b850	0x0	kvm
load_segment_descriptor	0xffffffffc049b860	0x0	kvm
__pfx_em_ltr	0xffffffffc049b8d0	0x0	kvm
em_ltr	0xffffffffc049b8e0	0x0	kvm
__pfx_em_lldt	0xffffffffc049b910	0x0	kvm
em_lldt	0xffffffffc049b920	0x0	kvm
__pfx_em_mov_sreg_rm	0xffffffffc049b950	0x0	kvm
em_mov_sreg_rm	0xffffffffc049b960	0x0	kvm
__pfx_em_lseg	0xffffffffc049b9c0	0x0	kvm
em_lseg	0xffffffffc049b9d0	0x0	kvm
__pfx_ad_mask.isra.0	0xffffffffc049ba10	0x0	kvm
ad_mask.isra.0	0xffffffffc049ba20	0x0	kvm
__pfx_em_clflushopt	0xffffffffc049ba50	0x0	kvm
em_clflushopt	0xffffffffc049ba60	0x0	kvm
__pfx_linearize.isra.0	0xffffffffc049ba80	0x0	kvm
linearize.isra.0	0xffffffffc049ba90	0x0	kvm
__pfx_segmented_read_std.isra.0	0xffffffffc049bd30	0x0	kvm
segmented_read_std.isra.0	0xffffffffc049bd40	0x0	kvm
__pfx_em_lgdt_lidt	0xffffffffc049bdd0	0x0	kvm
em_lgdt_lidt	0xffffffffc049bde0	0x0	kvm
__pfx_em_lidt	0xffffffffc049bf40	0x0	kvm
em_lidt	0xffffffffc049bf50	0x0	kvm
__pfx_em_lgdt	0xffffffffc049bf70	0x0	kvm
em_lgdt	0xffffffffc049bf80	0x0	kvm
__pfx_segmented_write_std.isra.0	0xffffffffc049bfa0	0x0	kvm
segmented_write_std.isra.0	0xffffffffc049bfb0	0x0	kvm
__pfx_emulate_store_desc_ptr	0xffffffffc049c040	0x0	kvm
emulate_store_desc_ptr	0xffffffffc049c050	0x0	kvm
__pfx_em_sidt	0xffffffffc049c140	0x0	kvm
em_sidt	0xffffffffc049c150	0x0	kvm
__pfx_em_sgdt	0xffffffffc049c170	0x0	kvm
em_sgdt	0xffffffffc049c180	0x0	kvm
__pfx_segmented_write.isra.0	0xffffffffc049c1a0	0x0	kvm
segmented_write.isra.0	0xffffffffc049c1b0	0x0	kvm
__pfx_em_cli	0xffffffffc049c240	0x0	kvm
em_cli	0xffffffffc049c250	0x0	kvm
__pfx_em_sti	0xffffffffc049c2c0	0x0	kvm
em_sti	0xffffffffc049c2d0	0x0	kvm
__pfx_em_xchg	0xffffffffc049c340	0x0	kvm
em_xchg	0xffffffffc049c350	0x0	kvm
__pfx_check_perm_out	0xffffffffc049c3c0	0x0	kvm
check_perm_out	0xffffffffc049c3d0	0x0	kvm
__pfx_assign_eip	0xffffffffc049c490	0x0	kvm
assign_eip	0xffffffffc049c4a0	0x0	kvm
__pfx_em_jmp_abs	0xffffffffc049c660	0x0	kvm
em_jmp_abs	0xffffffffc049c670	0x0	kvm
__pfx___do_insn_fetch_bytes	0xffffffffc049c690	0x0	kvm
__do_insn_fetch_bytes	0xffffffffc049c6a0	0x0	kvm
__pfx_decode_abs	0xffffffffc049c8e0	0x0	kvm
decode_abs	0xffffffffc049c8f0	0x0	kvm
__pfx_decode_imm	0xffffffffc049ca40	0x0	kvm
decode_imm	0xffffffffc049ca50	0x0	kvm
__pfx_em_invlpg	0xffffffffc049cc50	0x0	kvm
em_invlpg	0xffffffffc049cc60	0x0	kvm
__pfx_fetch_possible_mmx_operand.part.0	0xffffffffc049ce60	0x0	kvm
fetch_possible_mmx_operand.part.0	0xffffffffc049ce70	0x0	kvm
__pfx_em_fninit	0xffffffffc049cf30	0x0	kvm
em_fninit	0xffffffffc049cf40	0x0	kvm
__pfx_em_fnstsw	0xffffffffc049cfc0	0x0	kvm
em_fnstsw	0xffffffffc049cfd0	0x0	kvm
__pfx_em_fnstcw	0xffffffffc049d080	0x0	kvm
em_fnstcw	0xffffffffc049d090	0x0	kvm
__pfx_em_rdtsc	0xffffffffc049d140	0x0	kvm
em_rdtsc	0xffffffffc049d150	0x0	kvm
__pfx_em_str	0xffffffffc049d1d0	0x0	kvm
em_str	0xffffffffc049d1e0	0x0	kvm
__pfx_em_sldt	0xffffffffc049d2c0	0x0	kvm
em_sldt	0xffffffffc049d2d0	0x0	kvm
__pfx_em_mov_rm_sreg	0xffffffffc049d3b0	0x0	kvm
em_mov_rm_sreg	0xffffffffc049d3c0	0x0	kvm
__pfx_em_fxsave	0xffffffffc049d470	0x0	kvm
em_fxsave	0xffffffffc049d480	0x0	kvm
__pfx_check_svme_pa	0xffffffffc049d5a0	0x0	kvm
check_svme_pa	0xffffffffc049d5b0	0x0	kvm
__pfx_em_jcxz	0xffffffffc049d670	0x0	kvm
em_jcxz	0xffffffffc049d680	0x0	kvm
__pfx_em_sahf	0xffffffffc049d730	0x0	kvm
em_sahf	0xffffffffc049d740	0x0	kvm
__pfx_em_cwd	0xffffffffc049d7b0	0x0	kvm
em_cwd	0xffffffffc049d7c0	0x0	kvm
__pfx_rsp_increment	0xffffffffc049d870	0x0	kvm
rsp_increment	0xffffffffc049d880	0x0	kvm
__pfx_emulate_push	0xffffffffc049d990	0x0	kvm
emulate_push	0xffffffffc049d9a0	0x0	kvm
__pfx_em_push	0xffffffffc049daa0	0x0	kvm
em_push	0xffffffffc049dab0	0x0	kvm
__pfx_em_pushf	0xffffffffc049dae0	0x0	kvm
em_pushf	0xffffffffc049daf0	0x0	kvm
__pfx_em_call_near_abs	0xffffffffc049db30	0x0	kvm
em_call_near_abs	0xffffffffc049db40	0x0	kvm
__pfx_em_call	0xffffffffc049dba0	0x0	kvm
em_call	0xffffffffc049dbb0	0x0	kvm
__pfx_em_push_sreg	0xffffffffc049dc10	0x0	kvm
em_push_sreg	0xffffffffc049dc20	0x0	kvm
__pfx_emulate_pop	0xffffffffc049dcd0	0x0	kvm
emulate_pop	0xffffffffc049dce0	0x0	kvm
__pfx_em_pop_sreg	0xffffffffc049de10	0x0	kvm
em_pop_sreg	0xffffffffc049de20	0x0	kvm
__pfx_em_iret	0xffffffffc049ded0	0x0	kvm
em_iret	0xffffffffc049dee0	0x0	kvm
__pfx_em_ret_far	0xffffffffc049e030	0x0	kvm
em_ret_far	0xffffffffc049e040	0x0	kvm
__pfx_em_ret_far_imm	0xffffffffc049e1e0	0x0	kvm
em_ret_far_imm	0xffffffffc049e1f0	0x0	kvm
__pfx_em_ret	0xffffffffc049e230	0x0	kvm
em_ret	0xffffffffc049e240	0x0	kvm
__pfx_em_ret_near_imm	0xffffffffc049e2b0	0x0	kvm
em_ret_near_imm	0xffffffffc049e2c0	0x0	kvm
__pfx_em_popa	0xffffffffc049e340	0x0	kvm
em_popa	0xffffffffc049e350	0x0	kvm
__pfx_em_pop	0xffffffffc049e720	0x0	kvm
em_pop	0xffffffffc049e730	0x0	kvm
__pfx_em_popf	0xffffffffc049e750	0x0	kvm
em_popf	0xffffffffc049e760	0x0	kvm
__pfx_em_rdpmc	0xffffffffc049e870	0x0	kvm
em_rdpmc	0xffffffffc049e880	0x0	kvm
__pfx_load_state_from_tss16	0xffffffffc049e960	0x0	kvm
load_state_from_tss16	0xffffffffc049e970	0x0	kvm
__pfx_check_rdpmc	0xffffffffc049eb70	0x0	kvm
check_rdpmc	0xffffffffc049eb80	0x0	kvm
__pfx_em_pusha	0xffffffffc049ec80	0x0	kvm
em_pusha	0xffffffffc049ec90	0x0	kvm
__pfx_em_rsm	0xffffffffc049ee00	0x0	kvm
em_rsm	0xffffffffc049ee10	0x0	kvm
__pfx_em_fxrstor	0xffffffffc049ef80	0x0	kvm
em_fxrstor	0xffffffffc049ef90	0x0	kvm
__pfx_em_lahf	0xffffffffc049f0f0	0x0	kvm
em_lahf	0xffffffffc049f100	0x0	kvm
__pfx_em_wrmsr	0xffffffffc049f170	0x0	kvm
em_wrmsr	0xffffffffc049f180	0x0	kvm
__pfx_em_rdmsr	0xffffffffc049f290	0x0	kvm
em_rdmsr	0xffffffffc049f2a0	0x0	kvm
__pfx_em_leave	0xffffffffc049f370	0x0	kvm
em_leave	0xffffffffc049f380	0x0	kvm
__pfx_em_sysenter	0xffffffffc049f520	0x0	kvm
em_sysenter	0xffffffffc049f530	0x0	kvm
__pfx___emulate_int_real	0xffffffffc049f730	0x0	kvm
__emulate_int_real	0xffffffffc049f740	0x0	kvm
__pfx_load_state_from_tss32	0xffffffffc049f920	0x0	kvm
load_state_from_tss32	0xffffffffc049f930	0x0	kvm
__pfx_em_xsetbv	0xffffffffc049fc00	0x0	kvm
em_xsetbv	0xffffffffc049fc10	0x0	kvm
__pfx_em_cpuid	0xffffffffc049fd50	0x0	kvm
em_cpuid	0xffffffffc049fd60	0x0	kvm
__pfx_string_addr_inc	0xffffffffc049fef0	0x0	kvm
string_addr_inc	0xffffffffc049ff00	0x0	kvm
__pfx_em_sysexit	0xffffffffc04a0110	0x0	kvm
em_sysexit	0xffffffffc04a0120	0x0	kvm
__pfx_em_cr_write	0xffffffffc04a0350	0x0	kvm
em_cr_write	0xffffffffc04a0360	0x0	kvm
__pfx_em_loop	0xffffffffc04a04e0	0x0	kvm
em_loop	0xffffffffc04a04f0	0x0	kvm
__pfx_writeback	0xffffffffc04a0640	0x0	kvm
writeback	0xffffffffc04a0650	0x0	kvm
__pfx_em_cmpxchg	0xffffffffc04a09e0	0x0	kvm
em_cmpxchg	0xffffffffc04a09f0	0x0	kvm
__pfx_em_jmp_far	0xffffffffc04a0b10	0x0	kvm
em_jmp_far	0xffffffffc04a0b20	0x0	kvm
__pfx_em_syscall	0xffffffffc04a0c90	0x0	kvm
em_syscall	0xffffffffc04a0ca0	0x0	kvm
__pfx_em_call_far	0xffffffffc04a0ec0	0x0	kvm
em_call_far	0xffffffffc04a0ed0	0x0	kvm
__pfx_task_switch_16	0xffffffffc04a1150	0x0	kvm
task_switch_16	0xffffffffc04a1160	0x0	kvm
__pfx_task_switch_32	0xffffffffc04a1640	0x0	kvm
task_switch_32	0xffffffffc04a1650	0x0	kvm
__pfx_emulator_do_task_switch.constprop.0	0xffffffffc04a1bb0	0x0	kvm
emulator_do_task_switch.constprop.0	0xffffffffc04a1bc0	0x0	kvm
__pfx_decode_register	0xffffffffc04a2040	0x0	kvm
decode_register	0xffffffffc04a2050	0x0	kvm
__pfx_decode_register_operand	0xffffffffc04a22b0	0x0	kvm
decode_register_operand	0xffffffffc04a22c0	0x0	kvm
__pfx_em_enter	0xffffffffc04a24e0	0x0	kvm
em_enter	0xffffffffc04a24f0	0x0	kvm
__pfx_string_registers_quirk	0xffffffffc04a2810	0x0	kvm
string_registers_quirk	0xffffffffc04a2820	0x0	kvm
__pfx_pio_in_emulated	0xffffffffc04a2990	0x0	kvm
pio_in_emulated	0xffffffffc04a29a0	0x0	kvm
__pfx_em_in	0xffffffffc04a2c00	0x0	kvm
em_in	0xffffffffc04a2c10	0x0	kvm
__pfx_em_cmpxchg8b	0xffffffffc04a2c40	0x0	kvm
em_cmpxchg8b	0xffffffffc04a2c50	0x0	kvm
__pfx_decode_operand	0xffffffffc04a2dc0	0x0	kvm
decode_operand	0xffffffffc04a2dd0	0x0	kvm
__pfx_decode_modrm	0xffffffffc04a36b0	0x0	kvm
decode_modrm	0xffffffffc04a36c0	0x0	kvm
__pfx_emulate_int_real	0xffffffffc04a4100	0x0	kvm
emulate_int_real	0xffffffffc04a4110	0x0	kvm
__pfx_emulator_task_switch	0xffffffffc04a4160	0x0	kvm
emulator_task_switch	0xffffffffc04a4170	0x0	kvm
__pfx_x86_decode_insn	0xffffffffc04a41f0	0x0	kvm
x86_decode_insn	0xffffffffc04a4200	0x0	kvm
__pfx_x86_page_table_writing_insn	0xffffffffc04a4c70	0x0	kvm
x86_page_table_writing_insn	0xffffffffc04a4c80	0x0	kvm
__pfx_init_decode_cache	0xffffffffc04a4ca0	0x0	kvm
init_decode_cache	0xffffffffc04a4cb0	0x0	kvm
__pfx_x86_emulate_insn	0xffffffffc04a4cf0	0x0	kvm
x86_emulate_insn	0xffffffffc04a4d00	0x0	kvm
__pfx_emulator_invalidate_register_cache	0xffffffffc04a5ac0	0x0	kvm
emulator_invalidate_register_cache	0xffffffffc04a5ad0	0x0	kvm
__pfx_emulator_writeback_register_cache	0xffffffffc04a5af0	0x0	kvm
emulator_writeback_register_cache	0xffffffffc04a5b00	0x0	kvm
__pfx_emulator_can_use_gpa	0xffffffffc04a5bb0	0x0	kvm
emulator_can_use_gpa	0xffffffffc04a5bc0	0x0	kvm
__pfx_kvm_msi_to_lapic_irq.isra.0	0xffffffffc04a5c00	0x0	kvm
kvm_msi_to_lapic_irq.isra.0	0xffffffffc04a5c10	0x0	kvm
__pfx_kvm_intr_is_single_vcpu	0xffffffffc04a5d30	0x0	kvm
kvm_intr_is_single_vcpu	0xffffffffc04a5d40	0x0	kvm
__pfx_kvm_pi_update_irte	0xffffffffc04a5e90	0x0	kvm
kvm_pi_update_irte	0xffffffffc04a5ea0	0x0	kvm
__pfx_kvm_cpu_has_pending_timer	0xffffffffc04a6080	0x0	kvm
kvm_cpu_has_pending_timer	0xffffffffc04a6090	0x0	kvm
__pfx_kvm_cpu_has_extint	0xffffffffc04a6100	0x0	kvm
kvm_cpu_has_extint	0xffffffffc04a6110	0x0	kvm
__pfx_kvm_cpu_has_injectable_intr	0xffffffffc04a61f0	0x0	kvm
kvm_cpu_has_injectable_intr	0xffffffffc04a6200	0x0	kvm
__pfx_kvm_cpu_has_interrupt	0xffffffffc04a6290	0x0	kvm
kvm_cpu_has_interrupt	0xffffffffc04a62a0	0x0	kvm
__pfx_kvm_cpu_get_extint	0xffffffffc04a6320	0x0	kvm
kvm_cpu_get_extint	0xffffffffc04a6330	0x0	kvm
__pfx_kvm_cpu_get_interrupt	0xffffffffc04a6420	0x0	kvm
kvm_cpu_get_interrupt	0xffffffffc04a6430	0x0	kvm
__pfx_kvm_inject_pending_timer_irqs	0xffffffffc04a6480	0x0	kvm
kvm_inject_pending_timer_irqs	0xffffffffc04a6490	0x0	kvm
__pfx___kvm_migrate_timers	0xffffffffc04a64f0	0x0	kvm
__kvm_migrate_timers	0xffffffffc04a6500	0x0	kvm
__pfx_kvm_arch_irqfd_allowed	0xffffffffc04a6530	0x0	kvm
kvm_arch_irqfd_allowed	0xffffffffc04a6540	0x0	kvm
__pfx_kvm_arch_irqchip_in_kernel	0xffffffffc04a6570	0x0	kvm
kvm_arch_irqchip_in_kernel	0xffffffffc04a6580	0x0	kvm
__pfx_kvm_irq_delivery_to_apic	0xffffffffc04a65a0	0x0	kvm
kvm_irq_delivery_to_apic	0xffffffffc04a65b0	0x0	kvm
__pfx_kvm_set_msi	0xffffffffc04a68f0	0x0	kvm
kvm_set_msi	0xffffffffc04a6900	0x0	kvm
__pfx_kvm_arch_set_irq_inatomic	0xffffffffc04a69c0	0x0	kvm
kvm_arch_set_irq_inatomic	0xffffffffc04a69d0	0x0	kvm
__pfx_kvm_vm_ioctl_irq_line	0xffffffffc04a6ae0	0x0	kvm
kvm_vm_ioctl_irq_line	0xffffffffc04a6af0	0x0	kvm
__pfx_kvm_arch_can_set_irq_routing	0xffffffffc04a6b30	0x0	kvm
kvm_arch_can_set_irq_routing	0xffffffffc04a6b40	0x0	kvm
__pfx_kvm_set_routing_entry	0xffffffffc04a6b60	0x0	kvm
kvm_set_routing_entry	0xffffffffc04a6b70	0x0	kvm
__pfx_kvm_scan_ioapic_irq	0xffffffffc04a6c70	0x0	kvm
kvm_scan_ioapic_irq	0xffffffffc04a6c80	0x0	kvm
__pfx_kvm_scan_ioapic_routes	0xffffffffc04a6cf0	0x0	kvm
kvm_scan_ioapic_routes	0xffffffffc04a6d00	0x0	kvm
__pfx_kvm_arch_irq_routing_update	0xffffffffc04a6e40	0x0	kvm
kvm_arch_irq_routing_update	0xffffffffc04a6e50	0x0	kvm
__pfx_kvm_arch_irq_bypass_add_producer	0xffffffffc04a6e90	0x0	kvm
kvm_arch_irq_bypass_add_producer	0xffffffffc04a6ea0	0x0	kvm
__pfx_kvm_arch_irq_bypass_del_producer	0xffffffffc04a6f50	0x0	kvm
kvm_arch_irq_bypass_del_producer	0xffffffffc04a6f60	0x0	kvm
__pfx_kvm_arch_update_irqfd_routing	0xffffffffc04a6ff0	0x0	kvm
kvm_arch_update_irqfd_routing	0xffffffffc04a7000	0x0	kvm
__pfx_kvm_setup_default_ioapic_and_pic_routing	0xffffffffc04a7060	0x0	kvm
kvm_setup_default_ioapic_and_pic_routing	0xffffffffc04a7070	0x0	kvm
__pfx_kvm_vm_ioctl_get_irqchip	0xffffffffc04a70a0	0x0	kvm
kvm_vm_ioctl_get_irqchip	0xffffffffc04a70b0	0x0	kvm
__pfx_kvm_vm_ioctl_set_irqchip	0xffffffffc04a7120	0x0	kvm
kvm_vm_ioctl_set_irqchip	0xffffffffc04a7130	0x0	kvm
__pfx_kvm_lapic_readable_reg_mask	0xffffffffc04a71d0	0x0	kvm
kvm_lapic_readable_reg_mask	0xffffffffc04a71e0	0x0	kvm
__pfx_count_vectors	0xffffffffc04a7230	0x0	kvm
count_vectors	0xffffffffc04a7240	0x0	kvm
__pfx___kvm_apic_update_irr	0xffffffffc04a7280	0x0	kvm
__kvm_apic_update_irr	0xffffffffc04a7290	0x0	kvm
__pfx_kvm_apic_send_ipi	0xffffffffc04a73c0	0x0	kvm
kvm_apic_send_ipi	0xffffffffc04a73d0	0x0	kvm
__pfx_kvm_alloc_apic_access_page	0xffffffffc04a74d0	0x0	kvm
kvm_alloc_apic_access_page	0xffffffffc04a74e0	0x0	kvm
__pfx_kvm_can_post_timer_interrupt	0xffffffffc04a7550	0x0	kvm
kvm_can_post_timer_interrupt	0xffffffffc04a7560	0x0	kvm
__pfx_kvm_apic_update_irr	0xffffffffc04a75e0	0x0	kvm
kvm_apic_update_irr	0xffffffffc04a75f0	0x0	kvm
__pfx_limit_periodic_timer_frequency.part.0	0xffffffffc04a7650	0x0	kvm
limit_periodic_timer_frequency.part.0	0xffffffffc04a7660	0x0	kvm
__pfx_kvm_apic_state_fixup.isra.0	0xffffffffc04a76e0	0x0	kvm
kvm_apic_state_fixup.isra.0	0xffffffffc04a76f0	0x0	kvm
__pfx_kvm_ioapic_handles_vector.isra.0	0xffffffffc04a7800	0x0	kvm
kvm_ioapic_handles_vector.isra.0	0xffffffffc04a7810	0x0	kvm
__pfx_kvm_apic_match_dest	0xffffffffc04a7830	0x0	kvm
kvm_apic_match_dest	0xffffffffc04a7840	0x0	kvm
__pfx___report_tpr_access.isra.0	0xffffffffc04a7a10	0x0	kvm
__report_tpr_access.isra.0	0xffffffffc04a7a20	0x0	kvm
__pfx___kvm_apic_set_base	0xffffffffc04a7a80	0x0	kvm
__kvm_apic_set_base	0xffffffffc04a7a90	0x0	kvm
__pfx_kvm_ioapic_send_eoi.part.0	0xffffffffc04a7ce0	0x0	kvm
kvm_ioapic_send_eoi.part.0	0xffffffffc04a7cf0	0x0	kvm
__pfx_kvm_apic_set_eoi_accelerated	0xffffffffc04a7d80	0x0	kvm
kvm_apic_set_eoi_accelerated	0xffffffffc04a7d90	0x0	kvm
__pfx_kvm_lapic_find_highest_irr	0xffffffffc04a7e10	0x0	kvm
kvm_lapic_find_highest_irr	0xffffffffc04a7e20	0x0	kvm
__pfx_kvm_x2apic_icr_write.part.0	0xffffffffc04a7ea0	0x0	kvm
kvm_x2apic_icr_write.part.0	0xffffffffc04a7eb0	0x0	kvm
__pfx_kvm_apic_clear_irr	0xffffffffc04a7f70	0x0	kvm
kvm_apic_clear_irr	0xffffffffc04a7f80	0x0	kvm
__pfx___apic_update_ppr	0xffffffffc04a8040	0x0	kvm
__apic_update_ppr	0xffffffffc04a8050	0x0	kvm
__pfx_apic_update_ppr	0xffffffffc04a80f0	0x0	kvm
apic_update_ppr	0xffffffffc04a8100	0x0	kvm
__pfx_kvm_apic_update_ppr	0xffffffffc04a81e0	0x0	kvm
kvm_apic_update_ppr	0xffffffffc04a81f0	0x0	kvm
__pfx_kvm_lapic_reg_read	0xffffffffc04a8210	0x0	kvm
kvm_lapic_reg_read	0xffffffffc04a8220	0x0	kvm
__pfx_kvm_apic_ack_interrupt	0xffffffffc04a84d0	0x0	kvm
kvm_apic_ack_interrupt	0xffffffffc04a84e0	0x0	kvm
__pfx_advance_periodic_target_expiration	0xffffffffc04a8680	0x0	kvm
advance_periodic_target_expiration	0xffffffffc04a8690	0x0	kvm
__pfx_kvm_apic_update_hwapic_isr	0xffffffffc04a8750	0x0	kvm
kvm_apic_update_hwapic_isr	0xffffffffc04a8760	0x0	kvm
__pfx___apic_accept_irq	0xffffffffc04a8820	0x0	kvm
__apic_accept_irq	0xffffffffc04a8830	0x0	kvm
__pfx___pv_send_ipi	0xffffffffc04a8af0	0x0	kvm
__pv_send_ipi	0xffffffffc04a8b00	0x0	kvm
__pfx_kvm_apic_has_interrupt	0xffffffffc04a8c00	0x0	kvm
kvm_apic_has_interrupt	0xffffffffc04a8c10	0x0	kvm
__pfx_kvm_recalculate_apic_map	0xffffffffc04a8d40	0x0	kvm
kvm_recalculate_apic_map	0xffffffffc04a8d50	0x0	kvm
__pfx_kvm_apic_set_base	0xffffffffc04a9390	0x0	kvm
kvm_apic_set_base	0xffffffffc04a93a0	0x0	kvm
__pfx_apic_mmio_read	0xffffffffc04a9480	0x0	kvm
apic_mmio_read	0xffffffffc04a9490	0x0	kvm
__pfx_cancel_apic_timer	0xffffffffc04a9530	0x0	kvm
cancel_apic_timer	0xffffffffc04a9540	0x0	kvm
__pfx_apic_set_eoi	0xffffffffc04a95b0	0x0	kvm
apic_set_eoi	0xffffffffc04a95c0	0x0	kvm
__pfx_apic_sync_pv_eoi_from_guest	0xffffffffc04a97b0	0x0	kvm
apic_sync_pv_eoi_from_guest	0xffffffffc04a97c0	0x0	kvm
__pfx_apic_update_lvtt	0xffffffffc04a98b0	0x0	kvm
apic_update_lvtt	0xffffffffc04a98c0	0x0	kvm
__pfx___kvm_wait_lapic_expire	0xffffffffc04a99a0	0x0	kvm
__kvm_wait_lapic_expire	0xffffffffc04a99b0	0x0	kvm
__pfx_kvm_wait_lapic_expire	0xffffffffc04a9b70	0x0	kvm
kvm_wait_lapic_expire	0xffffffffc04a9b80	0x0	kvm
__pfx_kvm_apic_map_get_dest_lapic	0xffffffffc04a9c70	0x0	kvm
kvm_apic_map_get_dest_lapic	0xffffffffc04a9c80	0x0	kvm
__pfx_kvm_apic_pending_eoi	0xffffffffc04aa000	0x0	kvm
kvm_apic_pending_eoi	0xffffffffc04aa010	0x0	kvm
__pfx_kvm_can_use_hv_timer	0xffffffffc04aa070	0x0	kvm
kvm_can_use_hv_timer	0xffffffffc04aa080	0x0	kvm
__pfx_kvm_apic_set_version	0xffffffffc04aa0c0	0x0	kvm
kvm_apic_set_version	0xffffffffc04aa0d0	0x0	kvm
__pfx_kvm_apic_after_set_mcg_cap	0xffffffffc04aa130	0x0	kvm
kvm_apic_after_set_mcg_cap	0xffffffffc04aa140	0x0	kvm
__pfx_kvm_apic_set_irq	0xffffffffc04aa1d0	0x0	kvm
kvm_apic_set_irq	0xffffffffc04aa1e0	0x0	kvm
__pfx_kvm_pv_send_ipi	0xffffffffc04aa230	0x0	kvm
kvm_pv_send_ipi	0xffffffffc04aa240	0x0	kvm
__pfx_kvm_vector_to_index	0xffffffffc04aa340	0x0	kvm
kvm_vector_to_index	0xffffffffc04aa350	0x0	kvm
__pfx_kvm_irq_delivery_to_apic_fast	0xffffffffc04aa3b0	0x0	kvm
kvm_irq_delivery_to_apic_fast	0xffffffffc04aa3c0	0x0	kvm
__pfx_kvm_intr_is_single_vcpu_fast	0xffffffffc04aa5a0	0x0	kvm
kvm_intr_is_single_vcpu_fast	0xffffffffc04aa5b0	0x0	kvm
__pfx_kvm_bitmap_or_dest_vcpus	0xffffffffc04aa680	0x0	kvm
kvm_bitmap_or_dest_vcpus	0xffffffffc04aa690	0x0	kvm
__pfx_kvm_apic_compare_prio	0xffffffffc04aa840	0x0	kvm
kvm_apic_compare_prio	0xffffffffc04aa850	0x0	kvm
__pfx_kvm_lapic_hv_timer_in_use	0xffffffffc04aa870	0x0	kvm
kvm_lapic_hv_timer_in_use	0xffffffffc04aa880	0x0	kvm
__pfx_kvm_x2apic_icr_write	0xffffffffc04aa8c0	0x0	kvm
kvm_x2apic_icr_write	0xffffffffc04aa8d0	0x0	kvm
__pfx_kvm_free_lapic	0xffffffffc04aa900	0x0	kvm
kvm_free_lapic	0xffffffffc04aa910	0x0	kvm
__pfx_kvm_get_lapic_tscdeadline_msr	0xffffffffc04aa9d0	0x0	kvm
kvm_get_lapic_tscdeadline_msr	0xffffffffc04aa9e0	0x0	kvm
__pfx_kvm_lapic_set_tpr	0xffffffffc04aaa40	0x0	kvm
kvm_lapic_set_tpr	0xffffffffc04aaa50	0x0	kvm
__pfx_kvm_lapic_get_cr8	0xffffffffc04aaa80	0x0	kvm
kvm_lapic_get_cr8	0xffffffffc04aaa90	0x0	kvm
__pfx_kvm_apic_update_apicv	0xffffffffc04aaac0	0x0	kvm
kvm_apic_update_apicv	0xffffffffc04aaad0	0x0	kvm
__pfx_kvm_inhibit_apic_access_page	0xffffffffc04aab40	0x0	kvm
kvm_inhibit_apic_access_page	0xffffffffc04aab50	0x0	kvm
__pfx_kvm_lapic_reset	0xffffffffc04aac20	0x0	kvm
kvm_lapic_reset	0xffffffffc04aac30	0x0	kvm
__pfx_apic_has_pending_timer	0xffffffffc04aafe0	0x0	kvm
apic_has_pending_timer	0xffffffffc04aaff0	0x0	kvm
__pfx_kvm_apic_local_deliver	0xffffffffc04ab060	0x0	kvm
kvm_apic_local_deliver	0xffffffffc04ab070	0x0	kvm
__pfx_apic_timer_expired	0xffffffffc04ab150	0x0	kvm
apic_timer_expired	0xffffffffc04ab160	0x0	kvm
__pfx_start_sw_timer	0xffffffffc04ab280	0x0	kvm
start_sw_timer	0xffffffffc04ab290	0x0	kvm
__pfx_restart_apic_timer	0xffffffffc04ab450	0x0	kvm
restart_apic_timer	0xffffffffc04ab460	0x0	kvm
__pfx_kvm_lapic_switch_to_hv_timer	0xffffffffc04ab5e0	0x0	kvm
kvm_lapic_switch_to_hv_timer	0xffffffffc04ab5f0	0x0	kvm
__pfx_kvm_lapic_restart_hv_timer	0xffffffffc04ab610	0x0	kvm
kvm_lapic_restart_hv_timer	0xffffffffc04ab620	0x0	kvm
__pfx___start_apic_timer	0xffffffffc04ab670	0x0	kvm
__start_apic_timer	0xffffffffc04ab680	0x0	kvm
__pfx_kvm_set_lapic_tscdeadline_msr	0xffffffffc04ab890	0x0	kvm
kvm_set_lapic_tscdeadline_msr	0xffffffffc04ab8a0	0x0	kvm
__pfx_kvm_lapic_reg_write	0xffffffffc04ab920	0x0	kvm
kvm_lapic_reg_write	0xffffffffc04ab930	0x0	kvm
__pfx_kvm_lapic_set_eoi	0xffffffffc04ac1a0	0x0	kvm
kvm_lapic_set_eoi	0xffffffffc04ac1b0	0x0	kvm
__pfx_kvm_apic_write_nodecode	0xffffffffc04ac1e0	0x0	kvm
kvm_apic_write_nodecode	0xffffffffc04ac1f0	0x0	kvm
__pfx_apic_mmio_write	0xffffffffc04ac290	0x0	kvm
apic_mmio_write	0xffffffffc04ac2a0	0x0	kvm
__pfx_kvm_lapic_switch_to_sw_timer	0xffffffffc04ac340	0x0	kvm
kvm_lapic_switch_to_sw_timer	0xffffffffc04ac350	0x0	kvm
__pfx_kvm_lapic_expired_hv_timer	0xffffffffc04ac3a0	0x0	kvm
kvm_lapic_expired_hv_timer	0xffffffffc04ac3b0	0x0	kvm
__pfx_apic_timer_fn	0xffffffffc04ac460	0x0	kvm
apic_timer_fn	0xffffffffc04ac470	0x0	kvm
__pfx_kvm_apic_nmi_wd_deliver	0xffffffffc04ac4d0	0x0	kvm
kvm_apic_nmi_wd_deliver	0xffffffffc04ac4e0	0x0	kvm
__pfx_kvm_create_lapic	0xffffffffc04ac510	0x0	kvm
kvm_create_lapic	0xffffffffc04ac520	0x0	kvm
__pfx_kvm_apic_accept_pic_intr	0xffffffffc04ac690	0x0	kvm
kvm_apic_accept_pic_intr	0xffffffffc04ac6a0	0x0	kvm
__pfx_kvm_inject_apic_timer_irqs	0xffffffffc04ac700	0x0	kvm
kvm_inject_apic_timer_irqs	0xffffffffc04ac710	0x0	kvm
__pfx_kvm_apic_get_state	0xffffffffc04ac780	0x0	kvm
kvm_apic_get_state	0xffffffffc04ac790	0x0	kvm
__pfx_kvm_apic_set_state	0xffffffffc04ac880	0x0	kvm
kvm_apic_set_state	0xffffffffc04ac890	0x0	kvm
__pfx___kvm_migrate_apic_timer	0xffffffffc04acc10	0x0	kvm
__kvm_migrate_apic_timer	0xffffffffc04acc20	0x0	kvm
__pfx_kvm_lapic_sync_from_vapic	0xffffffffc04acc90	0x0	kvm
kvm_lapic_sync_from_vapic	0xffffffffc04acca0	0x0	kvm
__pfx_kvm_lapic_sync_to_vapic	0xffffffffc04acd50	0x0	kvm
kvm_lapic_sync_to_vapic	0xffffffffc04acd60	0x0	kvm
__pfx_kvm_lapic_set_vapic_addr	0xffffffffc04acf60	0x0	kvm
kvm_lapic_set_vapic_addr	0xffffffffc04acf70	0x0	kvm
__pfx_kvm_x2apic_msr_write	0xffffffffc04acfe0	0x0	kvm
kvm_x2apic_msr_write	0xffffffffc04acff0	0x0	kvm
__pfx_kvm_x2apic_msr_read	0xffffffffc04ad070	0x0	kvm
kvm_x2apic_msr_read	0xffffffffc04ad080	0x0	kvm
__pfx_kvm_hv_vapic_msr_write	0xffffffffc04ad180	0x0	kvm
kvm_hv_vapic_msr_write	0xffffffffc04ad190	0x0	kvm
__pfx_kvm_hv_vapic_msr_read	0xffffffffc04ad200	0x0	kvm
kvm_hv_vapic_msr_read	0xffffffffc04ad210	0x0	kvm
__pfx_kvm_lapic_set_pv_eoi	0xffffffffc04ad2f0	0x0	kvm
kvm_lapic_set_pv_eoi	0xffffffffc04ad300	0x0	kvm
__pfx_kvm_apic_accept_events	0xffffffffc04ad380	0x0	kvm
kvm_apic_accept_events	0xffffffffc04ad390	0x0	kvm
__pfx_kvm_lapic_exit	0xffffffffc04ad4b0	0x0	kvm
kvm_lapic_exit	0xffffffffc04ad4c0	0x0	kvm
__pfx_kvm_find_cpuid_entry2	0xffffffffc04ad510	0x0	kvm
kvm_find_cpuid_entry2	0xffffffffc04ad520	0x0	kvm
__pfx_cpuid_func_emulated	0xffffffffc04ad5a0	0x0	kvm
cpuid_func_emulated	0xffffffffc04ad5b0	0x0	kvm
__pfx_do_host_cpuid	0xffffffffc04ad630	0x0	kvm
do_host_cpuid	0xffffffffc04ad640	0x0	kvm
__pfx_kvm_get_hypervisor_cpuid	0xffffffffc04ad750	0x0	kvm
kvm_get_hypervisor_cpuid	0xffffffffc04ad760	0x0	kvm
__pfx_kvm_apply_cpuid_pv_features_quirk	0xffffffffc04ad820	0x0	kvm
kvm_apply_cpuid_pv_features_quirk	0xffffffffc04ad830	0x0	kvm
__pfx_kvm_set_cpu_caps	0xffffffffc04ad8a0	0x0	kvm
kvm_set_cpu_caps	0xffffffffc04ad8b0	0x0	kvm
__pfx_xstate_required_size	0xffffffffc04ae2c0	0x0	kvm
xstate_required_size	0xffffffffc04ae2d0	0x0	kvm
__pfx_kvm_update_cpuid_runtime	0xffffffffc04ae3b0	0x0	kvm
kvm_update_cpuid_runtime	0xffffffffc04ae3c0	0x0	kvm
__pfx_kvm_cpuid	0xffffffffc04ae670	0x0	kvm
kvm_cpuid	0xffffffffc04ae680	0x0	kvm
__pfx_kvm_emulate_cpuid	0xffffffffc04aebc0	0x0	kvm
kvm_emulate_cpuid	0xffffffffc04aebd0	0x0	kvm
__pfx___do_cpuid_func	0xffffffffc04aecb0	0x0	kvm
__do_cpuid_func	0xffffffffc04aecc0	0x0	kvm
__pfx_cpuid_query_maxphyaddr	0xffffffffc04af560	0x0	kvm
cpuid_query_maxphyaddr	0xffffffffc04af570	0x0	kvm
__pfx_cpuid_query_maxguestphyaddr	0xffffffffc04af600	0x0	kvm
cpuid_query_maxguestphyaddr	0xffffffffc04af610	0x0	kvm
__pfx_kvm_vcpu_reserved_gpa_bits_raw	0xffffffffc04af690	0x0	kvm
kvm_vcpu_reserved_gpa_bits_raw	0xffffffffc04af6a0	0x0	kvm
__pfx_kvm_vcpu_after_set_cpuid	0xffffffffc04af6f0	0x0	kvm
kvm_vcpu_after_set_cpuid	0xffffffffc04af700	0x0	kvm
__pfx_kvm_set_cpuid	0xffffffffc04afe30	0x0	kvm
kvm_set_cpuid	0xffffffffc04afe40	0x0	kvm
__pfx_kvm_vcpu_ioctl_set_cpuid	0xffffffffc04b0210	0x0	kvm
kvm_vcpu_ioctl_set_cpuid	0xffffffffc04b0220	0x0	kvm
__pfx_kvm_vcpu_ioctl_set_cpuid2	0xffffffffc04b0360	0x0	kvm
kvm_vcpu_ioctl_set_cpuid2	0xffffffffc04b0370	0x0	kvm
__pfx_kvm_vcpu_ioctl_get_cpuid2	0xffffffffc04b0410	0x0	kvm
kvm_vcpu_ioctl_get_cpuid2	0xffffffffc04b0420	0x0	kvm
__pfx_kvm_dev_ioctl_get_cpuid	0xffffffffc04b04e0	0x0	kvm
kvm_dev_ioctl_get_cpuid	0xffffffffc04b04f0	0x0	kvm
__pfx_filter_sort_cmp	0xffffffffc04b07d0	0x0	kvm
filter_sort_cmp	0xffffffffc04b07e0	0x0	kvm
__pfx_filter_event_cmp	0xffffffffc04b0820	0x0	kvm
filter_event_cmp	0xffffffffc04b0830	0x0	kvm
__pfx_filter_contains_match	0xffffffffc04b0870	0x0	kvm
filter_contains_match	0xffffffffc04b0880	0x0	kvm
__pfx_check_pmu_event_filter	0xffffffffc04b09f0	0x0	kvm
check_pmu_event_filter	0xffffffffc04b0a00	0x0	kvm
__pfx_pmc_reprogram_counter.constprop.0	0xffffffffc04b0ac0	0x0	kvm
pmc_reprogram_counter.constprop.0	0xffffffffc04b0ad0	0x0	kvm
__pfx_pmc_event_is_allowed	0xffffffffc04b0d60	0x0	kvm
pmc_event_is_allowed	0xffffffffc04b0d70	0x0	kvm
__pfx_kvm_pmu_trigger_event	0xffffffffc04b0de0	0x0	kvm
kvm_pmu_trigger_event	0xffffffffc04b0df0	0x0	kvm
__pfx_reprogram_counter	0xffffffffc04b1010	0x0	kvm
reprogram_counter	0xffffffffc04b1020	0x0	kvm
__pfx_pmc_write_counter	0xffffffffc04b13a0	0x0	kvm
pmc_write_counter	0xffffffffc04b13b0	0x0	kvm
__pfx_kvm_pmu_reset	0xffffffffc04b1550	0x0	kvm
kvm_pmu_reset	0xffffffffc04b1560	0x0	kvm
__pfx_kvm_perf_overflow	0xffffffffc04b17e0	0x0	kvm
kvm_perf_overflow	0xffffffffc04b17f0	0x0	kvm
__pfx_kvm_pmu_ops_update	0xffffffffc04b18b0	0x0	kvm
kvm_pmu_ops_update	0xffffffffc04b18c0	0x0	kvm
__pfx_kvm_pmu_check_rdpmc_early	0xffffffffc04b1ae0	0x0	kvm
kvm_pmu_check_rdpmc_early	0xffffffffc04b1af0	0x0	kvm
__pfx_is_vmware_backdoor_pmc	0xffffffffc04b1b20	0x0	kvm
is_vmware_backdoor_pmc	0xffffffffc04b1b30	0x0	kvm
__pfx_kvm_pmu_rdpmc	0xffffffffc04b1b50	0x0	kvm
kvm_pmu_rdpmc	0xffffffffc04b1b60	0x0	kvm
__pfx_kvm_pmu_deliver_pmi	0xffffffffc04b1d20	0x0	kvm
kvm_pmu_deliver_pmi	0xffffffffc04b1d30	0x0	kvm
__pfx_kvm_pmu_is_valid_msr	0xffffffffc04b1d80	0x0	kvm
kvm_pmu_is_valid_msr	0xffffffffc04b1d90	0x0	kvm
__pfx_kvm_pmu_get_msr	0xffffffffc04b1de0	0x0	kvm
kvm_pmu_get_msr	0xffffffffc04b1df0	0x0	kvm
__pfx_kvm_pmu_set_msr	0xffffffffc04b1e70	0x0	kvm
kvm_pmu_set_msr	0xffffffffc04b1e80	0x0	kvm
__pfx_kvm_pmu_refresh	0xffffffffc04b2090	0x0	kvm
kvm_pmu_refresh	0xffffffffc04b20a0	0x0	kvm
__pfx_kvm_pmu_init	0xffffffffc04b2220	0x0	kvm
kvm_pmu_init	0xffffffffc04b2230	0x0	kvm
__pfx_kvm_pmu_cleanup	0xffffffffc04b2280	0x0	kvm
kvm_pmu_cleanup	0xffffffffc04b2290	0x0	kvm
__pfx_kvm_pmu_handle_event	0xffffffffc04b2500	0x0	kvm
kvm_pmu_handle_event	0xffffffffc04b2510	0x0	kvm
__pfx_kvm_pmu_destroy	0xffffffffc04b2680	0x0	kvm
kvm_pmu_destroy	0xffffffffc04b2690	0x0	kvm
__pfx_kvm_vm_ioctl_set_pmu_event_filter	0xffffffffc04b26b0	0x0	kvm
kvm_vm_ioctl_set_pmu_event_filter	0xffffffffc04b26c0	0x0	kvm
__pfx_kvm_mtrr_set_msr	0xffffffffc04b2a10	0x0	kvm
kvm_mtrr_set_msr	0xffffffffc04b2a20	0x0	kvm
__pfx_kvm_mtrr_get_msr	0xffffffffc04b2c00	0x0	kvm
kvm_mtrr_get_msr	0xffffffffc04b2c10	0x0	kvm
__pfx_vcpu_get_timer_advance_ns	0xffffffffc04b2d60	0x0	kvm
vcpu_get_timer_advance_ns	0xffffffffc04b2d70	0x0	kvm
__pfx_vcpu_get_guest_mode	0xffffffffc04b2d90	0x0	kvm
vcpu_get_guest_mode	0xffffffffc04b2da0	0x0	kvm
__pfx_vcpu_get_tsc_offset	0xffffffffc04b2dc0	0x0	kvm
vcpu_get_tsc_offset	0xffffffffc04b2dd0	0x0	kvm
__pfx_vcpu_get_tsc_scaling_ratio	0xffffffffc04b2df0	0x0	kvm
vcpu_get_tsc_scaling_ratio	0xffffffffc04b2e00	0x0	kvm
__pfx_vcpu_get_tsc_scaling_frac_bits	0xffffffffc04b2e20	0x0	kvm
vcpu_get_tsc_scaling_frac_bits	0xffffffffc04b2e30	0x0	kvm
__pfx_vcpu_tsc_scaling_frac_fops_open	0xffffffffc04b2e50	0x0	kvm
vcpu_tsc_scaling_frac_fops_open	0xffffffffc04b2e60	0x0	kvm
__pfx_vcpu_tsc_scaling_fops_open	0xffffffffc04b2e90	0x0	kvm
vcpu_tsc_scaling_fops_open	0xffffffffc04b2ea0	0x0	kvm
__pfx_vcpu_timer_advance_ns_fops_open	0xffffffffc04b2ed0	0x0	kvm
vcpu_timer_advance_ns_fops_open	0xffffffffc04b2ee0	0x0	kvm
__pfx_vcpu_tsc_offset_fops_open	0xffffffffc04b2f10	0x0	kvm
vcpu_tsc_offset_fops_open	0xffffffffc04b2f20	0x0	kvm
__pfx_vcpu_guest_mode_fops_open	0xffffffffc04b2f50	0x0	kvm
vcpu_guest_mode_fops_open	0xffffffffc04b2f60	0x0	kvm
__pfx_kvm_mmu_rmaps_stat_release	0xffffffffc04b2f90	0x0	kvm
kvm_mmu_rmaps_stat_release	0xffffffffc04b2fa0	0x0	kvm
__pfx_kvm_mmu_rmaps_stat_open	0xffffffffc04b2fe0	0x0	kvm
kvm_mmu_rmaps_stat_open	0xffffffffc04b2ff0	0x0	kvm
__pfx_kvm_mmu_rmaps_stat_show	0xffffffffc04b3060	0x0	kvm
kvm_mmu_rmaps_stat_show	0xffffffffc04b3070	0x0	kvm
__pfx_kvm_arch_create_vcpu_debugfs	0xffffffffc04b35b0	0x0	kvm
kvm_arch_create_vcpu_debugfs	0xffffffffc04b35c0	0x0	kvm
__pfx_kvm_arch_create_vm_debugfs	0xffffffffc04b36c0	0x0	kvm
kvm_arch_create_vm_debugfs	0xffffffffc04b36d0	0x0	kvm
__pfx___traceiter_kvm_mmu_pagetable_walk	0xffffffffc04b3710	0x0	kvm
__traceiter_kvm_mmu_pagetable_walk	0xffffffffc04b3720	0x0	kvm
__pfx___probestub_kvm_mmu_pagetable_walk	0xffffffffc04b3770	0x0	kvm
__probestub_kvm_mmu_pagetable_walk	0xffffffffc04b3780	0x0	kvm
__pfx___traceiter_kvm_mmu_paging_element	0xffffffffc04b3790	0x0	kvm
__traceiter_kvm_mmu_paging_element	0xffffffffc04b37a0	0x0	kvm
__pfx___probestub_kvm_mmu_paging_element	0xffffffffc04b37f0	0x0	kvm
__probestub_kvm_mmu_paging_element	0xffffffffc04b3800	0x0	kvm
__pfx___traceiter_kvm_mmu_set_accessed_bit	0xffffffffc04b3810	0x0	kvm
__traceiter_kvm_mmu_set_accessed_bit	0xffffffffc04b3820	0x0	kvm
__pfx___probestub_kvm_mmu_set_accessed_bit	0xffffffffc04b3880	0x0	kvm
__probestub_kvm_mmu_set_accessed_bit	0xffffffffc04b3890	0x0	kvm
__pfx___traceiter_kvm_mmu_set_dirty_bit	0xffffffffc04b38a0	0x0	kvm
__traceiter_kvm_mmu_set_dirty_bit	0xffffffffc04b38b0	0x0	kvm
__pfx___traceiter_kvm_mmu_walker_error	0xffffffffc04b3910	0x0	kvm
__traceiter_kvm_mmu_walker_error	0xffffffffc04b3920	0x0	kvm
__pfx___probestub_kvm_mmu_walker_error	0xffffffffc04b3960	0x0	kvm
__probestub_kvm_mmu_walker_error	0xffffffffc04b3970	0x0	kvm
__pfx___traceiter_kvm_mmu_get_page	0xffffffffc04b3980	0x0	kvm
__traceiter_kvm_mmu_get_page	0xffffffffc04b3990	0x0	kvm
__pfx___probestub_kvm_mmu_get_page	0xffffffffc04b39e0	0x0	kvm
__probestub_kvm_mmu_get_page	0xffffffffc04b39f0	0x0	kvm
__pfx___traceiter_kvm_mmu_sync_page	0xffffffffc04b3a00	0x0	kvm
__traceiter_kvm_mmu_sync_page	0xffffffffc04b3a10	0x0	kvm
__pfx___probestub_kvm_mmu_sync_page	0xffffffffc04b3a50	0x0	kvm
__probestub_kvm_mmu_sync_page	0xffffffffc04b3a60	0x0	kvm
__pfx___traceiter_kvm_mmu_unsync_page	0xffffffffc04b3a70	0x0	kvm
__traceiter_kvm_mmu_unsync_page	0xffffffffc04b3a80	0x0	kvm
__pfx___traceiter_kvm_mmu_prepare_zap_page	0xffffffffc04b3ac0	0x0	kvm
__traceiter_kvm_mmu_prepare_zap_page	0xffffffffc04b3ad0	0x0	kvm
__pfx___traceiter_mark_mmio_spte	0xffffffffc04b3b10	0x0	kvm
__traceiter_mark_mmio_spte	0xffffffffc04b3b20	0x0	kvm
__pfx___probestub_mark_mmio_spte	0xffffffffc04b3b80	0x0	kvm
__probestub_mark_mmio_spte	0xffffffffc04b3b90	0x0	kvm
__pfx___traceiter_handle_mmio_page_fault	0xffffffffc04b3ba0	0x0	kvm
__traceiter_handle_mmio_page_fault	0xffffffffc04b3bb0	0x0	kvm
__pfx___probestub_handle_mmio_page_fault	0xffffffffc04b3c10	0x0	kvm
__probestub_handle_mmio_page_fault	0xffffffffc04b3c20	0x0	kvm
__pfx___traceiter_fast_page_fault	0xffffffffc04b3c30	0x0	kvm
__traceiter_fast_page_fault	0xffffffffc04b3c40	0x0	kvm
__pfx___probestub_fast_page_fault	0xffffffffc04b3cb0	0x0	kvm
__probestub_fast_page_fault	0xffffffffc04b3cc0	0x0	kvm
__pfx___traceiter_kvm_mmu_zap_all_fast	0xffffffffc04b3cd0	0x0	kvm
__traceiter_kvm_mmu_zap_all_fast	0xffffffffc04b3ce0	0x0	kvm
__pfx___traceiter_check_mmio_spte	0xffffffffc04b3d20	0x0	kvm
__traceiter_check_mmio_spte	0xffffffffc04b3d30	0x0	kvm
__pfx___traceiter_kvm_mmu_set_spte	0xffffffffc04b3d90	0x0	kvm
__traceiter_kvm_mmu_set_spte	0xffffffffc04b3da0	0x0	kvm
__pfx___probestub_kvm_mmu_set_spte	0xffffffffc04b3e00	0x0	kvm
__probestub_kvm_mmu_set_spte	0xffffffffc04b3e10	0x0	kvm
__pfx___traceiter_kvm_mmu_spte_requested	0xffffffffc04b3e20	0x0	kvm
__traceiter_kvm_mmu_spte_requested	0xffffffffc04b3e30	0x0	kvm
__pfx___traceiter_kvm_tdp_mmu_spte_changed	0xffffffffc04b3e70	0x0	kvm
__traceiter_kvm_tdp_mmu_spte_changed	0xffffffffc04b3e80	0x0	kvm
__pfx___probestub_kvm_tdp_mmu_spte_changed	0xffffffffc04b3ef0	0x0	kvm
__probestub_kvm_tdp_mmu_spte_changed	0xffffffffc04b3f00	0x0	kvm
__pfx___traceiter_kvm_mmu_split_huge_page	0xffffffffc04b3f10	0x0	kvm
__traceiter_kvm_mmu_split_huge_page	0xffffffffc04b3f20	0x0	kvm
__pfx___probestub_kvm_mmu_split_huge_page	0xffffffffc04b3f80	0x0	kvm
__probestub_kvm_mmu_split_huge_page	0xffffffffc04b3f90	0x0	kvm
__pfx_mmio_info_in_cache	0xffffffffc04b3fa0	0x0	kvm
mmio_info_in_cache	0xffffffffc04b3fb0	0x0	kvm
__pfx___reset_rsvds_bits_mask	0xffffffffc04b4050	0x0	kvm
__reset_rsvds_bits_mask	0xffffffffc04b4060	0x0	kvm
__pfx___reset_rsvds_bits_mask_ept	0xffffffffc04b4180	0x0	kvm
__reset_rsvds_bits_mask_ept	0xffffffffc04b4190	0x0	kvm
__pfx_update_permission_bitmask	0xffffffffc04b4260	0x0	kvm
update_permission_bitmask	0xffffffffc04b4270	0x0	kvm
__pfx_kvm_nx_huge_page_recovery_worker_kill	0xffffffffc04b4410	0x0	kvm
kvm_nx_huge_page_recovery_worker_kill	0xffffffffc04b4420	0x0	kvm
__pfx_lpage_info_slot	0xffffffffc04b4430	0x0	kvm
lpage_info_slot	0xffffffffc04b4440	0x0	kvm
__pfx_host_pfn_mapping_level	0xffffffffc04b44c0	0x0	kvm
host_pfn_mapping_level	0xffffffffc04b44d0	0x0	kvm
__pfx_shadow_walk_okay	0xffffffffc04b46a0	0x0	kvm
shadow_walk_okay	0xffffffffc04b46b0	0x0	kvm
__pfx_perf_trace_kvm_mmu_pagetable_walk	0xffffffffc04b4710	0x0	kvm
perf_trace_kvm_mmu_pagetable_walk	0xffffffffc04b4720	0x0	kvm
__pfx_perf_trace_kvm_mmu_paging_element	0xffffffffc04b4810	0x0	kvm
perf_trace_kvm_mmu_paging_element	0xffffffffc04b4820	0x0	kvm
__pfx_perf_trace_kvm_mmu_set_bit_class	0xffffffffc04b4910	0x0	kvm
perf_trace_kvm_mmu_set_bit_class	0xffffffffc04b4920	0x0	kvm
__pfx_perf_trace_kvm_mmu_walker_error	0xffffffffc04b4a20	0x0	kvm
perf_trace_kvm_mmu_walker_error	0xffffffffc04b4a30	0x0	kvm
__pfx_perf_trace_mark_mmio_spte	0xffffffffc04b4b20	0x0	kvm
perf_trace_mark_mmio_spte	0xffffffffc04b4b30	0x0	kvm
__pfx_perf_trace_handle_mmio_page_fault	0xffffffffc04b4c50	0x0	kvm
perf_trace_handle_mmio_page_fault	0xffffffffc04b4c60	0x0	kvm
__pfx_perf_trace_fast_page_fault	0xffffffffc04b4d60	0x0	kvm
perf_trace_fast_page_fault	0xffffffffc04b4d70	0x0	kvm
__pfx_perf_trace_kvm_mmu_zap_all_fast	0xffffffffc04b4ea0	0x0	kvm
perf_trace_kvm_mmu_zap_all_fast	0xffffffffc04b4eb0	0x0	kvm
__pfx_perf_trace_check_mmio_spte	0xffffffffc04b4fb0	0x0	kvm
perf_trace_check_mmio_spte	0xffffffffc04b4fc0	0x0	kvm
__pfx_perf_trace_kvm_mmu_set_spte	0xffffffffc04b50c0	0x0	kvm
perf_trace_kvm_mmu_set_spte	0xffffffffc04b50d0	0x0	kvm
__pfx_perf_trace_kvm_mmu_spte_requested	0xffffffffc04b5250	0x0	kvm
perf_trace_kvm_mmu_spte_requested	0xffffffffc04b5260	0x0	kvm
__pfx_perf_trace_kvm_tdp_mmu_spte_changed	0xffffffffc04b5390	0x0	kvm
perf_trace_kvm_tdp_mmu_spte_changed	0xffffffffc04b53a0	0x0	kvm
__pfx_perf_trace_kvm_mmu_split_huge_page	0xffffffffc04b54b0	0x0	kvm
perf_trace_kvm_mmu_split_huge_page	0xffffffffc04b54c0	0x0	kvm
__pfx_trace_event_raw_event_kvm_mmu_pagetable_walk	0xffffffffc04b55d0	0x0	kvm
trace_event_raw_event_kvm_mmu_pagetable_walk	0xffffffffc04b55e0	0x0	kvm
__pfx_trace_event_raw_event_kvm_mmu_paging_element	0xffffffffc04b5680	0x0	kvm
trace_event_raw_event_kvm_mmu_paging_element	0xffffffffc04b5690	0x0	kvm
__pfx_trace_event_raw_event_kvm_mmu_set_bit_class	0xffffffffc04b5730	0x0	kvm
trace_event_raw_event_kvm_mmu_set_bit_class	0xffffffffc04b5740	0x0	kvm
__pfx_trace_event_raw_event_kvm_mmu_walker_error	0xffffffffc04b57f0	0x0	kvm
trace_event_raw_event_kvm_mmu_walker_error	0xffffffffc04b5800	0x0	kvm
__pfx_trace_event_raw_event_mark_mmio_spte	0xffffffffc04b5890	0x0	kvm
trace_event_raw_event_mark_mmio_spte	0xffffffffc04b58a0	0x0	kvm
__pfx_trace_event_raw_event_handle_mmio_page_fault	0xffffffffc04b5970	0x0	kvm
trace_event_raw_event_handle_mmio_page_fault	0xffffffffc04b5980	0x0	kvm
__pfx_trace_event_raw_event_fast_page_fault	0xffffffffc04b5a30	0x0	kvm
trace_event_raw_event_fast_page_fault	0xffffffffc04b5a40	0x0	kvm
__pfx_trace_event_raw_event_kvm_mmu_zap_all_fast	0xffffffffc04b5b20	0x0	kvm
trace_event_raw_event_kvm_mmu_zap_all_fast	0xffffffffc04b5b30	0x0	kvm
__pfx_trace_event_raw_event_check_mmio_spte	0xffffffffc04b5be0	0x0	kvm
trace_event_raw_event_check_mmio_spte	0xffffffffc04b5bf0	0x0	kvm
__pfx_trace_event_raw_event_kvm_mmu_set_spte	0xffffffffc04b5ca0	0x0	kvm
trace_event_raw_event_kvm_mmu_set_spte	0xffffffffc04b5cb0	0x0	kvm
__pfx_trace_event_raw_event_kvm_mmu_spte_requested	0xffffffffc04b5df0	0x0	kvm
trace_event_raw_event_kvm_mmu_spte_requested	0xffffffffc04b5e00	0x0	kvm
__pfx_trace_event_raw_event_kvm_tdp_mmu_spte_changed	0xffffffffc04b5ef0	0x0	kvm
trace_event_raw_event_kvm_tdp_mmu_spte_changed	0xffffffffc04b5f00	0x0	kvm
__pfx_trace_event_raw_event_kvm_mmu_split_huge_page	0xffffffffc04b5fc0	0x0	kvm
trace_event_raw_event_kvm_mmu_split_huge_page	0xffffffffc04b5fd0	0x0	kvm
__pfx_trace_raw_output_kvm_mmu_pagetable_walk	0xffffffffc04b6080	0x0	kvm
trace_raw_output_kvm_mmu_pagetable_walk	0xffffffffc04b6090	0x0	kvm
__pfx_trace_raw_output_kvm_mmu_paging_element	0xffffffffc04b6110	0x0	kvm
trace_raw_output_kvm_mmu_paging_element	0xffffffffc04b6120	0x0	kvm
__pfx_trace_raw_output_kvm_mmu_set_bit_class	0xffffffffc04b6180	0x0	kvm
trace_raw_output_kvm_mmu_set_bit_class	0xffffffffc04b6190	0x0	kvm
__pfx_trace_raw_output_kvm_mmu_walker_error	0xffffffffc04b61e0	0x0	kvm
trace_raw_output_kvm_mmu_walker_error	0xffffffffc04b61f0	0x0	kvm
__pfx_trace_raw_output_mark_mmio_spte	0xffffffffc04b6260	0x0	kvm
trace_raw_output_mark_mmio_spte	0xffffffffc04b6270	0x0	kvm
__pfx_trace_raw_output_handle_mmio_page_fault	0xffffffffc04b62d0	0x0	kvm
trace_raw_output_handle_mmio_page_fault	0xffffffffc04b62e0	0x0	kvm
__pfx_trace_raw_output_fast_page_fault	0xffffffffc04b6340	0x0	kvm
trace_raw_output_fast_page_fault	0xffffffffc04b6350	0x0	kvm
__pfx_trace_raw_output_kvm_mmu_zap_all_fast	0xffffffffc04b6420	0x0	kvm
trace_raw_output_kvm_mmu_zap_all_fast	0xffffffffc04b6430	0x0	kvm
__pfx_trace_raw_output_check_mmio_spte	0xffffffffc04b6490	0x0	kvm
trace_raw_output_check_mmio_spte	0xffffffffc04b64a0	0x0	kvm
__pfx_trace_raw_output_kvm_mmu_spte_requested	0xffffffffc04b6510	0x0	kvm
trace_raw_output_kvm_mmu_spte_requested	0xffffffffc04b6520	0x0	kvm
__pfx_trace_raw_output_kvm_tdp_mmu_spte_changed	0xffffffffc04b6580	0x0	kvm
trace_raw_output_kvm_tdp_mmu_spte_changed	0xffffffffc04b6590	0x0	kvm
__pfx_trace_raw_output_kvm_mmu_split_huge_page	0xffffffffc04b6600	0x0	kvm
trace_raw_output_kvm_mmu_split_huge_page	0xffffffffc04b6610	0x0	kvm
__pfx___bpf_trace_kvm_mmu_pagetable_walk	0xffffffffc04b6670	0x0	kvm
__bpf_trace_kvm_mmu_pagetable_walk	0xffffffffc04b6680	0x0	kvm
__pfx___bpf_trace_kvm_mmu_paging_element	0xffffffffc04b66a0	0x0	kvm
__bpf_trace_kvm_mmu_paging_element	0xffffffffc04b66b0	0x0	kvm
__pfx___bpf_trace_kvm_mmu_get_page	0xffffffffc04b66d0	0x0	kvm
__bpf_trace_kvm_mmu_get_page	0xffffffffc04b66e0	0x0	kvm
__pfx___bpf_trace_kvm_mmu_set_bit_class	0xffffffffc04b6700	0x0	kvm
__bpf_trace_kvm_mmu_set_bit_class	0xffffffffc04b6710	0x0	kvm
__pfx___bpf_trace_mark_mmio_spte	0xffffffffc04b6730	0x0	kvm
__bpf_trace_mark_mmio_spte	0xffffffffc04b6740	0x0	kvm
__pfx___bpf_trace_handle_mmio_page_fault	0xffffffffc04b6750	0x0	kvm
__bpf_trace_handle_mmio_page_fault	0xffffffffc04b6760	0x0	kvm
__pfx___bpf_trace_kvm_mmu_set_spte	0xffffffffc04b6780	0x0	kvm
__bpf_trace_kvm_mmu_set_spte	0xffffffffc04b6790	0x0	kvm
__pfx___bpf_trace_kvm_mmu_walker_error	0xffffffffc04b67b0	0x0	kvm
__bpf_trace_kvm_mmu_walker_error	0xffffffffc04b67c0	0x0	kvm
__pfx___bpf_trace_kvm_mmu_page_class	0xffffffffc04b67e0	0x0	kvm
__bpf_trace_kvm_mmu_page_class	0xffffffffc04b67f0	0x0	kvm
__pfx___bpf_trace_fast_page_fault	0xffffffffc04b6800	0x0	kvm
__bpf_trace_fast_page_fault	0xffffffffc04b6810	0x0	kvm
__pfx___bpf_trace_kvm_tdp_mmu_spte_changed	0xffffffffc04b6830	0x0	kvm
__bpf_trace_kvm_tdp_mmu_spte_changed	0xffffffffc04b6840	0x0	kvm
__pfx___bpf_trace_kvm_mmu_split_huge_page	0xffffffffc04b6860	0x0	kvm
__bpf_trace_kvm_mmu_split_huge_page	0xffffffffc04b6870	0x0	kvm
__pfx_mark_mmio_spte	0xffffffffc04b6890	0x0	kvm
mark_mmio_spte	0xffffffffc04b68a0	0x0	kvm
__pfx_nonpaging_gva_to_gpa	0xffffffffc04b6930	0x0	kvm
nonpaging_gva_to_gpa	0xffffffffc04b6940	0x0	kvm
__pfx_paging64_gpte_changed	0xffffffffc04b6980	0x0	kvm
paging64_gpte_changed	0xffffffffc04b6990	0x0	kvm
__pfx_paging32_gpte_changed	0xffffffffc04b6a90	0x0	kvm
paging32_gpte_changed	0xffffffffc04b6aa0	0x0	kvm
__pfx_ept_gpte_changed	0xffffffffc04b6ba0	0x0	kvm
ept_gpte_changed	0xffffffffc04b6bb0	0x0	kvm
__pfx_mmu_pages_add	0xffffffffc04b6cb0	0x0	kvm
mmu_pages_add	0xffffffffc04b6cc0	0x0	kvm
__pfx_kvm_configure_mmu	0xffffffffc04b6dc0	0x0	kvm
kvm_configure_mmu	0xffffffffc04b6dd0	0x0	kvm
__pfx_kvm_unlink_unsync_page	0xffffffffc04b6e70	0x0	kvm
kvm_unlink_unsync_page	0xffffffffc04b6e80	0x0	kvm
__pfx_pte_list_remove	0xffffffffc04b6f00	0x0	kvm
pte_list_remove	0xffffffffc04b6f10	0x0	kvm
__pfx_perf_trace_kvm_mmu_get_page	0xffffffffc04b7240	0x0	kvm
perf_trace_kvm_mmu_get_page	0xffffffffc04b7250	0x0	kvm
__pfx_perf_trace_kvm_mmu_page_class	0xffffffffc04b7380	0x0	kvm
perf_trace_kvm_mmu_page_class	0xffffffffc04b7390	0x0	kvm
__pfx_trace_event_raw_event_kvm_mmu_get_page	0xffffffffc04b74b0	0x0	kvm
trace_event_raw_event_kvm_mmu_get_page	0xffffffffc04b74c0	0x0	kvm
__pfx_trace_event_raw_event_kvm_mmu_page_class	0xffffffffc04b7590	0x0	kvm
trace_event_raw_event_kvm_mmu_page_class	0xffffffffc04b75a0	0x0	kvm
__pfx_trace_raw_output_kvm_mmu_set_spte	0xffffffffc04b7660	0x0	kvm
trace_raw_output_kvm_mmu_set_spte	0xffffffffc04b7670	0x0	kvm
__pfx_trace_raw_output_kvm_mmu_get_page	0xffffffffc04b7770	0x0	kvm
trace_raw_output_kvm_mmu_get_page	0xffffffffc04b7780	0x0	kvm
__pfx_trace_raw_output_kvm_mmu_page_class	0xffffffffc04b7910	0x0	kvm
trace_raw_output_kvm_mmu_page_class	0xffffffffc04b7920	0x0	kvm
__pfx_mmu_spte_update	0xffffffffc04b7a80	0x0	kvm
mmu_spte_update	0xffffffffc04b7a90	0x0	kvm
__pfx_rmap_write_protect	0xffffffffc04b7be0	0x0	kvm
rmap_write_protect	0xffffffffc04b7bf0	0x0	kvm
__pfx_page_fault_handle_page_track	0xffffffffc04b7d30	0x0	kvm
page_fault_handle_page_track	0xffffffffc04b7d40	0x0	kvm
__pfx___kvm_mmu_create	0xffffffffc04b7dc0	0x0	kvm
__kvm_mmu_create	0xffffffffc04b7dd0	0x0	kvm
__pfx_free_mmu_pages	0xffffffffc04b7f60	0x0	kvm
free_mmu_pages	0xffffffffc04b7f70	0x0	kvm
__pfx_kvm_mmu_page_get_gfn	0xffffffffc04b7fe0	0x0	kvm
kvm_mmu_page_get_gfn	0xffffffffc04b7ff0	0x0	kvm
__pfx_mmu_pages_first.part.0	0xffffffffc04b8070	0x0	kvm
mmu_pages_first.part.0	0xffffffffc04b8080	0x0	kvm
__pfx_kvm_mmu_commit_zap_page.part.0	0xffffffffc04b8210	0x0	kvm
kvm_mmu_commit_zap_page.part.0	0xffffffffc04b8220	0x0	kvm
__pfx_mmu_topup_memory_caches	0xffffffffc04b82e0	0x0	kvm
mmu_topup_memory_caches	0xffffffffc04b82f0	0x0	kvm
__pfx_reset_guest_paging_metadata.part.0	0xffffffffc04b8390	0x0	kvm
reset_guest_paging_metadata.part.0	0xffffffffc04b83a0	0x0	kvm
__pfx_get_nx_huge_pages	0xffffffffc04b8490	0x0	kvm
get_nx_huge_pages	0xffffffffc04b84a0	0x0	kvm
__pfx___probestub_kvm_mmu_prepare_zap_page	0xffffffffc04b8500	0x0	kvm
__probestub_kvm_mmu_prepare_zap_page	0xffffffffc04b8510	0x0	kvm
__pfx___probestub_check_mmio_spte	0xffffffffc04b8520	0x0	kvm
__probestub_check_mmio_spte	0xffffffffc04b8530	0x0	kvm
__pfx_shadow_walk_init_using_root	0xffffffffc04b8540	0x0	kvm
shadow_walk_init_using_root	0xffffffffc04b8550	0x0	kvm
__pfx_kvm_calc_cpu_role.isra.0	0xffffffffc04b85f0	0x0	kvm
kvm_calc_cpu_role.isra.0	0xffffffffc04b8600	0x0	kvm
__pfx_ept_update_accessed_dirty_bits.isra.0	0xffffffffc04b87f0	0x0	kvm
ept_update_accessed_dirty_bits.isra.0	0xffffffffc04b8800	0x0	kvm
__pfx_kvm_mmu_finish_page_fault.isra.0	0xffffffffc04b8b50	0x0	kvm
kvm_mmu_finish_page_fault.isra.0	0xffffffffc04b8b60	0x0	kvm
__pfx___probestub_kvm_mmu_set_dirty_bit	0xffffffffc04b8c10	0x0	kvm
__probestub_kvm_mmu_set_dirty_bit	0xffffffffc04b8c20	0x0	kvm
__pfx___probestub_kvm_mmu_zap_all_fast	0xffffffffc04b8c30	0x0	kvm
__probestub_kvm_mmu_zap_all_fast	0xffffffffc04b8c40	0x0	kvm
__pfx___probestub_kvm_mmu_spte_requested	0xffffffffc04b8c50	0x0	kvm
__probestub_kvm_mmu_spte_requested	0xffffffffc04b8c60	0x0	kvm
__pfx___probestub_kvm_mmu_unsync_page	0xffffffffc04b8c70	0x0	kvm
__probestub_kvm_mmu_unsync_page	0xffffffffc04b8c80	0x0	kvm
__pfx___bpf_trace_kvm_mmu_zap_all_fast	0xffffffffc04b8c90	0x0	kvm
__bpf_trace_kvm_mmu_zap_all_fast	0xffffffffc04b8ca0	0x0	kvm
__pfx___bpf_trace_check_mmio_spte	0xffffffffc04b8cb0	0x0	kvm
__bpf_trace_check_mmio_spte	0xffffffffc04b8cc0	0x0	kvm
__pfx___bpf_trace_kvm_mmu_spte_requested	0xffffffffc04b8ce0	0x0	kvm
__bpf_trace_kvm_mmu_spte_requested	0xffffffffc04b8cf0	0x0	kvm
__pfx___kvm_sync_page	0xffffffffc04b8d00	0x0	kvm
__kvm_sync_page	0xffffffffc04b8d10	0x0	kvm
__pfx_gfn_to_rmap	0xffffffffc04b8db0	0x0	kvm
gfn_to_rmap	0xffffffffc04b8dc0	0x0	kvm
__pfx_mmu_first_shadow_root_alloc	0xffffffffc04b8e40	0x0	kvm
mmu_first_shadow_root_alloc	0xffffffffc04b8e50	0x0	kvm
__pfx_get_guest_cr3	0xffffffffc04b90a0	0x0	kvm
get_guest_cr3	0xffffffffc04b90b0	0x0	kvm
__pfx_kvm_pdptr_read	0xffffffffc04b9100	0x0	kvm
kvm_pdptr_read	0xffffffffc04b9110	0x0	kvm
__pfx_mmu_pages_clear_parents	0xffffffffc04b9170	0x0	kvm
mmu_pages_clear_parents	0xffffffffc04b9180	0x0	kvm
__pfx_walk_shadow_page_lockless_begin	0xffffffffc04b9210	0x0	kvm
walk_shadow_page_lockless_begin	0xffffffffc04b9220	0x0	kvm
__pfx_walk_shadow_page_lockless_end	0xffffffffc04b9270	0x0	kvm
walk_shadow_page_lockless_end	0xffffffffc04b9280	0x0	kvm
__pfx_sync_mmio_spte	0xffffffffc04b92d0	0x0	kvm
sync_mmio_spte	0xffffffffc04b92e0	0x0	kvm
__pfx___mmu_unsync_walk	0xffffffffc04b9380	0x0	kvm
__mmu_unsync_walk	0xffffffffc04b9390	0x0	kvm
__pfx_hugepage_has_attrs	0xffffffffc04b94a0	0x0	kvm
hugepage_has_attrs	0xffffffffc04b94b0	0x0	kvm
__pfx___kvm_mmu_max_mapping_level	0xffffffffc04b95f0	0x0	kvm
__kvm_mmu_max_mapping_level	0xffffffffc04b9600	0x0	kvm
__pfx_shadow_mmu_init_context	0xffffffffc04b9700	0x0	kvm
shadow_mmu_init_context	0xffffffffc04b9710	0x0	kvm
__pfx_update_gfn_disallow_lpage_count	0xffffffffc04b9990	0x0	kvm
update_gfn_disallow_lpage_count	0xffffffffc04b99a0	0x0	kvm
__pfx_paging32_update_accessed_dirty_bits.isra.0	0xffffffffc04b9a20	0x0	kvm
paging32_update_accessed_dirty_bits.isra.0	0xffffffffc04b9a30	0x0	kvm
__pfx_paging64_update_accessed_dirty_bits.isra.0	0xffffffffc04b9d00	0x0	kvm
paging64_update_accessed_dirty_bits.isra.0	0xffffffffc04b9d10	0x0	kvm
__pfx_set_nx_huge_pages_recovery_param	0xffffffffc04ba010	0x0	kvm
set_nx_huge_pages_recovery_param	0xffffffffc04ba020	0x0	kvm
__pfx___rmap_clear_dirty.isra.0	0xffffffffc04ba180	0x0	kvm
__rmap_clear_dirty.isra.0	0xffffffffc04ba190	0x0	kvm
__pfx_rmap_walk_init_level	0xffffffffc04ba280	0x0	kvm
rmap_walk_init_level	0xffffffffc04ba290	0x0	kvm
__pfx_slot_rmap_walk_next	0xffffffffc04ba360	0x0	kvm
slot_rmap_walk_next	0xffffffffc04ba370	0x0	kvm
__pfx_is_unsync_root	0xffffffffc04ba400	0x0	kvm
is_unsync_root	0xffffffffc04ba410	0x0	kvm
__pfx_is_page_fault_stale	0xffffffffc04ba490	0x0	kvm
is_page_fault_stale	0xffffffffc04ba4a0	0x0	kvm
__pfx_kvm_rmap_age_gfn_range.isra.0	0xffffffffc04ba5b0	0x0	kvm
kvm_rmap_age_gfn_range.isra.0	0xffffffffc04ba5c0	0x0	kvm
__pfx_pte_list_add.isra.0	0xffffffffc04ba8e0	0x0	kvm
pte_list_add.isra.0	0xffffffffc04ba8f0	0x0	kvm
__pfx_init_kvm_tdp_mmu	0xffffffffc04baa10	0x0	kvm
init_kvm_tdp_mmu	0xffffffffc04baa20	0x0	kvm
__pfx_kvm_init_mmu	0xffffffffc04bad80	0x0	kvm
kvm_init_mmu	0xffffffffc04bad90	0x0	kvm
__pfx_mark_unsync	0xffffffffc04baf50	0x0	kvm
mark_unsync	0xffffffffc04baf60	0x0	kvm
__pfx_kvm_mmu_mark_parents_unsync	0xffffffffc04bafe0	0x0	kvm
kvm_mmu_mark_parents_unsync	0xffffffffc04baff0	0x0	kvm
__pfx_mmu_spte_clear_track_bits	0xffffffffc04bb0b0	0x0	kvm
mmu_spte_clear_track_bits	0xffffffffc04bb0c0	0x0	kvm
__pfx_kvm_zap_all_rmap_sptes	0xffffffffc04bb1b0	0x0	kvm
kvm_zap_all_rmap_sptes	0xffffffffc04bb1c0	0x0	kvm
__pfx___kvm_rmap_zap_gfn_range	0xffffffffc04bb3c0	0x0	kvm
__kvm_rmap_zap_gfn_range	0xffffffffc04bb3d0	0x0	kvm
__pfx_kvm_mmu_child_role	0xffffffffc04bb4f0	0x0	kvm
kvm_mmu_child_role	0xffffffffc04bb500	0x0	kvm
__pfx_shadow_page_table_clear_flood	0xffffffffc04bb5c0	0x0	kvm
shadow_page_table_clear_flood	0xffffffffc04bb5d0	0x0	kvm
__pfx_kvm_flush_remote_tlbs_sptep	0xffffffffc04bb710	0x0	kvm
kvm_flush_remote_tlbs_sptep	0xffffffffc04bb720	0x0	kvm
__pfx_validate_direct_spte	0xffffffffc04bb7d0	0x0	kvm
validate_direct_spte	0xffffffffc04bb7e0	0x0	kvm
__pfx_kvm_rmap_zap_gfn_range	0xffffffffc04bb860	0x0	kvm
kvm_rmap_zap_gfn_range	0xffffffffc04bb870	0x0	kvm
__pfx_kvm_zap_gfn_range	0xffffffffc04bba90	0x0	kvm
kvm_zap_gfn_range	0xffffffffc04bbaa0	0x0	kvm
__pfx_get_sptes_lockless	0xffffffffc04bbb60	0x0	kvm
get_sptes_lockless	0xffffffffc04bbb70	0x0	kvm
__pfx_handle_mmio_page_fault	0xffffffffc04bbcb0	0x0	kvm
handle_mmio_page_fault	0xffffffffc04bbcc0	0x0	kvm
__pfx_kvm_mmu_print_sptes	0xffffffffc04bc1a0	0x0	kvm
kvm_mmu_print_sptes	0xffffffffc04bc1b0	0x0	kvm
__pfx_fast_page_fault	0xffffffffc04bc290	0x0	kvm
fast_page_fault	0xffffffffc04bc2a0	0x0	kvm
__pfx_drop_spte	0xffffffffc04bc7e0	0x0	kvm
drop_spte	0xffffffffc04bc7f0	0x0	kvm
__pfx_mmu_page_zap_pte	0xffffffffc04bc960	0x0	kvm
mmu_page_zap_pte	0xffffffffc04bc970	0x0	kvm
__pfx___kvm_mmu_prepare_zap_page	0xffffffffc04bcac0	0x0	kvm
__kvm_mmu_prepare_zap_page	0xffffffffc04bcad0	0x0	kvm
__pfx_kvm_mmu_zap_all_fast	0xffffffffc04bcfc0	0x0	kvm
kvm_mmu_zap_all_fast	0xffffffffc04bcfd0	0x0	kvm
__pfx_set_nx_huge_pages	0xffffffffc04bd1b0	0x0	kvm
set_nx_huge_pages	0xffffffffc04bd1c0	0x0	kvm
__pfx_kvm_mmu_zap_oldest_mmu_pages.isra.0	0xffffffffc04bd400	0x0	kvm
kvm_mmu_zap_oldest_mmu_pages.isra.0	0xffffffffc04bd410	0x0	kvm
__pfx_mmu_zap_unsync_children	0xffffffffc04bd500	0x0	kvm
mmu_zap_unsync_children	0xffffffffc04bd510	0x0	kvm
__pfx_mmu_free_root_page	0xffffffffc04bd830	0x0	kvm
mmu_free_root_page	0xffffffffc04bd840	0x0	kvm
__pfx_kvm_mmu_free_roots	0xffffffffc04bd920	0x0	kvm
kvm_mmu_free_roots	0xffffffffc04bd930	0x0	kvm
__pfx_kvm_mmu_free_guest_mode_roots	0xffffffffc04bdbd0	0x0	kvm
kvm_mmu_free_guest_mode_roots	0xffffffffc04bdbe0	0x0	kvm
__pfx_kvm_mmu_new_pgd	0xffffffffc04bdcc0	0x0	kvm
kvm_mmu_new_pgd	0xffffffffc04bdcd0	0x0	kvm
__pfx_kvm_init_shadow_npt_mmu	0xffffffffc04be1d0	0x0	kvm
kvm_init_shadow_npt_mmu	0xffffffffc04be1e0	0x0	kvm
__pfx_kvm_init_shadow_ept_mmu	0xffffffffc04be2f0	0x0	kvm
kvm_init_shadow_ept_mmu	0xffffffffc04be300	0x0	kvm
__pfx___kvm_mmu_free_obsolete_roots	0xffffffffc04be450	0x0	kvm
__kvm_mmu_free_obsolete_roots	0xffffffffc04be460	0x0	kvm
__pfx_kvm_mmu_free_obsolete_roots	0xffffffffc04be5e0	0x0	kvm
kvm_mmu_free_obsolete_roots	0xffffffffc04be5f0	0x0	kvm
__pfx_kvm_mmu_reset_context	0xffffffffc04be630	0x0	kvm
kvm_mmu_reset_context	0xffffffffc04be640	0x0	kvm
__pfx_kvm_mmu_find_shadow_page.isra.0	0xffffffffc04be6c0	0x0	kvm
kvm_mmu_find_shadow_page.isra.0	0xffffffffc04be6d0	0x0	kvm
__pfx___kvm_mmu_invalidate_addr	0xffffffffc04be900	0x0	kvm
__kvm_mmu_invalidate_addr	0xffffffffc04be910	0x0	kvm
__pfx_kvm_mmu_invalidate_addr	0xffffffffc04beb70	0x0	kvm
kvm_mmu_invalidate_addr	0xffffffffc04beb80	0x0	kvm
__pfx_kvm_mmu_invlpg	0xffffffffc04bec70	0x0	kvm
kvm_mmu_invlpg	0xffffffffc04bec80	0x0	kvm
__pfx___link_shadow_page.isra.0	0xffffffffc04becc0	0x0	kvm
__link_shadow_page.isra.0	0xffffffffc04becd0	0x0	kvm
__pfx_ept_prefetch_invalid_gpte.isra.0	0xffffffffc04bee30	0x0	kvm
ept_prefetch_invalid_gpte.isra.0	0xffffffffc04bee40	0x0	kvm
__pfx_kvm_recover_nx_huge_pages	0xffffffffc04beec0	0x0	kvm
kvm_recover_nx_huge_pages	0xffffffffc04beed0	0x0	kvm
__pfx_kvm_nx_huge_page_recovery_worker	0xffffffffc04bf250	0x0	kvm
kvm_nx_huge_page_recovery_worker	0xffffffffc04bf260	0x0	kvm
__pfx_kvm_mmu_page_set_translation.part.0	0xffffffffc04bf320	0x0	kvm
kvm_mmu_page_set_translation.part.0	0xffffffffc04bf330	0x0	kvm
__pfx___rmap_add	0xffffffffc04bf490	0x0	kvm
__rmap_add	0xffffffffc04bf4a0	0x0	kvm
__pfx_paging32_sync_spte	0xffffffffc04bf630	0x0	kvm
paging32_sync_spte	0xffffffffc04bf640	0x0	kvm
__pfx_mmu_set_spte	0xffffffffc04bf8d0	0x0	kvm
mmu_set_spte	0xffffffffc04bf8e0	0x0	kvm
__pfx_kvm_mmu_prefetch_sptes	0xffffffffc04bfcc0	0x0	kvm
kvm_mmu_prefetch_sptes	0xffffffffc04bfcd0	0x0	kvm
__pfx___direct_pte_prefetch	0xffffffffc04bfe60	0x0	kvm
__direct_pte_prefetch	0xffffffffc04bfe70	0x0	kvm
__pfx_ept_pte_prefetch	0xffffffffc04bff70	0x0	kvm
ept_pte_prefetch	0xffffffffc04bff80	0x0	kvm
__pfx_ept_sync_spte	0xffffffffc04c00f0	0x0	kvm
ept_sync_spte	0xffffffffc04c0100	0x0	kvm
__pfx_paging64_sync_spte	0xffffffffc04c03a0	0x0	kvm
paging64_sync_spte	0xffffffffc04c03b0	0x0	kvm
__pfx_kvm_handle_noslot_fault	0xffffffffc04c0640	0x0	kvm
kvm_handle_noslot_fault	0xffffffffc04c0650	0x0	kvm
__pfx___kvm_mmu_faultin_pfn	0xffffffffc04c0810	0x0	kvm
__kvm_mmu_faultin_pfn	0xffffffffc04c0820	0x0	kvm
__pfx_kvm_mmu_faultin_pfn	0xffffffffc04c0c50	0x0	kvm
kvm_mmu_faultin_pfn	0xffffffffc04c0c60	0x0	kvm
__pfx_kvm_mmu_gfn_disallow_lpage	0xffffffffc04c0f60	0x0	kvm
kvm_mmu_gfn_disallow_lpage	0xffffffffc04c0f70	0x0	kvm
__pfx_kvm_mmu_gfn_allow_lpage	0xffffffffc04c0f90	0x0	kvm
kvm_mmu_gfn_allow_lpage	0xffffffffc04c0fa0	0x0	kvm
__pfx_track_possible_nx_huge_page	0xffffffffc04c0fc0	0x0	kvm
track_possible_nx_huge_page	0xffffffffc04c0fd0	0x0	kvm
__pfx_untrack_possible_nx_huge_page	0xffffffffc04c1030	0x0	kvm
untrack_possible_nx_huge_page	0xffffffffc04c1040	0x0	kvm
__pfx_pte_list_count	0xffffffffc04c1090	0x0	kvm
pte_list_count	0xffffffffc04c10a0	0x0	kvm
__pfx_kvm_cpu_dirty_log_size	0xffffffffc04c10e0	0x0	kvm
kvm_cpu_dirty_log_size	0xffffffffc04c10f0	0x0	kvm
__pfx_kvm_mmu_slot_gfn_write_protect	0xffffffffc04c1110	0x0	kvm
kvm_mmu_slot_gfn_write_protect	0xffffffffc04c1120	0x0	kvm
__pfx_mmu_sync_children	0xffffffffc04c1240	0x0	kvm
mmu_sync_children	0xffffffffc04c1250	0x0	kvm
__pfx_kvm_mmu_alloc_shadow_page	0xffffffffc04c1910	0x0	kvm
kvm_mmu_alloc_shadow_page	0xffffffffc04c1920	0x0	kvm
__pfx___kvm_mmu_get_shadow_page	0xffffffffc04c1c50	0x0	kvm
__kvm_mmu_get_shadow_page	0xffffffffc04c1c60	0x0	kvm
__pfx_mmu_alloc_root	0xffffffffc04c1d30	0x0	kvm
mmu_alloc_root	0xffffffffc04c1d40	0x0	kvm
__pfx_mmu_alloc_direct_roots	0xffffffffc04c1e30	0x0	kvm
mmu_alloc_direct_roots	0xffffffffc04c1e40	0x0	kvm
__pfx_mmu_alloc_shadow_roots	0xffffffffc04c2050	0x0	kvm
mmu_alloc_shadow_roots	0xffffffffc04c2060	0x0	kvm
__pfx_kvm_shadow_mmu_try_split_huge_pages	0xffffffffc04c25e0	0x0	kvm
kvm_shadow_mmu_try_split_huge_pages	0xffffffffc04c25f0	0x0	kvm
__pfx_kvm_mmu_get_child_sp	0xffffffffc04c2cc0	0x0	kvm
kvm_mmu_get_child_sp	0xffffffffc04c2cd0	0x0	kvm
__pfx_kvm_unmap_gfn_range	0xffffffffc04c2db0	0x0	kvm
kvm_unmap_gfn_range	0xffffffffc04c2dc0	0x0	kvm
__pfx_kvm_age_gfn	0xffffffffc04c2ec0	0x0	kvm
kvm_age_gfn	0xffffffffc04c2ed0	0x0	kvm
__pfx_kvm_test_age_gfn	0xffffffffc04c2f60	0x0	kvm
kvm_test_age_gfn	0xffffffffc04c2f70	0x0	kvm
__pfx_kvm_mmu_change_mmu_pages	0xffffffffc04c2ff0	0x0	kvm
kvm_mmu_change_mmu_pages	0xffffffffc04c3000	0x0	kvm
__pfx___kvm_mmu_unprotect_gfn_and_retry	0xffffffffc04c3060	0x0	kvm
__kvm_mmu_unprotect_gfn_and_retry	0xffffffffc04c3070	0x0	kvm
__pfx_kvm_mmu_write_protect_fault	0xffffffffc04c3240	0x0	kvm
kvm_mmu_write_protect_fault	0xffffffffc04c3250	0x0	kvm
__pfx_mmu_try_to_unsync_pages	0xffffffffc04c33b0	0x0	kvm
mmu_try_to_unsync_pages	0xffffffffc04c33c0	0x0	kvm
__pfx_kvm_mmu_max_mapping_level	0xffffffffc04c3570	0x0	kvm
kvm_mmu_max_mapping_level	0xffffffffc04c3580	0x0	kvm
__pfx_kvm_rmap_zap_collapsible_sptes	0xffffffffc04c35f0	0x0	kvm
kvm_rmap_zap_collapsible_sptes	0xffffffffc04c3600	0x0	kvm
__pfx_kvm_mmu_hugepage_adjust	0xffffffffc04c3910	0x0	kvm
kvm_mmu_hugepage_adjust	0xffffffffc04c3920	0x0	kvm
__pfx_disallowed_hugepage_adjust	0xffffffffc04c3a10	0x0	kvm
disallowed_hugepage_adjust	0xffffffffc04c3a20	0x0	kvm
__pfx_direct_map	0xffffffffc04c3ae0	0x0	kvm
direct_map	0xffffffffc04c3af0	0x0	kvm
__pfx_direct_page_fault	0xffffffffc04c3dc0	0x0	kvm
direct_page_fault	0xffffffffc04c3dd0	0x0	kvm
__pfx_kvm_tdp_page_fault	0xffffffffc04c3ef0	0x0	kvm
kvm_tdp_page_fault	0xffffffffc04c3f00	0x0	kvm
__pfx_kvm_mmu_do_page_fault	0xffffffffc04c3fe0	0x0	kvm
kvm_mmu_do_page_fault	0xffffffffc04c3ff0	0x0	kvm
__pfx_kvm_tdp_map_page.part.0	0xffffffffc04c4270	0x0	kvm
kvm_tdp_map_page.part.0	0xffffffffc04c4280	0x0	kvm
__pfx_kvm_tdp_map_page	0xffffffffc04c4370	0x0	kvm
kvm_tdp_map_page	0xffffffffc04c4380	0x0	kvm
__pfx_kvm_mmu_page_fault	0xffffffffc04c43b0	0x0	kvm
kvm_mmu_page_fault	0xffffffffc04c43c0	0x0	kvm
__pfx_kvm_handle_page_fault	0xffffffffc04c45d0	0x0	kvm
kvm_handle_page_fault	0xffffffffc04c45e0	0x0	kvm
__pfx_nonpaging_page_fault	0xffffffffc04c4700	0x0	kvm
nonpaging_page_fault	0xffffffffc04c4710	0x0	kvm
__pfx_paging64_fetch	0xffffffffc04c4730	0x0	kvm
paging64_fetch	0xffffffffc04c4740	0x0	kvm
__pfx_paging32_fetch	0xffffffffc04c4d60	0x0	kvm
paging32_fetch	0xffffffffc04c4d70	0x0	kvm
__pfx_ept_fetch	0xffffffffc04c5370	0x0	kvm
ept_fetch	0xffffffffc04c5380	0x0	kvm
__pfx_kvm_mmu_sync_roots	0xffffffffc04c5850	0x0	kvm
kvm_mmu_sync_roots	0xffffffffc04c5860	0x0	kvm
__pfx_kvm_mmu_load	0xffffffffc04c5970	0x0	kvm
kvm_mmu_load	0xffffffffc04c5980	0x0	kvm
__pfx_kvm_mmu_sync_prev_roots	0xffffffffc04c5b60	0x0	kvm
kvm_mmu_sync_prev_roots	0xffffffffc04c5b70	0x0	kvm
__pfx_kvm_arch_async_page_ready	0xffffffffc04c5c20	0x0	kvm
kvm_arch_async_page_ready	0xffffffffc04c5c30	0x0	kvm
__pfx_kvm_arch_vcpu_pre_fault_memory	0xffffffffc04c5d80	0x0	kvm
kvm_arch_vcpu_pre_fault_memory	0xffffffffc04c5d90	0x0	kvm
__pfx___kvm_mmu_refresh_passthrough_bits	0xffffffffc04c5f60	0x0	kvm
__kvm_mmu_refresh_passthrough_bits	0xffffffffc04c5f70	0x0	kvm
__pfx_paging64_walk_addr_generic	0xffffffffc04c6000	0x0	kvm
paging64_walk_addr_generic	0xffffffffc04c6010	0x0	kvm
__pfx_paging64_gva_to_gpa	0xffffffffc04c68f0	0x0	kvm
paging64_gva_to_gpa	0xffffffffc04c6900	0x0	kvm
__pfx_paging64_page_fault	0xffffffffc04c69c0	0x0	kvm
paging64_page_fault	0xffffffffc04c69d0	0x0	kvm
__pfx_ept_walk_addr_generic	0xffffffffc04c6c30	0x0	kvm
ept_walk_addr_generic	0xffffffffc04c6c40	0x0	kvm
__pfx_ept_gva_to_gpa	0xffffffffc04c7530	0x0	kvm
ept_gva_to_gpa	0xffffffffc04c7540	0x0	kvm
__pfx_ept_page_fault	0xffffffffc04c7600	0x0	kvm
ept_page_fault	0xffffffffc04c7610	0x0	kvm
__pfx_paging32_walk_addr_generic	0xffffffffc04c7800	0x0	kvm
paging32_walk_addr_generic	0xffffffffc04c7810	0x0	kvm
__pfx_paging32_gva_to_gpa	0xffffffffc04c8050	0x0	kvm
paging32_gva_to_gpa	0xffffffffc04c8060	0x0	kvm
__pfx_paging32_page_fault	0xffffffffc04c8120	0x0	kvm
paging32_page_fault	0xffffffffc04c8130	0x0	kvm
__pfx_kvm_mmu_get_max_tdp_level	0xffffffffc04c8390	0x0	kvm
kvm_mmu_get_max_tdp_level	0xffffffffc04c83a0	0x0	kvm
__pfx_kvm_mmu_after_set_cpuid	0xffffffffc04c83d0	0x0	kvm
kvm_mmu_after_set_cpuid	0xffffffffc04c83e0	0x0	kvm
__pfx_kvm_mmu_unload	0xffffffffc04c84c0	0x0	kvm
kvm_mmu_unload	0xffffffffc04c84d0	0x0	kvm
__pfx_kvm_mmu_track_write	0xffffffffc04c8550	0x0	kvm
kvm_mmu_track_write	0xffffffffc04c8560	0x0	kvm
__pfx_kvm_mmu_invpcid_gva	0xffffffffc04c8910	0x0	kvm
kvm_mmu_invpcid_gva	0xffffffffc04c8920	0x0	kvm
__pfx_kvm_mmu_create	0xffffffffc04c8a70	0x0	kvm
kvm_mmu_create	0xffffffffc04c8a80	0x0	kvm
__pfx_kvm_mmu_init_vm	0xffffffffc04c8b30	0x0	kvm
kvm_mmu_init_vm	0xffffffffc04c8b40	0x0	kvm
__pfx_kvm_mmu_uninit_vm	0xffffffffc04c8c30	0x0	kvm
kvm_mmu_uninit_vm	0xffffffffc04c8c40	0x0	kvm
__pfx_kvm_mmu_slot_remove_write_access	0xffffffffc04c8cb0	0x0	kvm
kvm_mmu_slot_remove_write_access	0xffffffffc04c8cc0	0x0	kvm
__pfx_kvm_mmu_try_split_huge_pages	0xffffffffc04c8e20	0x0	kvm
kvm_mmu_try_split_huge_pages	0xffffffffc04c8e30	0x0	kvm
__pfx_kvm_arch_mmu_enable_log_dirty_pt_masked	0xffffffffc04c8ee0	0x0	kvm
kvm_arch_mmu_enable_log_dirty_pt_masked	0xffffffffc04c8ef0	0x0	kvm
__pfx_kvm_mmu_slot_try_split_huge_pages	0xffffffffc04c9150	0x0	kvm
kvm_mmu_slot_try_split_huge_pages	0xffffffffc04c9160	0x0	kvm
__pfx_kvm_mmu_recover_huge_pages	0xffffffffc04c9240	0x0	kvm
kvm_mmu_recover_huge_pages	0xffffffffc04c9250	0x0	kvm
__pfx_kvm_mmu_slot_leaf_clear_dirty	0xffffffffc04c9300	0x0	kvm
kvm_mmu_slot_leaf_clear_dirty	0xffffffffc04c9310	0x0	kvm
__pfx_kvm_arch_flush_shadow_all	0xffffffffc04c9480	0x0	kvm
kvm_arch_flush_shadow_all	0xffffffffc04c9490	0x0	kvm
__pfx_kvm_arch_flush_shadow_memslot	0xffffffffc04c9590	0x0	kvm
kvm_arch_flush_shadow_memslot	0xffffffffc04c95a0	0x0	kvm
__pfx_kvm_mmu_invalidate_mmio_sptes	0xffffffffc04c9820	0x0	kvm
kvm_mmu_invalidate_mmio_sptes	0xffffffffc04c9830	0x0	kvm
__pfx_kvm_mmu_vendor_module_init	0xffffffffc04c98e0	0x0	kvm
kvm_mmu_vendor_module_init	0xffffffffc04c98f0	0x0	kvm
__pfx_kvm_mmu_destroy	0xffffffffc04c99f0	0x0	kvm
kvm_mmu_destroy	0xffffffffc04c9a00	0x0	kvm
__pfx_kvm_mmu_vendor_module_exit	0xffffffffc04c9b20	0x0	kvm
kvm_mmu_vendor_module_exit	0xffffffffc04c9b30	0x0	kvm
__pfx_kvm_mmu_post_init_vm	0xffffffffc04c9b60	0x0	kvm
kvm_mmu_post_init_vm	0xffffffffc04c9b70	0x0	kvm
__pfx_kvm_mmu_pre_destroy_vm	0xffffffffc04c9c70	0x0	kvm
kvm_mmu_pre_destroy_vm	0xffffffffc04c9c80	0x0	kvm
__pfx_kvm_arch_pre_set_memory_attributes	0xffffffffc04c9cb0	0x0	kvm
kvm_arch_pre_set_memory_attributes	0xffffffffc04c9cc0	0x0	kvm
__pfx_kvm_arch_post_set_memory_attributes	0xffffffffc04c9f40	0x0	kvm
kvm_arch_post_set_memory_attributes	0xffffffffc04c9f50	0x0	kvm
__pfx_kvm_mmu_init_memslot_memory_attributes	0xffffffffc04ca1a0	0x0	kvm
kvm_mmu_init_memslot_memory_attributes	0xffffffffc04ca1b0	0x0	kvm
__pfx_kvm_page_track_unregister_notifier	0xffffffffc04ca360	0x0	kvm
kvm_page_track_unregister_notifier	0xffffffffc04ca370	0x0	kvm
__pfx_kvm_page_track_write_tracking_enabled	0xffffffffc04ca3d0	0x0	kvm
kvm_page_track_write_tracking_enabled	0xffffffffc04ca3e0	0x0	kvm
__pfx_kvm_page_track_register_notifier	0xffffffffc04ca460	0x0	kvm
kvm_page_track_register_notifier	0xffffffffc04ca470	0x0	kvm
__pfx_kvm_page_track_free_memslot	0xffffffffc04ca6c0	0x0	kvm
kvm_page_track_free_memslot	0xffffffffc04ca6d0	0x0	kvm
__pfx_kvm_page_track_create_memslot	0xffffffffc04ca700	0x0	kvm
kvm_page_track_create_memslot	0xffffffffc04ca710	0x0	kvm
__pfx_kvm_page_track_write_tracking_alloc	0xffffffffc04ca7b0	0x0	kvm
kvm_page_track_write_tracking_alloc	0xffffffffc04ca7c0	0x0	kvm
__pfx___kvm_write_track_add_gfn	0xffffffffc04ca810	0x0	kvm
__kvm_write_track_add_gfn	0xffffffffc04ca820	0x0	kvm
__pfx_kvm_write_track_add_gfn	0xffffffffc04ca8f0	0x0	kvm
kvm_write_track_add_gfn	0xffffffffc04ca900	0x0	kvm
__pfx___kvm_write_track_remove_gfn	0xffffffffc04ca9a0	0x0	kvm
__kvm_write_track_remove_gfn	0xffffffffc04ca9b0	0x0	kvm
__pfx_kvm_write_track_remove_gfn	0xffffffffc04caa60	0x0	kvm
kvm_write_track_remove_gfn	0xffffffffc04caa70	0x0	kvm
__pfx_kvm_gfn_is_write_tracked	0xffffffffc04cab10	0x0	kvm
kvm_gfn_is_write_tracked	0xffffffffc04cab20	0x0	kvm
__pfx_kvm_page_track_cleanup	0xffffffffc04cabd0	0x0	kvm
kvm_page_track_cleanup	0xffffffffc04cabe0	0x0	kvm
__pfx_kvm_page_track_init	0xffffffffc04cac00	0x0	kvm
kvm_page_track_init	0xffffffffc04cac10	0x0	kvm
__pfx___kvm_page_track_write	0xffffffffc04cac40	0x0	kvm
__kvm_page_track_write	0xffffffffc04cac50	0x0	kvm
__pfx_kvm_page_track_delete_slot	0xffffffffc04cad00	0x0	kvm
kvm_page_track_delete_slot	0xffffffffc04cad10	0x0	kvm
__pfx_kvm_mmu_set_mmio_spte_value	0xffffffffc04cada0	0x0	kvm
kvm_mmu_set_mmio_spte_value	0xffffffffc04cadb0	0x0	kvm
__pfx_kvm_mmu_set_me_spte_mask	0xffffffffc04cadd0	0x0	kvm
kvm_mmu_set_me_spte_mask	0xffffffffc04cade0	0x0	kvm
__pfx___kvm_is_mmio_pfn	0xffffffffc04cae30	0x0	kvm
__kvm_is_mmio_pfn	0xffffffffc04cae40	0x0	kvm
__pfx_kvm_mmu_set_mmio_spte_mask	0xffffffffc04caf60	0x0	kvm
kvm_mmu_set_mmio_spte_mask	0xffffffffc04caf70	0x0	kvm
__pfx_kvm_mmu_set_ept_masks	0xffffffffc04cb060	0x0	kvm
kvm_mmu_set_ept_masks	0xffffffffc04cb070	0x0	kvm
__pfx_make_mmio_spte	0xffffffffc04cb120	0x0	kvm
make_mmio_spte	0xffffffffc04cb130	0x0	kvm
__pfx_spte_needs_atomic_update	0xffffffffc04cb1c0	0x0	kvm
spte_needs_atomic_update	0xffffffffc04cb1d0	0x0	kvm
__pfx_make_nonleaf_spte	0xffffffffc04cb250	0x0	kvm
make_nonleaf_spte	0xffffffffc04cb260	0x0	kvm
__pfx_mark_spte_for_access_track	0xffffffffc04cb2e0	0x0	kvm
mark_spte_for_access_track	0xffffffffc04cb2f0	0x0	kvm
__pfx_make_spte	0xffffffffc04cb450	0x0	kvm
make_spte	0xffffffffc04cb460	0x0	kvm
__pfx_modify_spte_protections	0xffffffffc04cb9d0	0x0	kvm
modify_spte_protections	0xffffffffc04cb9e0	0x0	kvm
__pfx_make_small_spte	0xffffffffc04cba60	0x0	kvm
make_small_spte	0xffffffffc04cba70	0x0	kvm
__pfx_make_huge_spte	0xffffffffc04cbb60	0x0	kvm
make_huge_spte	0xffffffffc04cbb70	0x0	kvm
__pfx_kvm_mmu_reset_all_pte_masks	0xffffffffc04cbc40	0x0	kvm
kvm_mmu_reset_all_pte_masks	0xffffffffc04cbc50	0x0	kvm
__pfx_tdp_iter_refresh_sptep	0xffffffffc04cbdd0	0x0	kvm
tdp_iter_refresh_sptep	0xffffffffc04cbde0	0x0	kvm
__pfx_tdp_iter_restart	0xffffffffc04cbe70	0x0	kvm
tdp_iter_restart	0xffffffffc04cbe80	0x0	kvm
__pfx_tdp_iter_start	0xffffffffc04cbee0	0x0	kvm
tdp_iter_start	0xffffffffc04cbef0	0x0	kvm
__pfx_spte_to_child_pt	0xffffffffc04cbf90	0x0	kvm
spte_to_child_pt	0xffffffffc04cbfa0	0x0	kvm
__pfx_tdp_iter_next	0xffffffffc04cbff0	0x0	kvm
tdp_iter_next	0xffffffffc04cc000	0x0	kvm
__pfx_remove_external_spte	0xffffffffc04cc1b0	0x0	kvm
remove_external_spte	0xffffffffc04cc1c0	0x0	kvm
__pfx_set_external_spte_present	0xffffffffc04cc240	0x0	kvm
set_external_spte_present	0xffffffffc04cc250	0x0	kvm
__pfx_tdp_mmu_make_huge_spte	0xffffffffc04cc490	0x0	kvm
tdp_mmu_make_huge_spte	0xffffffffc04cc4a0	0x0	kvm
__pfx_tdp_mmu_init_sp	0xffffffffc04cc5f0	0x0	kvm
tdp_mmu_init_sp	0xffffffffc04cc600	0x0	kvm
__pfx___kvm_tdp_mmu_get_walk.isra.0	0xffffffffc04cc6b0	0x0	kvm
__kvm_tdp_mmu_get_walk.isra.0	0xffffffffc04cc6c0	0x0	kvm
__pfx_tdp_mmu_free_sp_rcu_callback	0xffffffffc04cc790	0x0	kvm
tdp_mmu_free_sp_rcu_callback	0xffffffffc04cc7a0	0x0	kvm
__pfx_clear_dirty_pt_masked	0xffffffffc04cc7e0	0x0	kvm
clear_dirty_pt_masked	0xffffffffc04cc7f0	0x0	kvm
__pfx_kvm_tdp_mmu_gpa_is_mapped	0xffffffffc04cca30	0x0	kvm
kvm_tdp_mmu_gpa_is_mapped	0xffffffffc04cca40	0x0	kvm
__pfx_handle_removed_pt	0xffffffffc04ccb40	0x0	kvm
handle_removed_pt	0xffffffffc04ccb50	0x0	kvm
__pfx_handle_changed_spte	0xffffffffc04ccf10	0x0	kvm
handle_changed_spte	0xffffffffc04ccf20	0x0	kvm
__pfx_tdp_mmu_set_spte	0xffffffffc04cd3d0	0x0	kvm
tdp_mmu_set_spte	0xffffffffc04cd3e0	0x0	kvm
__pfx_write_protect_gfn	0xffffffffc04cd540	0x0	kvm
write_protect_gfn	0xffffffffc04cd550	0x0	kvm
__pfx_tdp_mmu_zap_leafs	0xffffffffc04cd670	0x0	kvm
tdp_mmu_zap_leafs	0xffffffffc04cd680	0x0	kvm
__pfx___tdp_mmu_zap_root	0xffffffffc04cd870	0x0	kvm
__tdp_mmu_zap_root	0xffffffffc04cd880	0x0	kvm
__pfx_tdp_mmu_zap_root	0xffffffffc04cdb60	0x0	kvm
tdp_mmu_zap_root	0xffffffffc04cdb70	0x0	kvm
__pfx_tdp_mmu_map_handle_target_level	0xffffffffc04cdbf0	0x0	kvm
tdp_mmu_map_handle_target_level	0xffffffffc04cdc00	0x0	kvm
__pfx_tdp_mmu_set_spte_atomic	0xffffffffc04ce0d0	0x0	kvm
tdp_mmu_set_spte_atomic	0xffffffffc04ce0e0	0x0	kvm
__pfx_recover_huge_pages_range	0xffffffffc04ce250	0x0	kvm
recover_huge_pages_range	0xffffffffc04ce260	0x0	kvm
__pfx_wrprot_gfn_range	0xffffffffc04ce490	0x0	kvm
wrprot_gfn_range	0xffffffffc04ce4a0	0x0	kvm
__pfx_clear_dirty_gfn_range	0xffffffffc04ce700	0x0	kvm
clear_dirty_gfn_range	0xffffffffc04ce710	0x0	kvm
__pfx_tdp_mmu_link_sp	0xffffffffc04ce9e0	0x0	kvm
tdp_mmu_link_sp	0xffffffffc04ce9f0	0x0	kvm
__pfx_tdp_mmu_split_huge_page	0xffffffffc04cec70	0x0	kvm
tdp_mmu_split_huge_page	0xffffffffc04cec80	0x0	kvm
__pfx_tdp_mmu_split_huge_pages_root	0xffffffffc04ced80	0x0	kvm
tdp_mmu_split_huge_pages_root	0xffffffffc04ced90	0x0	kvm
__pfx___kvm_tdp_mmu_age_gfn_range	0xffffffffc04cf080	0x0	kvm
__kvm_tdp_mmu_age_gfn_range	0xffffffffc04cf090	0x0	kvm
__pfx_kvm_mmu_init_tdp_mmu	0xffffffffc04cf4a0	0x0	kvm
kvm_mmu_init_tdp_mmu	0xffffffffc04cf4b0	0x0	kvm
__pfx_kvm_tdp_mmu_put_root	0xffffffffc04cf4e0	0x0	kvm
kvm_tdp_mmu_put_root	0xffffffffc04cf4f0	0x0	kvm
__pfx_tdp_mmu_next_root	0xffffffffc04cf5f0	0x0	kvm
tdp_mmu_next_root	0xffffffffc04cf600	0x0	kvm
__pfx_kvm_tdp_mmu_alloc_root	0xffffffffc04cf720	0x0	kvm
kvm_tdp_mmu_alloc_root	0xffffffffc04cf730	0x0	kvm
__pfx_kvm_tdp_mmu_zap_sp	0xffffffffc04cf950	0x0	kvm
kvm_tdp_mmu_zap_sp	0xffffffffc04cf960	0x0	kvm
__pfx_kvm_tdp_mmu_zap_leafs	0xffffffffc04cf9e0	0x0	kvm
kvm_tdp_mmu_zap_leafs	0xffffffffc04cf9f0	0x0	kvm
__pfx_kvm_tdp_mmu_zap_all	0xffffffffc04cfa70	0x0	kvm
kvm_tdp_mmu_zap_all	0xffffffffc04cfa80	0x0	kvm
__pfx_kvm_tdp_mmu_zap_invalidated_roots	0xffffffffc04cfae0	0x0	kvm
kvm_tdp_mmu_zap_invalidated_roots	0xffffffffc04cfaf0	0x0	kvm
__pfx_kvm_tdp_mmu_invalidate_roots	0xffffffffc04cfc20	0x0	kvm
kvm_tdp_mmu_invalidate_roots	0xffffffffc04cfc30	0x0	kvm
__pfx_kvm_mmu_uninit_tdp_mmu	0xffffffffc04cfcc0	0x0	kvm
kvm_mmu_uninit_tdp_mmu	0xffffffffc04cfcd0	0x0	kvm
__pfx_kvm_tdp_mmu_map	0xffffffffc04cfd20	0x0	kvm
kvm_tdp_mmu_map	0xffffffffc04cfd30	0x0	kvm
__pfx_kvm_tdp_mmu_unmap_gfn_range	0xffffffffc04d0180	0x0	kvm
kvm_tdp_mmu_unmap_gfn_range	0xffffffffc04d0190	0x0	kvm
__pfx_kvm_tdp_mmu_age_gfn_range	0xffffffffc04d0270	0x0	kvm
kvm_tdp_mmu_age_gfn_range	0xffffffffc04d0280	0x0	kvm
__pfx_kvm_tdp_mmu_test_age_gfn	0xffffffffc04d02a0	0x0	kvm
kvm_tdp_mmu_test_age_gfn	0xffffffffc04d02b0	0x0	kvm
__pfx_kvm_tdp_mmu_wrprot_slot	0xffffffffc04d02d0	0x0	kvm
kvm_tdp_mmu_wrprot_slot	0xffffffffc04d02e0	0x0	kvm
__pfx_kvm_tdp_mmu_try_split_huge_pages	0xffffffffc04d0380	0x0	kvm
kvm_tdp_mmu_try_split_huge_pages	0xffffffffc04d0390	0x0	kvm
__pfx_kvm_tdp_mmu_clear_dirty_slot	0xffffffffc04d0440	0x0	kvm
kvm_tdp_mmu_clear_dirty_slot	0xffffffffc04d0450	0x0	kvm
__pfx_kvm_tdp_mmu_clear_dirty_pt_masked	0xffffffffc04d04e0	0x0	kvm
kvm_tdp_mmu_clear_dirty_pt_masked	0xffffffffc04d04f0	0x0	kvm
__pfx_kvm_tdp_mmu_recover_huge_pages	0xffffffffc04d0590	0x0	kvm
kvm_tdp_mmu_recover_huge_pages	0xffffffffc04d05a0	0x0	kvm
__pfx_kvm_tdp_mmu_write_protect_gfn	0xffffffffc04d0620	0x0	kvm
kvm_tdp_mmu_write_protect_gfn	0xffffffffc04d0630	0x0	kvm
__pfx_kvm_tdp_mmu_get_walk	0xffffffffc04d06d0	0x0	kvm
kvm_tdp_mmu_get_walk	0xffffffffc04d06e0	0x0	kvm
__pfx_kvm_tdp_mmu_fast_pf_get_last_sptep	0xffffffffc04d0740	0x0	kvm
kvm_tdp_mmu_fast_pf_get_last_sptep	0xffffffffc04d0750	0x0	kvm
__pfx_pic_unlock	0xffffffffc04d0860	0x0	kvm
pic_unlock	0xffffffffc04d0870	0x0	kvm
__pfx_pic_clear_isr	0xffffffffc04d0970	0x0	kvm
pic_clear_isr	0xffffffffc04d0980	0x0	kvm
__pfx_pic_get_irq	0xffffffffc04d09f0	0x0	kvm
pic_get_irq	0xffffffffc04d0a00	0x0	kvm
__pfx_pic_update_irq	0xffffffffc04d0ad0	0x0	kvm
pic_update_irq	0xffffffffc04d0ae0	0x0	kvm
__pfx_picdev_read	0xffffffffc04d0ba0	0x0	kvm
picdev_read	0xffffffffc04d0bb0	0x0	kvm
__pfx_picdev_elcr_read	0xffffffffc04d0db0	0x0	kvm
picdev_elcr_read	0xffffffffc04d0dc0	0x0	kvm
__pfx_picdev_slave_read	0xffffffffc04d0df0	0x0	kvm
picdev_slave_read	0xffffffffc04d0e00	0x0	kvm
__pfx_picdev_master_read	0xffffffffc04d0e30	0x0	kvm
picdev_master_read	0xffffffffc04d0e40	0x0	kvm
__pfx_pic_ioport_write	0xffffffffc04d0e70	0x0	kvm
pic_ioport_write	0xffffffffc04d0e80	0x0	kvm
__pfx_picdev_write	0xffffffffc04d1240	0x0	kvm
picdev_write	0xffffffffc04d1250	0x0	kvm
__pfx_picdev_elcr_write	0xffffffffc04d1340	0x0	kvm
picdev_elcr_write	0xffffffffc04d1350	0x0	kvm
__pfx_picdev_slave_write	0xffffffffc04d1380	0x0	kvm
picdev_slave_write	0xffffffffc04d1390	0x0	kvm
__pfx_picdev_master_write	0xffffffffc04d13c0	0x0	kvm
picdev_master_write	0xffffffffc04d13d0	0x0	kvm
__pfx_kvm_pic_update_irq	0xffffffffc04d1400	0x0	kvm
kvm_pic_update_irq	0xffffffffc04d1410	0x0	kvm
__pfx_kvm_pic_set_irq	0xffffffffc04d1440	0x0	kvm
kvm_pic_set_irq	0xffffffffc04d1450	0x0	kvm
__pfx_kvm_pic_read_irq	0xffffffffc04d16a0	0x0	kvm
kvm_pic_read_irq	0xffffffffc04d16b0	0x0	kvm
__pfx_kvm_pic_init	0xffffffffc04d17e0	0x0	kvm
kvm_pic_init	0xffffffffc04d17f0	0x0	kvm
__pfx_kvm_pic_destroy	0xffffffffc04d1950	0x0	kvm
kvm_pic_destroy	0xffffffffc04d1960	0x0	kvm
__pfx_pit_mask_notifier	0xffffffffc04d19f0	0x0	kvm
pit_mask_notifier	0xffffffffc04d1a00	0x0	kvm
__pfx_kvm_pit_set_reinject	0xffffffffc04d1a30	0x0	kvm
kvm_pit_set_reinject	0xffffffffc04d1a40	0x0	kvm
__pfx_pit_do_work	0xffffffffc04d1b00	0x0	kvm
pit_do_work	0xffffffffc04d1b10	0x0	kvm
__pfx_pit_get_out	0xffffffffc04d1c10	0x0	kvm
pit_get_out	0xffffffffc04d1c20	0x0	kvm
__pfx_speaker_ioport_read	0xffffffffc04d1d60	0x0	kvm
speaker_ioport_read	0xffffffffc04d1d70	0x0	kvm
__pfx_kvm_pit_ack_irq	0xffffffffc04d1e50	0x0	kvm
kvm_pit_ack_irq	0xffffffffc04d1e60	0x0	kvm
__pfx_create_pit_timer.part.0	0xffffffffc04d1eb0	0x0	kvm
create_pit_timer.part.0	0xffffffffc04d1ec0	0x0	kvm
__pfx_pit_timer_fn	0xffffffffc04d1fb0	0x0	kvm
pit_timer_fn	0xffffffffc04d1fc0	0x0	kvm
__pfx_speaker_ioport_write	0xffffffffc04d2020	0x0	kvm
speaker_ioport_write	0xffffffffc04d2030	0x0	kvm
__pfx_pit_get_count	0xffffffffc04d20d0	0x0	kvm
pit_get_count	0xffffffffc04d20e0	0x0	kvm
__pfx_pit_ioport_read	0xffffffffc04d21b0	0x0	kvm
pit_ioport_read	0xffffffffc04d21c0	0x0	kvm
__pfx_pit_load_count	0xffffffffc04d2330	0x0	kvm
pit_load_count	0xffffffffc04d2340	0x0	kvm
__pfx_pit_ioport_write	0xffffffffc04d2480	0x0	kvm
pit_ioport_write	0xffffffffc04d2490	0x0	kvm
__pfx___kvm_migrate_pit_timer	0xffffffffc04d2730	0x0	kvm
__kvm_migrate_pit_timer	0xffffffffc04d2740	0x0	kvm
__pfx_kvm_vm_ioctl_get_pit	0xffffffffc04d27c0	0x0	kvm
kvm_vm_ioctl_get_pit	0xffffffffc04d27d0	0x0	kvm
__pfx_kvm_vm_ioctl_set_pit	0xffffffffc04d2860	0x0	kvm
kvm_vm_ioctl_set_pit	0xffffffffc04d2870	0x0	kvm
__pfx_kvm_vm_ioctl_get_pit2	0xffffffffc04d2950	0x0	kvm
kvm_vm_ioctl_get_pit2	0xffffffffc04d2960	0x0	kvm
__pfx_kvm_vm_ioctl_set_pit2	0xffffffffc04d2a30	0x0	kvm
kvm_vm_ioctl_set_pit2	0xffffffffc04d2a40	0x0	kvm
__pfx_kvm_vm_ioctl_reinject	0xffffffffc04d2b90	0x0	kvm
kvm_vm_ioctl_reinject	0xffffffffc04d2ba0	0x0	kvm
__pfx_kvm_create_pit	0xffffffffc04d2bf0	0x0	kvm
kvm_create_pit	0xffffffffc04d2c00	0x0	kvm
__pfx_kvm_free_pit	0xffffffffc04d2ea0	0x0	kvm
kvm_free_pit	0xffffffffc04d2eb0	0x0	kvm
__pfx_rtc_irq_eoi_tracking_reset	0xffffffffc04d2f40	0x0	kvm
rtc_irq_eoi_tracking_reset	0xffffffffc04d2f50	0x0	kvm
__pfx_ioapic_service	0xffffffffc04d2fa0	0x0	kvm
ioapic_service	0xffffffffc04d2fb0	0x0	kvm
__pfx_ioapic_mmio_read	0xffffffffc04d3140	0x0	kvm
ioapic_mmio_read	0xffffffffc04d3150	0x0	kvm
__pfx___rtc_irq_eoi_tracking_restore_one	0xffffffffc04d32e0	0x0	kvm
__rtc_irq_eoi_tracking_restore_one	0xffffffffc04d32f0	0x0	kvm
__pfx_kvm_rtc_eoi_tracking_restore_all	0xffffffffc04d33d0	0x0	kvm
kvm_rtc_eoi_tracking_restore_all	0xffffffffc04d33e0	0x0	kvm
__pfx_rtc_irq_eoi	0xffffffffc04d34a0	0x0	kvm
rtc_irq_eoi	0xffffffffc04d34b0	0x0	kvm
__pfx_ioapic_set_irq	0xffffffffc04d3540	0x0	kvm
ioapic_set_irq	0xffffffffc04d3550	0x0	kvm
__pfx_kvm_ioapic_eoi_inject_work	0xffffffffc04d3840	0x0	kvm
kvm_ioapic_eoi_inject_work	0xffffffffc04d3850	0x0	kvm
__pfx_kvm_rtc_eoi_tracking_restore_one	0xffffffffc04d3910	0x0	kvm
kvm_rtc_eoi_tracking_restore_one	0xffffffffc04d3920	0x0	kvm
__pfx_kvm_ioapic_scan_entry	0xffffffffc04d3970	0x0	kvm
kvm_ioapic_scan_entry	0xffffffffc04d3980	0x0	kvm
__pfx_kvm_arch_post_irq_ack_notifier_list_update	0xffffffffc04d3ac0	0x0	kvm
kvm_arch_post_irq_ack_notifier_list_update	0xffffffffc04d3ad0	0x0	kvm
__pfx_kvm_register_irq_mask_notifier	0xffffffffc04d3b00	0x0	kvm
kvm_register_irq_mask_notifier	0xffffffffc04d3b10	0x0	kvm
__pfx_kvm_unregister_irq_mask_notifier	0xffffffffc04d3b90	0x0	kvm
kvm_unregister_irq_mask_notifier	0xffffffffc04d3ba0	0x0	kvm
__pfx_kvm_fire_mask_notifiers	0xffffffffc04d3c10	0x0	kvm
kvm_fire_mask_notifiers	0xffffffffc04d3c20	0x0	kvm
__pfx_ioapic_write_indirect	0xffffffffc04d3cd0	0x0	kvm
ioapic_write_indirect	0xffffffffc04d3ce0	0x0	kvm
__pfx_ioapic_mmio_write	0xffffffffc04d40e0	0x0	kvm
ioapic_mmio_write	0xffffffffc04d40f0	0x0	kvm
__pfx_kvm_ioapic_set_irq	0xffffffffc04d41b0	0x0	kvm
kvm_ioapic_set_irq	0xffffffffc04d41c0	0x0	kvm
__pfx_kvm_ioapic_update_eoi	0xffffffffc04d4290	0x0	kvm
kvm_ioapic_update_eoi	0xffffffffc04d42a0	0x0	kvm
__pfx_kvm_ioapic_init	0xffffffffc04d4510	0x0	kvm
kvm_ioapic_init	0xffffffffc04d4520	0x0	kvm
__pfx_kvm_ioapic_destroy	0xffffffffc04d46c0	0x0	kvm
kvm_ioapic_destroy	0xffffffffc04d46d0	0x0	kvm
__pfx_kvm_get_ioapic	0xffffffffc04d4740	0x0	kvm
kvm_get_ioapic	0xffffffffc04d4750	0x0	kvm
__pfx_kvm_set_ioapic	0xffffffffc04d47d0	0x0	kvm
kvm_set_ioapic	0xffffffffc04d47e0	0x0	kvm
__pfx_kvm_hv_syndbg_complete_userspace	0xffffffffc04d48e0	0x0	kvm
kvm_hv_syndbg_complete_userspace	0xffffffffc04d48f0	0x0	kvm
__pfx_kvm_hv_assist_page_enabled	0xffffffffc04d4920	0x0	kvm
kvm_hv_assist_page_enabled	0xffffffffc04d4930	0x0	kvm
__pfx_hv_is_vp_in_sparse_set	0xffffffffc04d4960	0x0	kvm
hv_is_vp_in_sparse_set	0xffffffffc04d4970	0x0	kvm
__pfx_kvm_hv_send_ipi_to_many	0xffffffffc04d4a00	0x0	kvm
kvm_hv_send_ipi_to_many	0xffffffffc04d4a10	0x0	kvm
__pfx_stimer_cleanup	0xffffffffc04d4b30	0x0	kvm
stimer_cleanup	0xffffffffc04d4b40	0x0	kvm
__pfx_kvm_hv_get_assist_page	0xffffffffc04d4bd0	0x0	kvm
kvm_hv_get_assist_page	0xffffffffc04d4be0	0x0	kvm
__pfx_stimer_init	0xffffffffc04d4c40	0x0	kvm
stimer_init	0xffffffffc04d4c50	0x0	kvm
__pfx_sparse_set_to_vcpu_mask	0xffffffffc04d4ce0	0x0	kvm
sparse_set_to_vcpu_mask	0xffffffffc04d4cf0	0x0	kvm
__pfx_kvm_hv_get_hc_data	0xffffffffc04d4ef0	0x0	kvm
kvm_hv_get_hc_data	0xffffffffc04d4f00	0x0	kvm
__pfx_synic_update_vector	0xffffffffc04d5040	0x0	kvm
synic_update_vector	0xffffffffc04d5050	0x0	kvm
__pfx_hv_check_msr_access	0xffffffffc04d5220	0x0	kvm
hv_check_msr_access	0xffffffffc04d5230	0x0	kvm
__pfx_hv_tlb_flush_enqueue.isra.0	0xffffffffc04d5460	0x0	kvm
hv_tlb_flush_enqueue.isra.0	0xffffffffc04d5470	0x0	kvm
__pfx_kvm_hv_flush_tlb	0xffffffffc04d5520	0x0	kvm
kvm_hv_flush_tlb	0xffffffffc04d5530	0x0	kvm
__pfx_stimer_mark_pending	0xffffffffc04d5be0	0x0	kvm
stimer_mark_pending	0xffffffffc04d5bf0	0x0	kvm
__pfx_stimer_timer_callback	0xffffffffc04d5c40	0x0	kvm
stimer_timer_callback	0xffffffffc04d5c50	0x0	kvm
__pfx_kvm_hv_notify_acked_sint	0xffffffffc04d5cc0	0x0	kvm
kvm_hv_notify_acked_sint	0xffffffffc04d5cd0	0x0	kvm
__pfx_stimer_set_config	0xffffffffc04d5e50	0x0	kvm
stimer_set_config	0xffffffffc04d5e60	0x0	kvm
__pfx_get_time_ref_counter	0xffffffffc04d5fe0	0x0	kvm
get_time_ref_counter	0xffffffffc04d5ff0	0x0	kvm
__pfx_stimer_start.isra.0	0xffffffffc04d6090	0x0	kvm
stimer_start.isra.0	0xffffffffc04d60a0	0x0	kvm
__pfx_synic_get	0xffffffffc04d6210	0x0	kvm
synic_get	0xffffffffc04d6220	0x0	kvm
__pfx_synic_set_irq	0xffffffffc04d6380	0x0	kvm
synic_set_irq	0xffffffffc04d6390	0x0	kvm
__pfx_stimer_expiration	0xffffffffc04d6520	0x0	kvm
stimer_expiration	0xffffffffc04d6530	0x0	kvm
__pfx_kvm_hv_send_ipi	0xffffffffc04d67a0	0x0	kvm
kvm_hv_send_ipi	0xffffffffc04d67b0	0x0	kvm
__pfx_kvm_hv_hypercall_complete	0xffffffffc04d6a70	0x0	kvm
kvm_hv_hypercall_complete	0xffffffffc04d6a80	0x0	kvm
__pfx_kvm_hv_hypercall_complete_userspace	0xffffffffc04d6cb0	0x0	kvm
kvm_hv_hypercall_complete_userspace	0xffffffffc04d6cc0	0x0	kvm
__pfx_kvm_hv_get_msr	0xffffffffc04d6ce0	0x0	kvm
kvm_hv_get_msr	0xffffffffc04d6cf0	0x0	kvm
__pfx_synic_set_msr	0xffffffffc04d70f0	0x0	kvm
synic_set_msr	0xffffffffc04d7100	0x0	kvm
__pfx_kvm_hv_set_msr	0xffffffffc04d7480	0x0	kvm
kvm_hv_set_msr	0xffffffffc04d7490	0x0	kvm
__pfx_kvm_hv_set_msr_pw	0xffffffffc04d7a40	0x0	kvm
kvm_hv_set_msr_pw	0xffffffffc04d7a50	0x0	kvm
__pfx_kvm_hv_synic_set_irq	0xffffffffc04d8040	0x0	kvm
kvm_hv_synic_set_irq	0xffffffffc04d8050	0x0	kvm
__pfx_kvm_hv_synic_send_eoi	0xffffffffc04d80a0	0x0	kvm
kvm_hv_synic_send_eoi	0xffffffffc04d80b0	0x0	kvm
__pfx_kvm_hv_irq_routing_update	0xffffffffc04d8170	0x0	kvm
kvm_hv_irq_routing_update	0xffffffffc04d8180	0x0	kvm
__pfx_kvm_hv_process_stimers	0xffffffffc04d8250	0x0	kvm
kvm_hv_process_stimers	0xffffffffc04d8260	0x0	kvm
__pfx_kvm_hv_vcpu_uninit	0xffffffffc04d8390	0x0	kvm
kvm_hv_vcpu_uninit	0xffffffffc04d83a0	0x0	kvm
__pfx_kvm_hv_vcpu_init	0xffffffffc04d8410	0x0	kvm
kvm_hv_vcpu_init	0xffffffffc04d8420	0x0	kvm
__pfx_kvm_hv_activate_synic	0xffffffffc04d85d0	0x0	kvm
kvm_hv_activate_synic	0xffffffffc04d85e0	0x0	kvm
__pfx_kvm_hv_setup_tsc_page	0xffffffffc04d8630	0x0	kvm
kvm_hv_setup_tsc_page	0xffffffffc04d8640	0x0	kvm
__pfx_kvm_hv_request_tsc_page_update	0xffffffffc04d8880	0x0	kvm
kvm_hv_request_tsc_page_update	0xffffffffc04d8890	0x0	kvm
__pfx_kvm_hv_xsaves_xsavec_maybe_warn	0xffffffffc04d88f0	0x0	kvm
kvm_hv_xsaves_xsavec_maybe_warn	0xffffffffc04d8900	0x0	kvm
__pfx_kvm_hv_set_msr_common	0xffffffffc04d8a30	0x0	kvm
kvm_hv_set_msr_common	0xffffffffc04d8a40	0x0	kvm
__pfx_kvm_hv_get_msr_common	0xffffffffc04d8b50	0x0	kvm
kvm_hv_get_msr_common	0xffffffffc04d8b60	0x0	kvm
__pfx_kvm_hv_vcpu_flush_tlb	0xffffffffc04d9070	0x0	kvm
kvm_hv_vcpu_flush_tlb	0xffffffffc04d9080	0x0	kvm
__pfx_kvm_hv_set_cpuid	0xffffffffc04d92f0	0x0	kvm
kvm_hv_set_cpuid	0xffffffffc04d9300	0x0	kvm
__pfx_kvm_hv_set_enforce_cpuid	0xffffffffc04d9490	0x0	kvm
kvm_hv_set_enforce_cpuid	0xffffffffc04d94a0	0x0	kvm
__pfx_kvm_hv_hypercall	0xffffffffc04d9500	0x0	kvm
kvm_hv_hypercall	0xffffffffc04d9510	0x0	kvm
__pfx_kvm_hv_init_vm	0xffffffffc04d9de0	0x0	kvm
kvm_hv_init_vm	0xffffffffc04d9df0	0x0	kvm
__pfx_kvm_hv_destroy_vm	0xffffffffc04d9e50	0x0	kvm
kvm_hv_destroy_vm	0xffffffffc04d9e60	0x0	kvm
__pfx_kvm_vm_ioctl_hv_eventfd	0xffffffffc04d9ed0	0x0	kvm
kvm_vm_ioctl_hv_eventfd	0xffffffffc04d9ee0	0x0	kvm
__pfx_kvm_get_hv_cpuid	0xffffffffc04d9ff0	0x0	kvm
kvm_get_hv_cpuid	0xffffffffc04da000	0x0	kvm
__pfx_cancel_evtchn_poll	0xffffffffc04da320	0x0	kvm
cancel_evtchn_poll	0xffffffffc04da330	0x0	kvm
__pfx_kvm_xen_hypercall_complete_userspace	0xffffffffc04da360	0x0	kvm
kvm_xen_hypercall_complete_userspace	0xffffffffc04da370	0x0	kvm
__pfx_xen_get_guest_pvclock	0xffffffffc04da3c0	0x0	kvm
xen_get_guest_pvclock	0xffffffffc04da3d0	0x0	kvm
__pfx_kvm_xen_shared_info_init	0xffffffffc04da4c0	0x0	kvm
kvm_xen_shared_info_init	0xffffffffc04da4d0	0x0	kvm
__pfx_kvm_xen_schedop_poll.constprop.0	0xffffffffc04da640	0x0	kvm
kvm_xen_schedop_poll.constprop.0	0xffffffffc04da650	0x0	kvm
__pfx_kvm_xen_update_runstate_guest	0xffffffffc04daa50	0x0	kvm
kvm_xen_update_runstate_guest	0xffffffffc04daa60	0x0	kvm
__pfx_kvm_xen_setattr_evtchn	0xffffffffc04dae90	0x0	kvm
kvm_xen_setattr_evtchn	0xffffffffc04daea0	0x0	kvm
__pfx_kvm_xen_update_runstate	0xffffffffc04db310	0x0	kvm
kvm_xen_update_runstate	0xffffffffc04db320	0x0	kvm
__pfx_kvm_xen_inject_vcpu_vector	0xffffffffc04db430	0x0	kvm
kvm_xen_inject_vcpu_vector	0xffffffffc04db440	0x0	kvm
__pfx_kvm_xen_inject_pending_events	0xffffffffc04db4b0	0x0	kvm
kvm_xen_inject_pending_events	0xffffffffc04db4c0	0x0	kvm
__pfx___kvm_xen_has_interrupt	0xffffffffc04db640	0x0	kvm
__kvm_xen_has_interrupt	0xffffffffc04db650	0x0	kvm
__pfx_kvm_xen_hvm_set_attr	0xffffffffc04db720	0x0	kvm
kvm_xen_hvm_set_attr	0xffffffffc04db730	0x0	kvm
__pfx_kvm_xen_hvm_get_attr	0xffffffffc04db9d0	0x0	kvm
kvm_xen_hvm_get_attr	0xffffffffc04db9e0	0x0	kvm
__pfx_kvm_xen_write_hypercall_page	0xffffffffc04dbb30	0x0	kvm
kvm_xen_write_hypercall_page	0xffffffffc04dbb40	0x0	kvm
__pfx_kvm_xen_hvm_config	0xffffffffc04dbd40	0x0	kvm
kvm_xen_hvm_config	0xffffffffc04dbd50	0x0	kvm
__pfx_kvm_xen_set_evtchn_fast	0xffffffffc04dbeb0	0x0	kvm
kvm_xen_set_evtchn_fast	0xffffffffc04dbec0	0x0	kvm
__pfx_kvm_xen_set_evtchn.part.0	0xffffffffc04dc320	0x0	kvm
kvm_xen_set_evtchn.part.0	0xffffffffc04dc330	0x0	kvm
__pfx_xen_timer_callback	0xffffffffc04dc430	0x0	kvm
xen_timer_callback	0xffffffffc04dc440	0x0	kvm
__pfx_kvm_xen_start_timer	0xffffffffc04dc500	0x0	kvm
kvm_xen_start_timer	0xffffffffc04dc510	0x0	kvm
__pfx_kvm_xen_vcpu_set_attr	0xffffffffc04dc840	0x0	kvm
kvm_xen_vcpu_set_attr	0xffffffffc04dc850	0x0	kvm
__pfx_kvm_xen_hypercall	0xffffffffc04dcd00	0x0	kvm
kvm_xen_hypercall	0xffffffffc04dcd10	0x0	kvm
__pfx_evtchn_set_fn	0xffffffffc04dd340	0x0	kvm
evtchn_set_fn	0xffffffffc04dd350	0x0	kvm
__pfx_kvm_xen_inject_timer_irqs	0xffffffffc04dd3a0	0x0	kvm
kvm_xen_inject_timer_irqs	0xffffffffc04dd3b0	0x0	kvm
__pfx_kvm_xen_vcpu_get_attr	0xffffffffc04dd460	0x0	kvm
kvm_xen_vcpu_get_attr	0xffffffffc04dd470	0x0	kvm
__pfx_kvm_xen_setup_evtchn	0xffffffffc04dd760	0x0	kvm
kvm_xen_setup_evtchn	0xffffffffc04dd770	0x0	kvm
__pfx_kvm_xen_hvm_evtchn_send	0xffffffffc04dd8d0	0x0	kvm
kvm_xen_hvm_evtchn_send	0xffffffffc04dd8e0	0x0	kvm
__pfx_kvm_xen_init_vcpu	0xffffffffc04dd9c0	0x0	kvm
kvm_xen_init_vcpu	0xffffffffc04dd9d0	0x0	kvm
__pfx_kvm_xen_destroy_vcpu	0xffffffffc04dda70	0x0	kvm
kvm_xen_destroy_vcpu	0xffffffffc04dda80	0x0	kvm
__pfx_kvm_xen_init_vm	0xffffffffc04ddb00	0x0	kvm
kvm_xen_init_vm	0xffffffffc04ddb10	0x0	kvm
__pfx_kvm_xen_destroy_vm	0xffffffffc04ddb80	0x0	kvm
kvm_xen_destroy_vm	0xffffffffc04ddb90	0x0	kvm
__pfx_rsm_set_desc_flags	0xffffffffc04ddc60	0x0	kvm
rsm_set_desc_flags	0xffffffffc04ddc70	0x0	kvm
__pfx_rsm_enter_protected_mode	0xffffffffc04ddcf0	0x0	kvm
rsm_enter_protected_mode	0xffffffffc04ddd00	0x0	kvm
__pfx_kvm_smm_changed	0xffffffffc04ddde0	0x0	kvm
kvm_smm_changed	0xffffffffc04dddf0	0x0	kvm
__pfx_enter_smm_save_seg_64	0xffffffffc04dde90	0x0	kvm
enter_smm_save_seg_64	0xffffffffc04ddea0	0x0	kvm
__pfx_enter_smm_save_seg_32	0xffffffffc04ddf60	0x0	kvm
enter_smm_save_seg_32	0xffffffffc04ddf70	0x0	kvm
__pfx_rsm_load_seg_32.isra.0	0xffffffffc04de040	0x0	kvm
rsm_load_seg_32.isra.0	0xffffffffc04de050	0x0	kvm
__pfx_rsm_load_state_32	0xffffffffc04de110	0x0	kvm
rsm_load_state_32	0xffffffffc04de120	0x0	kvm
__pfx_enter_smm_save_state_64	0xffffffffc04de3d0	0x0	kvm
enter_smm_save_state_64	0xffffffffc04de3e0	0x0	kvm
__pfx_enter_smm_save_state_32	0xffffffffc04de710	0x0	kvm
enter_smm_save_state_32	0xffffffffc04de720	0x0	kvm
__pfx_rsm_load_state_64	0xffffffffc04dea50	0x0	kvm
rsm_load_state_64	0xffffffffc04dea60	0x0	kvm
__pfx_process_smi	0xffffffffc04dee30	0x0	kvm
process_smi	0xffffffffc04dee40	0x0	kvm
__pfx_enter_smm	0xffffffffc04dee60	0x0	kvm
enter_smm	0xffffffffc04dee70	0x0	kvm
__pfx_emulator_leave_smm	0xffffffffc04df170	0x0	kvm
emulator_leave_smm	0xffffffffc04df180	0x0	kvm
__pfx_hv_track_root_tdp	0xffffffffc04df470	0x0	kvm
hv_track_root_tdp	0xffffffffc04df480	0x0	kvm
__pfx_kvm_fill_hv_flush_list_func	0xffffffffc04df4f0	0x0	kvm
kvm_fill_hv_flush_list_func	0xffffffffc04df500	0x0	kvm
__pfx___hv_flush_remote_tlbs_range	0xffffffffc04df520	0x0	kvm
__hv_flush_remote_tlbs_range	0xffffffffc04df530	0x0	kvm
__pfx_hv_flush_remote_tlbs_range	0xffffffffc04df6d0	0x0	kvm
hv_flush_remote_tlbs_range	0xffffffffc04df6e0	0x0	kvm
__pfx_hv_flush_remote_tlbs	0xffffffffc04df730	0x0	kvm
hv_flush_remote_tlbs	0xffffffffc04df740	0x0	kvm
__SCT__tp_func_kvm_userspace_exit	0xffffffffc04df758	0x0	kvm
__SCT__tp_func_kvm_vcpu_wakeup	0xffffffffc04df760	0x0	kvm
__SCT__tp_func_kvm_set_irq	0xffffffffc04df768	0x0	kvm
__SCT__tp_func_kvm_ack_irq	0xffffffffc04df770	0x0	kvm
__SCT__tp_func_kvm_mmio	0xffffffffc04df778	0x0	kvm
__SCT__tp_func_kvm_iocsr	0xffffffffc04df780	0x0	kvm
__SCT__tp_func_kvm_fpu	0xffffffffc04df788	0x0	kvm
__SCT__tp_func_kvm_try_async_get_page	0xffffffffc04df790	0x0	kvm
__SCT__tp_func_kvm_async_pf_repeated_fault	0xffffffffc04df798	0x0	kvm
__SCT__tp_func_kvm_async_pf_not_present	0xffffffffc04df7a0	0x0	kvm
__SCT__tp_func_kvm_async_pf_ready	0xffffffffc04df7a8	0x0	kvm
__SCT__tp_func_kvm_async_pf_completed	0xffffffffc04df7b0	0x0	kvm
__SCT__tp_func_kvm_halt_poll_ns	0xffffffffc04df7b8	0x0	kvm
__SCT__tp_func_kvm_dirty_ring_push	0xffffffffc04df7c0	0x0	kvm
__SCT__tp_func_kvm_dirty_ring_reset	0xffffffffc04df7c8	0x0	kvm
__SCT__tp_func_kvm_dirty_ring_exit	0xffffffffc04df7d0	0x0	kvm
__SCT__tp_func_kvm_vm_set_mem_attributes	0xffffffffc04df7d8	0x0	kvm
__SCT__tp_func_kvm_unmap_hva_range	0xffffffffc04df7e0	0x0	kvm
__SCT__tp_func_kvm_age_hva	0xffffffffc04df7e8	0x0	kvm
__SCT__tp_func_kvm_test_age_hva	0xffffffffc04df7f0	0x0	kvm
__SCT__tp_func_kvm_entry	0xffffffffc04df7f8	0x0	kvm
__SCT__tp_func_kvm_hypercall	0xffffffffc04df800	0x0	kvm
__SCT__tp_func_kvm_hv_hypercall	0xffffffffc04df808	0x0	kvm
__SCT__tp_func_kvm_hv_hypercall_done	0xffffffffc04df810	0x0	kvm
__SCT__tp_func_kvm_xen_hypercall	0xffffffffc04df818	0x0	kvm
__SCT__tp_func_kvm_pio	0xffffffffc04df820	0x0	kvm
__SCT__tp_func_kvm_fast_mmio	0xffffffffc04df828	0x0	kvm
__SCT__tp_func_kvm_cpuid	0xffffffffc04df830	0x0	kvm
__SCT__tp_func_kvm_ioapic_set_irq	0xffffffffc04df838	0x0	kvm
__SCT__tp_func_kvm_ioapic_delayed_eoi_inj	0xffffffffc04df840	0x0	kvm
__SCT__tp_func_kvm_msi_set_irq	0xffffffffc04df848	0x0	kvm
__SCT__tp_func_kvm_apic	0xffffffffc04df850	0x0	kvm
__SCT__tp_func_kvm_exit	0xffffffffc04df858	0x0	kvm
__SCT__tp_func_kvm_inj_virq	0xffffffffc04df860	0x0	kvm
__SCT__tp_func_kvm_inj_exception	0xffffffffc04df868	0x0	kvm
__SCT__tp_func_kvm_page_fault	0xffffffffc04df870	0x0	kvm
__SCT__tp_func_kvm_msr	0xffffffffc04df878	0x0	kvm
__SCT__tp_func_kvm_cr	0xffffffffc04df880	0x0	kvm
__SCT__tp_func_kvm_pic_set_irq	0xffffffffc04df888	0x0	kvm
__SCT__tp_func_kvm_apic_ipi	0xffffffffc04df890	0x0	kvm
__SCT__tp_func_kvm_apic_accept_irq	0xffffffffc04df898	0x0	kvm
__SCT__tp_func_kvm_eoi	0xffffffffc04df8a0	0x0	kvm
__SCT__tp_func_kvm_pv_eoi	0xffffffffc04df8a8	0x0	kvm
__SCT__tp_func_kvm_nested_vmenter	0xffffffffc04df8b0	0x0	kvm
__SCT__tp_func_kvm_nested_intercepts	0xffffffffc04df8b8	0x0	kvm
__SCT__tp_func_kvm_nested_vmexit	0xffffffffc04df8c0	0x0	kvm
__SCT__tp_func_kvm_nested_vmexit_inject	0xffffffffc04df8c8	0x0	kvm
__SCT__tp_func_kvm_nested_intr_vmexit	0xffffffffc04df8d0	0x0	kvm
__SCT__tp_func_kvm_invlpga	0xffffffffc04df8d8	0x0	kvm
__SCT__tp_func_kvm_skinit	0xffffffffc04df8e0	0x0	kvm
__SCT__tp_func_kvm_emulate_insn	0xffffffffc04df8e8	0x0	kvm
__SCT__tp_func_vcpu_match_mmio	0xffffffffc04df8f0	0x0	kvm
__SCT__tp_func_kvm_write_tsc_offset	0xffffffffc04df8f8	0x0	kvm
__SCT__tp_func_kvm_update_master_clock	0xffffffffc04df900	0x0	kvm
__SCT__tp_func_kvm_track_tsc	0xffffffffc04df908	0x0	kvm
__SCT__tp_func_kvm_pml_full	0xffffffffc04df910	0x0	kvm
__SCT__tp_func_kvm_ple_window_update	0xffffffffc04df918	0x0	kvm
__SCT__tp_func_kvm_pvclock_update	0xffffffffc04df920	0x0	kvm
__SCT__tp_func_kvm_wait_lapic_expire	0xffffffffc04df928	0x0	kvm
__SCT__tp_func_kvm_smm_transition	0xffffffffc04df930	0x0	kvm
__SCT__tp_func_kvm_pi_irte_update	0xffffffffc04df938	0x0	kvm
__SCT__tp_func_kvm_hv_notify_acked_sint	0xffffffffc04df940	0x0	kvm
__SCT__tp_func_kvm_hv_synic_set_irq	0xffffffffc04df948	0x0	kvm
__SCT__tp_func_kvm_hv_synic_send_eoi	0xffffffffc04df950	0x0	kvm
__SCT__tp_func_kvm_hv_synic_set_msr	0xffffffffc04df958	0x0	kvm
__SCT__tp_func_kvm_hv_stimer_set_config	0xffffffffc04df960	0x0	kvm
__SCT__tp_func_kvm_hv_stimer_set_count	0xffffffffc04df968	0x0	kvm
__SCT__tp_func_kvm_hv_stimer_start_periodic	0xffffffffc04df970	0x0	kvm
__SCT__tp_func_kvm_hv_stimer_start_one_shot	0xffffffffc04df978	0x0	kvm
__SCT__tp_func_kvm_hv_stimer_callback	0xffffffffc04df980	0x0	kvm
__SCT__tp_func_kvm_hv_stimer_expiration	0xffffffffc04df988	0x0	kvm
__SCT__tp_func_kvm_hv_stimer_cleanup	0xffffffffc04df990	0x0	kvm
__SCT__tp_func_kvm_apicv_inhibit_changed	0xffffffffc04df998	0x0	kvm
__SCT__tp_func_kvm_apicv_accept_irq	0xffffffffc04df9a0	0x0	kvm
__SCT__tp_func_kvm_avic_incomplete_ipi	0xffffffffc04df9a8	0x0	kvm
__SCT__tp_func_kvm_avic_unaccelerated_access	0xffffffffc04df9b0	0x0	kvm
__SCT__tp_func_kvm_avic_ga_log	0xffffffffc04df9b8	0x0	kvm
__SCT__tp_func_kvm_avic_kick_vcpu_slowpath	0xffffffffc04df9c0	0x0	kvm
__SCT__tp_func_kvm_avic_doorbell	0xffffffffc04df9c8	0x0	kvm
__SCT__tp_func_kvm_hv_timer_state	0xffffffffc04df9d0	0x0	kvm
__SCT__tp_func_kvm_hv_flush_tlb	0xffffffffc04df9d8	0x0	kvm
__SCT__tp_func_kvm_hv_flush_tlb_ex	0xffffffffc04df9e0	0x0	kvm
__SCT__tp_func_kvm_hv_send_ipi	0xffffffffc04df9e8	0x0	kvm
__SCT__tp_func_kvm_hv_send_ipi_ex	0xffffffffc04df9f0	0x0	kvm
__SCT__tp_func_kvm_pv_tlb_flush	0xffffffffc04df9f8	0x0	kvm
__SCT__tp_func_kvm_nested_vmenter_failed	0xffffffffc04dfa00	0x0	kvm
__SCT__tp_func_kvm_hv_syndbg_set_msr	0xffffffffc04dfa08	0x0	kvm
__SCT__tp_func_kvm_hv_syndbg_get_msr	0xffffffffc04dfa10	0x0	kvm
__SCT__tp_func_kvm_vmgexit_enter	0xffffffffc04dfa18	0x0	kvm
__SCT__tp_func_kvm_vmgexit_exit	0xffffffffc04dfa20	0x0	kvm
__SCT__tp_func_kvm_vmgexit_msr_protocol_enter	0xffffffffc04dfa28	0x0	kvm
__SCT__tp_func_kvm_vmgexit_msr_protocol_exit	0xffffffffc04dfa30	0x0	kvm
__SCT__tp_func_kvm_rmp_fault	0xffffffffc04dfa38	0x0	kvm
__SCT__kvm_x86_check_processor_compatibility	0xffffffffc04dfa40	0x0	kvm
__SCT__kvm_x86_enable_virtualization_cpu	0xffffffffc04dfa48	0x0	kvm
__SCT__kvm_x86_disable_virtualization_cpu	0xffffffffc04dfa50	0x0	kvm
__SCT__kvm_x86_hardware_unsetup	0xffffffffc04dfa58	0x0	kvm
__SCT__kvm_x86_has_emulated_msr	0xffffffffc04dfa60	0x0	kvm
__SCT__kvm_x86_vcpu_after_set_cpuid	0xffffffffc04dfa68	0x0	kvm
__SCT__kvm_x86_vm_init	0xffffffffc04dfa70	0x0	kvm
__SCT__kvm_x86_vm_destroy	0xffffffffc04dfa78	0x0	kvm
__SCT__kvm_x86_vm_pre_destroy	0xffffffffc04dfa80	0x0	kvm
__SCT__kvm_x86_vcpu_precreate	0xffffffffc04dfa88	0x0	kvm
__SCT__kvm_x86_vcpu_create	0xffffffffc04dfa90	0x0	kvm
__SCT__kvm_x86_vcpu_free	0xffffffffc04dfa98	0x0	kvm
__SCT__kvm_x86_vcpu_reset	0xffffffffc04dfaa0	0x0	kvm
__SCT__kvm_x86_prepare_switch_to_guest	0xffffffffc04dfaa8	0x0	kvm
__SCT__kvm_x86_vcpu_load	0xffffffffc04dfab0	0x0	kvm
__SCT__kvm_x86_vcpu_put	0xffffffffc04dfab8	0x0	kvm
__SCT__kvm_x86_update_exception_bitmap	0xffffffffc04dfac0	0x0	kvm
__SCT__kvm_x86_get_msr	0xffffffffc04dfac8	0x0	kvm
__SCT__kvm_x86_set_msr	0xffffffffc04dfad0	0x0	kvm
__SCT__kvm_x86_get_segment_base	0xffffffffc04dfad8	0x0	kvm
__SCT__kvm_x86_get_segment	0xffffffffc04dfae0	0x0	kvm
__SCT__kvm_x86_get_cpl	0xffffffffc04dfae8	0x0	kvm
__SCT__kvm_x86_get_cpl_no_cache	0xffffffffc04dfaf0	0x0	kvm
__SCT__kvm_x86_set_segment	0xffffffffc04dfaf8	0x0	kvm
__SCT__kvm_x86_get_cs_db_l_bits	0xffffffffc04dfb00	0x0	kvm
__SCT__kvm_x86_is_valid_cr0	0xffffffffc04dfb08	0x0	kvm
__SCT__kvm_x86_set_cr0	0xffffffffc04dfb10	0x0	kvm
__SCT__kvm_x86_post_set_cr3	0xffffffffc04dfb18	0x0	kvm
__SCT__kvm_x86_is_valid_cr4	0xffffffffc04dfb20	0x0	kvm
__SCT__kvm_x86_set_cr4	0xffffffffc04dfb28	0x0	kvm
__SCT__kvm_x86_set_efer	0xffffffffc04dfb30	0x0	kvm
__SCT__kvm_x86_get_idt	0xffffffffc04dfb38	0x0	kvm
__SCT__kvm_x86_set_idt	0xffffffffc04dfb40	0x0	kvm
__SCT__kvm_x86_get_gdt	0xffffffffc04dfb48	0x0	kvm
__SCT__kvm_x86_set_gdt	0xffffffffc04dfb50	0x0	kvm
__SCT__kvm_x86_sync_dirty_debug_regs	0xffffffffc04dfb58	0x0	kvm
__SCT__kvm_x86_set_dr7	0xffffffffc04dfb60	0x0	kvm
__SCT__kvm_x86_cache_reg	0xffffffffc04dfb68	0x0	kvm
__SCT__kvm_x86_get_rflags	0xffffffffc04dfb70	0x0	kvm
__SCT__kvm_x86_set_rflags	0xffffffffc04dfb78	0x0	kvm
__SCT__kvm_x86_get_if_flag	0xffffffffc04dfb80	0x0	kvm
__SCT__kvm_x86_flush_tlb_all	0xffffffffc04dfb88	0x0	kvm
__SCT__kvm_x86_flush_tlb_current	0xffffffffc04dfb90	0x0	kvm
__SCT__kvm_x86_flush_remote_tlbs	0xffffffffc04dfb98	0x0	kvm
__SCT__kvm_x86_flush_remote_tlbs_range	0xffffffffc04dfba0	0x0	kvm
__SCT__kvm_x86_flush_tlb_gva	0xffffffffc04dfba8	0x0	kvm
__SCT__kvm_x86_flush_tlb_guest	0xffffffffc04dfbb0	0x0	kvm
__SCT__kvm_x86_vcpu_pre_run	0xffffffffc04dfbb8	0x0	kvm
__SCT__kvm_x86_vcpu_run	0xffffffffc04dfbc0	0x0	kvm
__SCT__kvm_x86_handle_exit	0xffffffffc04dfbc8	0x0	kvm
__SCT__kvm_x86_skip_emulated_instruction	0xffffffffc04dfbd0	0x0	kvm
__SCT__kvm_x86_update_emulated_instruction	0xffffffffc04dfbd8	0x0	kvm
__SCT__kvm_x86_set_interrupt_shadow	0xffffffffc04dfbe0	0x0	kvm
__SCT__kvm_x86_get_interrupt_shadow	0xffffffffc04dfbe8	0x0	kvm
__SCT__kvm_x86_patch_hypercall	0xffffffffc04dfbf0	0x0	kvm
__SCT__kvm_x86_inject_irq	0xffffffffc04dfbf8	0x0	kvm
__SCT__kvm_x86_inject_nmi	0xffffffffc04dfc00	0x0	kvm
__SCT__kvm_x86_is_vnmi_pending	0xffffffffc04dfc08	0x0	kvm
__SCT__kvm_x86_set_vnmi_pending	0xffffffffc04dfc10	0x0	kvm
__SCT__kvm_x86_inject_exception	0xffffffffc04dfc18	0x0	kvm
__SCT__kvm_x86_cancel_injection	0xffffffffc04dfc20	0x0	kvm
__SCT__kvm_x86_interrupt_allowed	0xffffffffc04dfc28	0x0	kvm
__SCT__kvm_x86_nmi_allowed	0xffffffffc04dfc30	0x0	kvm
__SCT__kvm_x86_get_nmi_mask	0xffffffffc04dfc38	0x0	kvm
__SCT__kvm_x86_set_nmi_mask	0xffffffffc04dfc40	0x0	kvm
__SCT__kvm_x86_enable_nmi_window	0xffffffffc04dfc48	0x0	kvm
__SCT__kvm_x86_enable_irq_window	0xffffffffc04dfc50	0x0	kvm
__SCT__kvm_x86_update_cr8_intercept	0xffffffffc04dfc58	0x0	kvm
__SCT__kvm_x86_refresh_apicv_exec_ctrl	0xffffffffc04dfc60	0x0	kvm
__SCT__kvm_x86_hwapic_isr_update	0xffffffffc04dfc68	0x0	kvm
__SCT__kvm_x86_load_eoi_exitmap	0xffffffffc04dfc70	0x0	kvm
__SCT__kvm_x86_set_virtual_apic_mode	0xffffffffc04dfc78	0x0	kvm
__SCT__kvm_x86_set_apic_access_page_addr	0xffffffffc04dfc80	0x0	kvm
__SCT__kvm_x86_deliver_interrupt	0xffffffffc04dfc88	0x0	kvm
__SCT__kvm_x86_sync_pir_to_irr	0xffffffffc04dfc90	0x0	kvm
__SCT__kvm_x86_set_tss_addr	0xffffffffc04dfc98	0x0	kvm
__SCT__kvm_x86_set_identity_map_addr	0xffffffffc04dfca0	0x0	kvm
__SCT__kvm_x86_get_mt_mask	0xffffffffc04dfca8	0x0	kvm
__SCT__kvm_x86_load_mmu_pgd	0xffffffffc04dfcb0	0x0	kvm
__SCT__kvm_x86_link_external_spt	0xffffffffc04dfcb8	0x0	kvm
__SCT__kvm_x86_set_external_spte	0xffffffffc04dfcc0	0x0	kvm
__SCT__kvm_x86_free_external_spt	0xffffffffc04dfcc8	0x0	kvm
__SCT__kvm_x86_remove_external_spte	0xffffffffc04dfcd0	0x0	kvm
__SCT__kvm_x86_has_wbinvd_exit	0xffffffffc04dfcd8	0x0	kvm
__SCT__kvm_x86_get_l2_tsc_offset	0xffffffffc04dfce0	0x0	kvm
__SCT__kvm_x86_get_l2_tsc_multiplier	0xffffffffc04dfce8	0x0	kvm
__SCT__kvm_x86_write_tsc_offset	0xffffffffc04dfcf0	0x0	kvm
__SCT__kvm_x86_write_tsc_multiplier	0xffffffffc04dfcf8	0x0	kvm
__SCT__kvm_x86_get_exit_info	0xffffffffc04dfd00	0x0	kvm
__SCT__kvm_x86_get_entry_info	0xffffffffc04dfd08	0x0	kvm
__SCT__kvm_x86_check_intercept	0xffffffffc04dfd10	0x0	kvm
__SCT__kvm_x86_handle_exit_irqoff	0xffffffffc04dfd18	0x0	kvm
__SCT__kvm_x86_update_cpu_dirty_logging	0xffffffffc04dfd20	0x0	kvm
__SCT__kvm_x86_vcpu_blocking	0xffffffffc04dfd28	0x0	kvm
__SCT__kvm_x86_vcpu_unblocking	0xffffffffc04dfd30	0x0	kvm
__SCT__kvm_x86_pi_update_irte	0xffffffffc04dfd38	0x0	kvm
__SCT__kvm_x86_pi_start_bypass	0xffffffffc04dfd40	0x0	kvm
__SCT__kvm_x86_apicv_pre_state_restore	0xffffffffc04dfd48	0x0	kvm
__SCT__kvm_x86_apicv_post_state_restore	0xffffffffc04dfd50	0x0	kvm
__SCT__kvm_x86_dy_apicv_has_pending_interrupt	0xffffffffc04dfd58	0x0	kvm
__SCT__kvm_x86_protected_apic_has_interrupt	0xffffffffc04dfd60	0x0	kvm
__SCT__kvm_x86_set_hv_timer	0xffffffffc04dfd68	0x0	kvm
__SCT__kvm_x86_cancel_hv_timer	0xffffffffc04dfd70	0x0	kvm
__SCT__kvm_x86_setup_mce	0xffffffffc04dfd78	0x0	kvm
__SCT__kvm_x86_smi_allowed	0xffffffffc04dfd80	0x0	kvm
__SCT__kvm_x86_enter_smm	0xffffffffc04dfd88	0x0	kvm
__SCT__kvm_x86_leave_smm	0xffffffffc04dfd90	0x0	kvm
__SCT__kvm_x86_enable_smi_window	0xffffffffc04dfd98	0x0	kvm
__SCT__kvm_x86_dev_get_attr	0xffffffffc04dfda0	0x0	kvm
__SCT__kvm_x86_mem_enc_ioctl	0xffffffffc04dfda8	0x0	kvm
__SCT__kvm_x86_vcpu_mem_enc_ioctl	0xffffffffc04dfdb0	0x0	kvm
__SCT__kvm_x86_mem_enc_register_region	0xffffffffc04dfdb8	0x0	kvm
__SCT__kvm_x86_mem_enc_unregister_region	0xffffffffc04dfdc0	0x0	kvm
__SCT__kvm_x86_vm_copy_enc_context_from	0xffffffffc04dfdc8	0x0	kvm
__SCT__kvm_x86_vm_move_enc_context_from	0xffffffffc04dfdd0	0x0	kvm
__SCT__kvm_x86_guest_memory_reclaimed	0xffffffffc04dfdd8	0x0	kvm
__SCT__kvm_x86_get_feature_msr	0xffffffffc04dfde0	0x0	kvm
__SCT__kvm_x86_check_emulate_instruction	0xffffffffc04dfde8	0x0	kvm
__SCT__kvm_x86_apic_init_signal_blocked	0xffffffffc04dfdf0	0x0	kvm
__SCT__kvm_x86_enable_l2_tlb_flush	0xffffffffc04dfdf8	0x0	kvm
__SCT__kvm_x86_migrate_timers	0xffffffffc04dfe00	0x0	kvm
__SCT__kvm_x86_recalc_msr_intercepts	0xffffffffc04dfe08	0x0	kvm
__SCT__kvm_x86_complete_emulated_msr	0xffffffffc04dfe10	0x0	kvm
__SCT__kvm_x86_vcpu_deliver_sipi_vector	0xffffffffc04dfe18	0x0	kvm
__SCT__kvm_x86_vcpu_get_apicv_inhibit_reasons	0xffffffffc04dfe20	0x0	kvm
__SCT__kvm_x86_get_untagged_addr	0xffffffffc04dfe28	0x0	kvm
__SCT__kvm_x86_alloc_apic_backing_page	0xffffffffc04dfe30	0x0	kvm
__SCT__kvm_x86_gmem_prepare	0xffffffffc04dfe38	0x0	kvm
__SCT__kvm_x86_private_max_mapping_level	0xffffffffc04dfe40	0x0	kvm
__SCT__kvm_x86_gmem_invalidate	0xffffffffc04dfe48	0x0	kvm
__SCT__kvm_x86_pmu_rdpmc_ecx_to_pmc	0xffffffffc04dfe50	0x0	kvm
__SCT__kvm_x86_pmu_msr_idx_to_pmc	0xffffffffc04dfe58	0x0	kvm
__SCT__kvm_x86_pmu_check_rdpmc_early	0xffffffffc04dfe60	0x0	kvm
__SCT__kvm_x86_pmu_is_valid_msr	0xffffffffc04dfe68	0x0	kvm
__SCT__kvm_x86_pmu_get_msr	0xffffffffc04dfe70	0x0	kvm
__SCT__kvm_x86_pmu_set_msr	0xffffffffc04dfe78	0x0	kvm
__SCT__kvm_x86_pmu_refresh	0xffffffffc04dfe80	0x0	kvm
__SCT__kvm_x86_pmu_init	0xffffffffc04dfe88	0x0	kvm
__SCT__kvm_x86_pmu_reset	0xffffffffc04dfe90	0x0	kvm
__SCT__kvm_x86_pmu_deliver_pmi	0xffffffffc04dfe98	0x0	kvm
__SCT__kvm_x86_pmu_cleanup	0xffffffffc04dfea0	0x0	kvm
__SCT__tp_func_kvm_mmu_pagetable_walk	0xffffffffc04dfea8	0x0	kvm
__SCT__tp_func_kvm_mmu_paging_element	0xffffffffc04dfeb0	0x0	kvm
__SCT__tp_func_kvm_mmu_set_accessed_bit	0xffffffffc04dfeb8	0x0	kvm
__SCT__tp_func_kvm_mmu_set_dirty_bit	0xffffffffc04dfec0	0x0	kvm
__SCT__tp_func_kvm_mmu_walker_error	0xffffffffc04dfec8	0x0	kvm
__SCT__tp_func_kvm_mmu_get_page	0xffffffffc04dfed0	0x0	kvm
__SCT__tp_func_kvm_mmu_sync_page	0xffffffffc04dfed8	0x0	kvm
__SCT__tp_func_kvm_mmu_unsync_page	0xffffffffc04dfee0	0x0	kvm
__SCT__tp_func_kvm_mmu_prepare_zap_page	0xffffffffc04dfee8	0x0	kvm
__SCT__tp_func_mark_mmio_spte	0xffffffffc04dfef0	0x0	kvm
__SCT__tp_func_handle_mmio_page_fault	0xffffffffc04dfef8	0x0	kvm
__SCT__tp_func_fast_page_fault	0xffffffffc04dff00	0x0	kvm
__SCT__tp_func_kvm_mmu_zap_all_fast	0xffffffffc04dff08	0x0	kvm
__SCT__tp_func_check_mmio_spte	0xffffffffc04dff10	0x0	kvm
__SCT__tp_func_kvm_mmu_set_spte	0xffffffffc04dff18	0x0	kvm
__SCT__tp_func_kvm_mmu_spte_requested	0xffffffffc04dff20	0x0	kvm
__SCT__tp_func_kvm_tdp_mmu_spte_changed	0xffffffffc04dff28	0x0	kvm
__SCT__tp_func_kvm_mmu_split_huge_page	0xffffffffc04dff30	0x0	kvm
kvm_are_all_memslots_empty.cold	0xffffffffc04dff38	0x0	kvm
trace_raw_output_kvm_vcpu_wakeup.cold	0xffffffffc04dff53	0x0	kvm
trace_raw_output_kvm_halt_poll_ns.cold	0xffffffffc04dff8d	0x0	kvm
kvm_sched_out.cold	0xffffffffc04dffaa	0x0	kvm
kvm_vm_ioctl_check_extension_generic.cold	0xffffffffc04dffbf	0x0	kvm
hva_to_pfn_remapped.cold	0xffffffffc04e0009	0x0	kvm
kvm_disable_virtualization_cpu.cold	0xffffffffc04e0083	0x0	kvm
kvm_resume.cold	0xffffffffc04e0097	0x0	kvm
kvm_mmu_notifier_test_young.cold	0xffffffffc04e00ab	0x0	kvm
kvm_mmu_notifier_clear_young.cold	0xffffffffc04e0114	0x0	kvm
hva_to_pfn_slow.cold	0xffffffffc04e017d	0x0	kvm
kvm_mmu_notifier_clear_flush_young.cold	0xffffffffc04e01db	0x0	kvm
kvm_online_cpu.cold	0xffffffffc04e023f	0x0	kvm
kvm_offline_cpu.cold	0xffffffffc04e0253	0x0	kvm
kvm_suspend.cold	0xffffffffc04e0267	0x0	kvm
kvm_device_ioctl.cold	0xffffffffc04e027b	0x0	kvm
kvm_clear_dirty_log_protect.cold	0xffffffffc04e0290	0x0	kvm
kvm_get_dirty_log_protect.cold	0xffffffffc04e02a5	0x0	kvm
kvm_vcpu_ioctl.cold	0xffffffffc04e02c0	0x0	kvm
kvm_vcpu_compat_ioctl.cold	0xffffffffc04e02d5	0x0	kvm
kvm_swap_active_memslots.cold	0xffffffffc04e02f2	0x0	kvm
kvm_set_memory_region.part.0.cold	0xffffffffc04e0307	0x0	kvm
kvm_set_internal_memslot.cold	0xffffffffc04e032c	0x0	kvm
kvm_mmu_notifier_invalidate_range_start.cold	0xffffffffc04e0375	0x0	kvm
kvm_mmu_invalidate_end.cold	0xffffffffc04e03db	0x0	kvm
kvm_mmu_notifier_invalidate_range_end.cold	0xffffffffc04e03f0	0x0	kvm
kvm_range_has_memory_attributes.cold	0xffffffffc04e0411	0x0	kvm
kvm_vm_set_mem_attributes.cold	0xffffffffc04e042e	0x0	kvm
kvm_vcpu_unmap.cold	0xffffffffc04e048b	0x0	kvm
hva_to_pfn.cold	0xffffffffc04e04b8	0x0	kvm
kvm_vcpu_halt.cold	0xffffffffc04e04cd	0x0	kvm
kvm_vcpu_on_spin.cold	0xffffffffc04e0506	0x0	kvm
kvm_vm_ioctl.cold	0xffffffffc04e06c4	0x0	kvm
kvm_vm_compat_ioctl.cold	0xffffffffc04e071c	0x0	kvm
kvm_destroy_vm.cold	0xffffffffc04e0731	0x0	kvm
kvm_create_vm.cold	0xffffffffc04e074c	0x0	kvm
kvm_init.part.0.cold	0xffffffffc04e0778	0x0	kvm
kvm_exit.cold	0xffffffffc04e07a0	0x0	kvm
ioeventfd_write.cold	0xffffffffc04e07b4	0x0	kvm
kvm_deassign_ioeventfd_idx.cold	0xffffffffc04e07d1	0x0	kvm
kvm_assign_ioeventfd_idx.cold	0xffffffffc04e082f	0x0	kvm
kvm_irqfd_assign.cold	0xffffffffc04e0875	0x0	kvm
kvm_vfio_update_coherency.cold	0xffffffffc04e0889	0x0	kvm
kvm_vfio_file_add.cold	0xffffffffc04e089d	0x0	kvm
coalesced_mmio_write.cold	0xffffffffc04e08ba	0x0	kvm
kvm_flush_and_free_async_pf_work.cold	0xffffffffc04e08ee	0x0	kvm
kvm_reset_dirty_gfn.cold	0xffffffffc04e0903	0x0	kvm
kvm_use_dirty_bitmap.cold	0xffffffffc04e091f	0x0	kvm
hva_to_pfn_retry.cold	0xffffffffc04e0943	0x0	kvm
__kvm_gpc_refresh.cold	0xffffffffc04e095e	0x0	kvm
__kvm_gpc_activate.cold	0xffffffffc04e0997	0x0	kvm
gfn_to_pfn_cache_invalidate_start.cold	0xffffffffc04e09e9	0x0	kvm
kvm_gpc_check.cold	0xffffffffc04e0a19	0x0	kvm
kvm_gpc_deactivate.cold	0xffffffffc04e0a4f	0x0	kvm
kvm_gmem_free_folio.cold	0xffffffffc04e0a64	0x0	kvm
kvm_gmem_prepare_folio.cold	0xffffffffc04e0a7c	0x0	kvm
kvm_gmem_get_pfn.cold	0xffffffffc04e0b0c	0x0	kvm
kvm_gmem_populate.cold	0xffffffffc04e0b27	0x0	kvm
kvm_calc_nested_tsc_offset.cold	0xffffffffc04e0bcb	0x0	kvm
set_msr_mce.cold	0xffffffffc04e0bf7	0x0	kvm
kvm_get_allowed_disable_exits.cold	0xffffffffc04e0c4f	0x0	kvm
trace_raw_output_kvm_entry.cold	0xffffffffc04e0c6b	0x0	kvm
trace_raw_output_kvm_hv_hypercall.cold	0xffffffffc04e0c80	0x0	kvm
trace_raw_output_kvm_cpuid.cold	0xffffffffc04e0cad	0x0	kvm
trace_raw_output_kvm_inj_virq.cold	0xffffffffc04e0cd7	0x0	kvm
trace_raw_output_kvm_pic_set_irq.cold	0xffffffffc04e0d0f	0x0	kvm
trace_raw_output_kvm_nested_vmenter.cold	0xffffffffc04e0d7c	0x0	kvm
trace_raw_output_vcpu_match_mmio.cold	0xffffffffc04e0dde	0x0	kvm
trace_raw_output_kvm_smm_transition.cold	0xffffffffc04e0e10	0x0	kvm
trace_raw_output_kvm_pi_irte_update.cold	0xffffffffc04e0e2d	0x0	kvm
trace_raw_output_kvm_hv_synic_set_msr.cold	0xffffffffc04e0e58	0x0	kvm
trace_raw_output_kvm_hv_stimer_set_config.cold	0xffffffffc04e0e76	0x0	kvm
trace_raw_output_kvm_hv_stimer_set_count.cold	0xffffffffc04e0e94	0x0	kvm
trace_raw_output_kvm_hv_flush_tlb.cold	0xffffffffc04e0eb2	0x0	kvm
trace_raw_output_kvm_hv_flush_tlb_ex.cold	0xffffffffc04e0ec7	0x0	kvm
trace_raw_output_kvm_pv_tlb_flush.cold	0xffffffffc04e0edc	0x0	kvm
trace_raw_output_kvm_ioapic_set_irq.cold	0xffffffffc04e0ef1	0x0	kvm
trace_raw_output_kvm_inj_exception.cold	0xffffffffc04e0f06	0x0	kvm
trace_raw_output_kvm_update_master_clock.cold	0xffffffffc04e0f1b	0x0	kvm
trace_raw_output_kvm_track_tsc.cold	0xffffffffc04e0f53	0x0	kvm
trace_raw_output_kvm_avic_unaccelerated_access.cold	0xffffffffc04e0f86	0x0	kvm
trace_raw_output_kvm_apicv_inhibit_changed.cold	0xffffffffc04e0fb0	0x0	kvm
kvm_inject_emulated_page_fault.cold	0xffffffffc04e0fdb	0x0	kvm
prepare_emulation_failure_exit.cold	0xffffffffc04e0ff0	0x0	kvm
pvclock_update_vm_gtod_copy.cold	0xffffffffc04e101b	0x0	kvm
emulator_vm_bugged.cold	0xffffffffc04e1061	0x0	kvm
kvm_init_pmu_capability.cold	0xffffffffc04e1075	0x0	kvm
__x86_set_memory_region.cold	0xffffffffc04e10b4	0x0	kvm
kvm_vcpu_write_tsc_multiplier.cold	0xffffffffc04e10d5	0x0	kvm
kvm_get_walltime_and_clockread.part.0.cold	0xffffffffc04e1116	0x0	kvm
kvm_deliver_exception_payload.cold	0xffffffffc04e113a	0x0	kvm
kvm_sched_yield.cold	0xffffffffc04e114f	0x0	kvm
kvm_vcpu_ioctl_x86_get_xsave2.cold	0xffffffffc04e1164	0x0	kvm
kvm_set_msr_ignored_check.cold	0xffffffffc04e1178	0x0	kvm
process_nmi.cold	0xffffffffc04e11bd	0x0	kvm
kvm_write_system_time.cold	0xffffffffc04e11d8	0x0	kvm
kvm_track_tsc_matching.cold	0xffffffffc04e11f3	0x0	kvm
kvm_post_set_cr0.cold	0xffffffffc04e127e	0x0	kvm
kvm_post_set_cr4.cold	0xffffffffc04e1293	0x0	kvm
emulator_guest_cpuid_is_intel_compatible.cold	0xffffffffc04e12a8	0x0	kvm
kvm_calc_nested_tsc_multiplier.cold	0xffffffffc04e12cf	0x0	kvm
kvm_handle_memory_failure.cold	0xffffffffc04e12fb	0x0	kvm
kvm_multiple_exception.cold	0xffffffffc04e1310	0x0	kvm
kvm_vcpu_flush_tlb_guest.cold	0xffffffffc04e1356	0x0	kvm
record_steal_time.cold	0xffffffffc04e136b	0x0	kvm
kvm_read_l1_tsc.cold	0xffffffffc04e1380	0x0	kvm
kvm_vcpu_write_tsc_offset.part.0.cold	0xffffffffc04e13ac	0x0	kvm
kvm_compute_l1_tsc_offset.isra.0.cold	0xffffffffc04e13ea	0x0	kvm
inject_emulated_exception.cold	0xffffffffc04e1416	0x0	kvm
kvm_on_user_return.cold	0xffffffffc04e1431	0x0	kvm
__kvm_synchronize_tsc.cold	0xffffffffc04e1445	0x0	kvm
kvm_synchronize_tsc.cold	0xffffffffc04e1493	0x0	kvm
kvm_requeue_exception.cold	0xffffffffc04e156e	0x0	kvm
kvm_set_tsc_khz.cold	0xffffffffc04e15b0	0x0	kvm
__get_kvmclock.cold	0xffffffffc04e15e5	0x0	kvm
__kvm_vcpu_update_apicv.cold	0xffffffffc04e1640	0x0	kvm
handle_emulation_failure.cold	0xffffffffc04e166a	0x0	kvm
update_cr8_intercept.cold	0xffffffffc04e167f	0x0	kvm
do_get_feature_msr.cold	0xffffffffc04e1694	0x0	kvm
kvm_inject_exception.cold	0xffffffffc04e16bc	0x0	kvm
kvm_set_user_return_msr.cold	0xffffffffc04e1719	0x0	kvm
load_pdptrs.cold	0xffffffffc04e172d	0x0	kvm
complete_fast_rdmsr_imm.cold	0xffffffffc04e1742	0x0	kvm
kvm_emulate_wrmsr_imm.cold	0xffffffffc04e1757	0x0	kvm
__get_regs.cold	0xffffffffc04e176c	0x0	kvm
____kvm_emulate_hypercall.cold	0xffffffffc04e1781	0x0	kvm
kvm_vcpu_ioctl_x86_get_vcpu_events.cold	0xffffffffc04e1883	0x0	kvm
__get_sregs_common.cold	0xffffffffc04e1a03	0x0	kvm
__get_sregs.cold	0xffffffffc04e1a18	0x0	kvm
kvm_invalidate_pcid.cold	0xffffffffc04e1a57	0x0	kvm
trace_event_raw_event_kvm_page_fault.cold	0xffffffffc04e1a6c	0x0	kvm
trace_event_raw_event_kvm_entry.cold	0xffffffffc04e1a87	0x0	kvm
trace_event_raw_event_kvm_exit.cold	0xffffffffc04e1a9c	0x0	kvm
trace_event_raw_event_kvm_nested_vmexit.cold	0xffffffffc04e1ab1	0x0	kvm
kvm_vcpu_ioctl_x86_set_vcpu_events.cold	0xffffffffc04e1ac6	0x0	kvm
perf_trace_kvm_page_fault.cold	0xffffffffc04e1af0	0x0	kvm
perf_trace_kvm_entry.cold	0xffffffffc04e1b0b	0x0	kvm
perf_trace_kvm_exit.cold	0xffffffffc04e1b26	0x0	kvm
perf_trace_kvm_nested_vmexit.cold	0xffffffffc04e1b41	0x0	kvm
vcpu_mmio_gva_to_gpa.cold	0xffffffffc04e1b5c	0x0	kvm
emulator_read_write_onepage.cold	0xffffffffc04e1bca	0x0	kvm
emulator_read_write.cold	0xffffffffc04e1c2c	0x0	kvm
emulator_cmpxchg_emulated.cold	0xffffffffc04e1c48	0x0	kvm
kvm_can_deliver_async_pf.cold	0xffffffffc04e1c65	0x0	kvm
set_efer.cold	0xffffffffc04e1caa	0x0	kvm
kvm_get_linear_rip.cold	0xffffffffc04e1cbf	0x0	kvm
complete_hypercall_exit.cold	0xffffffffc04e1ce9	0x0	kvm
kvm_emulate_hypercall.cold	0xffffffffc04e1d13	0x0	kvm
kvm_emulate_monitor_mwait.cold	0xffffffffc04e1d28	0x0	kvm
kvm_vcpu_has_events.cold	0xffffffffc04e1d3d	0x0	kvm
kvm_emulate_ap_reset_hold.cold	0xffffffffc04e1d7c	0x0	kvm
kvm_emulate_halt_noskip.cold	0xffffffffc04e1d91	0x0	kvm
kvm_emulate_halt.cold	0xffffffffc04e1da6	0x0	kvm
handle_fastpath_hlt.cold	0xffffffffc04e1dbb	0x0	kvm
kvm_vcpu_ready_for_interrupt_injection.cold	0xffffffffc04e1dd6	0x0	kvm
kvm_load_host_xsave_state.cold	0xffffffffc04e1e3f	0x0	kvm
kvm_get_msr_common.cold	0xffffffffc04e1e54	0x0	kvm
kvm_load_guest_xsave_state.cold	0xffffffffc04e207b	0x0	kvm
kvm_init_msr_lists.cold	0xffffffffc04e2090	0x0	kvm
kvm_x86_vendor_init.cold	0xffffffffc04e20a4	0x0	kvm
kvm_set_cr0.cold	0xffffffffc04e215a	0x0	kvm
__set_sregs_common.constprop.0.cold	0xffffffffc04e2176	0x0	kvm
kvm_get_msr_ignored_check.cold	0xffffffffc04e2191	0x0	kvm
__kvm_emulate_rdmsr.cold	0xffffffffc04e21b9	0x0	kvm
kvm_scale_tsc.cold	0xffffffffc04e21ce	0x0	kvm
kvm_get_monotonic_and_clockread.cold	0xffffffffc04e21fa	0x0	kvm
kvm_guest_time_update.cold	0xffffffffc04e2216	0x0	kvm
kvm_get_wall_clock_epoch.cold	0xffffffffc04e2426	0x0	kvm
kvm_set_msr_common.cold	0xffffffffc04e2481	0x0	kvm
kvm_vm_ioctl_check_extension.cold	0xffffffffc04e27b0	0x0	kvm
kvm_arch_vcpu_load.cold	0xffffffffc04e287a	0x0	kvm
kvm_arch_vcpu_put.cold	0xffffffffc04e2922	0x0	kvm
kvm_arch_vcpu_ioctl.cold	0xffffffffc04e2979	0x0	kvm
kvm_arch_pm_notifier.cold	0xffffffffc04e2b48	0x0	kvm
x86_emulate_instruction.cold	0xffffffffc04e2b65	0x0	kvm
kvm_check_and_inject_events.cold	0xffffffffc04e2c25	0x0	kvm
vcpu_enter_guest.cold	0xffffffffc04e2d4a	0x0	kvm
__kvm_set_or_clear_apicv_inhibit.cold	0xffffffffc04e2ee0	0x0	kvm
kvm_set_or_clear_apicv_inhibit.cold	0xffffffffc04e2ef8	0x0	kvm
kvm_vm_ioctl_enable_cap.cold	0xffffffffc04e2f0d	0x0	kvm
kvm_arch_vm_ioctl.cold	0xffffffffc04e2f8a	0x0	kvm
kvm_arch_vcpu_runnable.cold	0xffffffffc04e2fc7	0x0	kvm
vcpu_run.cold	0xffffffffc04e2ff1	0x0	kvm
kvm_arch_dy_has_pending_interrupt.cold	0xffffffffc04e3006	0x0	kvm
kvm_arch_vcpu_preempted_in_kernel.cold	0xffffffffc04e301b	0x0	kvm
kvm_arch_dy_runnable.cold	0xffffffffc04e303f	0x0	kvm
kvm_arch_vcpu_ioctl_run.cold	0xffffffffc04e305a	0x0	kvm
kvm_arch_vcpu_ioctl_get_regs.cold	0xffffffffc04e30f3	0x0	kvm
kvm_arch_vcpu_ioctl_set_regs.cold	0xffffffffc04e311d	0x0	kvm
kvm_arch_vcpu_ioctl_get_sregs.cold	0xffffffffc04e3147	0x0	kvm
kvm_arch_vcpu_ioctl_get_mpstate.cold	0xffffffffc04e3171	0x0	kvm
kvm_arch_vcpu_ioctl_set_sregs.cold	0xffffffffc04e3186	0x0	kvm
kvm_arch_vcpu_ioctl_set_guest_debug.cold	0xffffffffc04e31b0	0x0	kvm
kvm_arch_vcpu_ioctl_get_fpu.cold	0xffffffffc04e3204	0x0	kvm
kvm_arch_vcpu_ioctl_set_fpu.cold	0xffffffffc04e3218	0x0	kvm
kvm_arch_vcpu_precreate.cold	0xffffffffc04e322c	0x0	kvm
kvm_arch_vcpu_postcreate.cold	0xffffffffc04e3241	0x0	kvm
kvm_arch_disable_virtualization_cpu.cold	0xffffffffc04e3256	0x0	kvm
kvm_arch_init_vm.cold	0xffffffffc04e326b	0x0	kvm
kvm_alloc_memslot_metadata.cold	0xffffffffc04e32d4	0x0	kvm
kvm_arch_prepare_memory_region.cold	0xffffffffc04e32fe	0x0	kvm
kvm_arch_commit_memory_region.cold	0xffffffffc04e332c	0x0	kvm
kvm_arch_vcpu_in_kernel.cold	0xffffffffc04e3341	0x0	kvm
kvm_arch_vcpu_get_ip.cold	0xffffffffc04e335c	0x0	kvm
kvm_can_do_async_pf.cold	0xffffffffc04e3371	0x0	kvm
kvm_arch_async_page_present.cold	0xffffffffc04e33da	0x0	kvm
kvm_arch_async_page_present_queued.cold	0xffffffffc04e33ee	0x0	kvm
kvm_arch_can_dequeue_async_page_present.cold	0xffffffffc04e3403	0x0	kvm
kvm_vector_hashing_enabled.cold	0xffffffffc04e3418	0x0	kvm
emulator_io_port_access_allowed.cold	0xffffffffc04e343c	0x0	kvm
check_perm_in.cold	0xffffffffc04e3470	0x0	kvm
ad_mask.isra.0.cold	0xffffffffc04e3485	0x0	kvm
check_perm_out.cold	0xffffffffc04e34b6	0x0	kvm
assign_eip.cold	0xffffffffc04e34cb	0x0	kvm
em_jcxz.cold	0xffffffffc04e34ea	0x0	kvm
em_cwd.cold	0xffffffffc04e3511	0x0	kvm
check_rdpmc.cold	0xffffffffc04e352d	0x0	kvm
string_addr_inc.cold	0xffffffffc04e3542	0x0	kvm
em_loop.cold	0xffffffffc04e3561	0x0	kvm
em_call_far.cold	0xffffffffc04e357d	0x0	kvm
pio_in_emulated.cold	0xffffffffc04e3592	0x0	kvm
decode_operand.cold	0xffffffffc04e35b1	0x0	kvm
x86_decode_insn.cold	0xffffffffc04e3642	0x0	kvm
kvm_msi_to_lapic_irq.isra.0.cold	0xffffffffc04e3680	0x0	kvm
kvm_pi_update_irte.cold	0xffffffffc04e36b0	0x0	kvm
kvm_cpu_has_extint.cold	0xffffffffc04e36c5	0x0	kvm
kvm_cpu_has_injectable_intr.cold	0xffffffffc04e36f5	0x0	kvm
kvm_cpu_has_interrupt.cold	0xffffffffc04e3710	0x0	kvm
kvm_cpu_get_extint.cold	0xffffffffc04e3725	0x0	kvm
kvm_irq_delivery_to_apic.cold	0xffffffffc04e373a	0x0	kvm
kvm_set_msi.cold	0xffffffffc04e37ad	0x0	kvm
kvm_arch_set_irq_inatomic.cold	0xffffffffc04e37c8	0x0	kvm
kvm_set_routing_entry.cold	0xffffffffc04e37dd	0x0	kvm
kvm_can_post_timer_interrupt.cold	0xffffffffc04e37f2	0x0	kvm
kvm_apic_update_irr.cold	0xffffffffc04e3807	0x0	kvm
limit_periodic_timer_frequency.part.0.cold	0xffffffffc04e3823	0x0	kvm
kvm_apic_state_fixup.isra.0.cold	0xffffffffc04e3838	0x0	kvm
kvm_apic_match_dest.cold	0xffffffffc04e387e	0x0	kvm
kvm_lapic_find_highest_irr.cold	0xffffffffc04e38a1	0x0	kvm
kvm_x2apic_icr_write.part.0.cold	0xffffffffc04e38b5	0x0	kvm
kvm_apic_clear_irr.cold	0xffffffffc04e38ca	0x0	kvm
apic_update_ppr.cold	0xffffffffc04e38df	0x0	kvm
kvm_lapic_reg_read.cold	0xffffffffc04e38f4	0x0	kvm
kvm_apic_ack_interrupt.cold	0xffffffffc04e3915	0x0	kvm
advance_periodic_target_expiration.cold	0xffffffffc04e393f	0x0	kvm
kvm_apic_update_hwapic_isr.cold	0xffffffffc04e397b	0x0	kvm
__apic_accept_irq.cold	0xffffffffc04e3990	0x0	kvm
__pv_send_ipi.cold	0xffffffffc04e39ba	0x0	kvm
kvm_apic_has_interrupt.cold	0xffffffffc04e39ed	0x0	kvm
kvm_recalculate_apic_map.cold	0xffffffffc04e3a17	0x0	kvm
cancel_apic_timer.cold	0xffffffffc04e3ac6	0x0	kvm
apic_set_eoi.cold	0xffffffffc04e3b13	0x0	kvm
apic_update_lvtt.cold	0xffffffffc04e3b28	0x0	kvm
__kvm_wait_lapic_expire.cold	0xffffffffc04e3b75	0x0	kvm
kvm_wait_lapic_expire.cold	0xffffffffc04e3bc1	0x0	kvm
kvm_apic_map_get_dest_lapic.cold	0xffffffffc04e3beb	0x0	kvm
kvm_apic_set_irq.cold	0xffffffffc04e3c72	0x0	kvm
kvm_irq_delivery_to_apic_fast.cold	0xffffffffc04e3c9d	0x0	kvm
kvm_lapic_hv_timer_in_use.cold	0xffffffffc04e3d17	0x0	kvm
kvm_free_lapic.cold	0xffffffffc04e3d3b	0x0	kvm
kvm_apic_update_apicv.cold	0xffffffffc04e3d50	0x0	kvm
kvm_inhibit_apic_access_page.cold	0xffffffffc04e3d65	0x0	kvm
kvm_lapic_reset.cold	0xffffffffc04e3d8f	0x0	kvm
apic_has_pending_timer.cold	0xffffffffc04e3dcd	0x0	kvm
kvm_apic_local_deliver.cold	0xffffffffc04e3de2	0x0	kvm
apic_timer_expired.cold	0xffffffffc04e3dfd	0x0	kvm
start_sw_timer.cold	0xffffffffc04e3e27	0x0	kvm
restart_apic_timer.cold	0xffffffffc04e3e72	0x0	kvm
kvm_lapic_restart_hv_timer.cold	0xffffffffc04e3ecb	0x0	kvm
__start_apic_timer.cold	0xffffffffc04e3edf	0x0	kvm
kvm_lapic_reg_write.cold	0xffffffffc04e3f1b	0x0	kvm
kvm_apic_write_nodecode.cold	0xffffffffc04e405e	0x0	kvm
kvm_lapic_switch_to_sw_timer.cold	0xffffffffc04e4073	0x0	kvm
kvm_lapic_expired_hv_timer.cold	0xffffffffc04e4087	0x0	kvm
kvm_create_lapic.cold	0xffffffffc04e40b1	0x0	kvm
kvm_apic_set_state.cold	0xffffffffc04e40db	0x0	kvm
kvm_lapic_sync_to_vapic.cold	0xffffffffc04e4134	0x0	kvm
kvm_x2apic_msr_read.cold	0xffffffffc04e415e	0x0	kvm
kvm_hv_vapic_msr_read.cold	0xffffffffc04e4173	0x0	kvm
kvm_set_cpu_caps.cold	0xffffffffc04e4188	0x0	kvm
kvm_cpuid.cold	0xffffffffc04e41b0	0x0	kvm
__do_cpuid_func.cold	0xffffffffc04e41d3	0x0	kvm
kvm_vcpu_reserved_gpa_bits_raw.cold	0xffffffffc04e4210	0x0	kvm
kvm_vcpu_after_set_cpuid.cold	0xffffffffc04e4240	0x0	kvm
kvm_set_cpuid.cold	0xffffffffc04e4254	0x0	kvm
kvm_vcpu_ioctl_get_cpuid2.cold	0xffffffffc04e4268	0x0	kvm
pmc_event_is_allowed.cold	0xffffffffc04e427d	0x0	kvm
kvm_pmu_trigger_event.cold	0xffffffffc04e4291	0x0	kvm
reprogram_counter.cold	0xffffffffc04e42b6	0x0	kvm
pmc_write_counter.cold	0xffffffffc04e432f	0x0	kvm
kvm_pmu_reset.cold	0xffffffffc04e4359	0x0	kvm
kvm_perf_overflow.cold	0xffffffffc04e437e	0x0	kvm
kvm_pmu_rdpmc.cold	0xffffffffc04e4393	0x0	kvm
kvm_pmu_set_msr.cold	0xffffffffc04e43a8	0x0	kvm
kvm_pmu_refresh.cold	0xffffffffc04e4401	0x0	kvm
kvm_pmu_cleanup.cold	0xffffffffc04e4436	0x0	kvm
kvm_pmu_handle_event.cold	0xffffffffc04e4480	0x0	kvm
kvm_mmu_rmaps_stat_show.cold	0xffffffffc04e4495	0x0	kvm
kvm_arch_create_vcpu_debugfs.cold	0xffffffffc04e44d4	0x0	kvm
lpage_info_slot.cold	0xffffffffc04e44e9	0x0	kvm
host_pfn_mapping_level.cold	0xffffffffc04e451b	0x0	kvm
shadow_walk_okay.cold	0xffffffffc04e453c	0x0	kvm
perf_trace_kvm_mmu_spte_requested.cold	0xffffffffc04e4561	0x0	kvm
trace_event_raw_event_kvm_mmu_spte_requested.cold	0xffffffffc04e458c	0x0	kvm
mmu_pages_add.cold	0xffffffffc04e45ab	0x0	kvm
kvm_configure_mmu.cold	0xffffffffc04e45c5	0x0	kvm
kvm_unlink_unsync_page.cold	0xffffffffc04e4623	0x0	kvm
pte_list_remove.cold	0xffffffffc04e4638	0x0	kvm
perf_trace_kvm_mmu_get_page.cold	0xffffffffc04e46e9	0x0	kvm
perf_trace_kvm_mmu_page_class.cold	0xffffffffc04e470a	0x0	kvm
trace_event_raw_event_kvm_mmu_get_page.cold	0xffffffffc04e472b	0x0	kvm
trace_event_raw_event_kvm_mmu_page_class.cold	0xffffffffc04e4747	0x0	kvm
trace_raw_output_kvm_mmu_set_spte.cold	0xffffffffc04e4763	0x0	kvm
trace_raw_output_kvm_mmu_get_page.cold	0xffffffffc04e47b6	0x0	kvm
trace_raw_output_kvm_mmu_page_class.cold	0xffffffffc04e47e8	0x0	kvm
mmu_spte_update.cold	0xffffffffc04e4805	0x0	kvm
page_fault_handle_page_track.cold	0xffffffffc04e482f	0x0	kvm
__kvm_mmu_create.cold	0xffffffffc04e486e	0x0	kvm
free_mmu_pages.cold	0xffffffffc04e48df	0x0	kvm
kvm_mmu_page_get_gfn.cold	0xffffffffc04e48f4	0x0	kvm
reset_guest_paging_metadata.part.0.cold	0xffffffffc04e4911	0x0	kvm
get_nx_huge_pages.cold	0xffffffffc04e4926	0x0	kvm
ept_update_accessed_dirty_bits.isra.0.cold	0xffffffffc04e493b	0x0	kvm
kvm_mmu_finish_page_fault.isra.0.cold	0xffffffffc04e4966	0x0	kvm
gfn_to_rmap.cold	0xffffffffc04e497b	0x0	kvm
mmu_first_shadow_root_alloc.cold	0xffffffffc04e49ad	0x0	kvm
walk_shadow_page_lockless_begin.cold	0xffffffffc04e4a1c	0x0	kvm
walk_shadow_page_lockless_end.cold	0xffffffffc04e4a31	0x0	kvm
sync_mmio_spte.cold	0xffffffffc04e4a46	0x0	kvm
__mmu_unsync_walk.cold	0xffffffffc04e4a67	0x0	kvm
__kvm_mmu_max_mapping_level.cold	0xffffffffc04e4a90	0x0	kvm
paging32_update_accessed_dirty_bits.isra.0.cold	0xffffffffc04e4ad5	0x0	kvm
paging64_update_accessed_dirty_bits.isra.0.cold	0xffffffffc04e4b00	0x0	kvm
set_nx_huge_pages_recovery_param.cold	0xffffffffc04e4b2b	0x0	kvm
rmap_walk_init_level.cold	0xffffffffc04e4b40	0x0	kvm
slot_rmap_walk_next.cold	0xffffffffc04e4bdc	0x0	kvm
is_unsync_root.cold	0xffffffffc04e4bff	0x0	kvm
is_page_fault_stale.cold	0xffffffffc04e4c1a	0x0	kvm
init_kvm_tdp_mmu.cold	0xffffffffc04e4c2f	0x0	kvm
kvm_init_mmu.cold	0xffffffffc04e4c59	0x0	kvm
shadow_page_table_clear_flood.cold	0xffffffffc04e4c76	0x0	kvm
kvm_flush_remote_tlbs_sptep.cold	0xffffffffc04e4c93	0x0	kvm
kvm_rmap_zap_gfn_range.cold	0xffffffffc04e4cd8	0x0	kvm
kvm_zap_gfn_range.cold	0xffffffffc04e4d1d	0x0	kvm
get_sptes_lockless.cold	0xffffffffc04e4d39	0x0	kvm
handle_mmio_page_fault.cold	0xffffffffc04e4d6b	0x0	kvm
fast_page_fault.cold	0xffffffffc04e4d87	0x0	kvm
mmu_page_zap_pte.cold	0xffffffffc04e4f46	0x0	kvm
__kvm_mmu_prepare_zap_page.cold	0xffffffffc04e4f6f	0x0	kvm
kvm_mmu_zap_all_fast.cold	0xffffffffc04e4fc1	0x0	kvm
set_nx_huge_pages.cold	0xffffffffc04e5004	0x0	kvm
mmu_free_root_page.cold	0xffffffffc04e5041	0x0	kvm
kvm_mmu_free_roots.cold	0xffffffffc04e505e	0x0	kvm
kvm_mmu_new_pgd.cold	0xffffffffc04e507a	0x0	kvm
__kvm_mmu_free_obsolete_roots.cold	0xffffffffc04e508e	0x0	kvm
kvm_mmu_find_shadow_page.isra.0.cold	0xffffffffc04e50cc	0x0	kvm
__kvm_mmu_invalidate_addr.cold	0xffffffffc04e5157	0x0	kvm
__link_shadow_page.isra.0.cold	0xffffffffc04e51b5	0x0	kvm
kvm_recover_nx_huge_pages.cold	0xffffffffc04e51ca	0x0	kvm
kvm_mmu_page_set_translation.part.0.cold	0xffffffffc04e5224	0x0	kvm
__rmap_add.cold	0xffffffffc04e5274	0x0	kvm
mmu_set_spte.cold	0xffffffffc04e52b9	0x0	kvm
kvm_handle_noslot_fault.cold	0xffffffffc04e5362	0x0	kvm
__kvm_mmu_faultin_pfn.cold	0xffffffffc04e542d	0x0	kvm
kvm_mmu_faultin_pfn.cold	0xffffffffc04e54ec	0x0	kvm
kvm_mmu_slot_gfn_write_protect.cold	0xffffffffc04e5552	0x0	kvm
mmu_alloc_direct_roots.cold	0xffffffffc04e55c2	0x0	kvm
kvm_shadow_mmu_try_split_huge_pages.cold	0xffffffffc04e55ec	0x0	kvm
kvm_unmap_gfn_range.cold	0xffffffffc04e561d	0x0	kvm
kvm_age_gfn.cold	0xffffffffc04e567a	0x0	kvm
kvm_test_age_gfn.cold	0xffffffffc04e56aa	0x0	kvm
__kvm_mmu_unprotect_gfn_and_retry.cold	0xffffffffc04e56db	0x0	kvm
kvm_mmu_write_protect_fault.cold	0xffffffffc04e56f6	0x0	kvm
mmu_try_to_unsync_pages.cold	0xffffffffc04e5735	0x0	kvm
kvm_mmu_hugepage_adjust.cold	0xffffffffc04e5782	0x0	kvm
disallowed_hugepage_adjust.cold	0xffffffffc04e5802	0x0	kvm
direct_map.cold	0xffffffffc04e5854	0x0	kvm
kvm_tdp_page_fault.cold	0xffffffffc04e58aa	0x0	kvm
kvm_mmu_do_page_fault.cold	0xffffffffc04e58bf	0x0	kvm
kvm_tdp_map_page.part.0.cold	0xffffffffc04e5968	0x0	kvm
kvm_mmu_page_fault.cold	0xffffffffc04e597c	0x0	kvm
kvm_handle_page_fault.cold	0xffffffffc04e5991	0x0	kvm
paging64_fetch.cold	0xffffffffc04e59a5	0x0	kvm
paging32_fetch.cold	0xffffffffc04e5a10	0x0	kvm
ept_fetch.cold	0xffffffffc04e5a7b	0x0	kvm
kvm_mmu_load.cold	0xffffffffc04e5ae6	0x0	kvm
kvm_arch_async_page_ready.cold	0xffffffffc04e5afb	0x0	kvm
kvm_arch_vcpu_pre_fault_memory.cold	0xffffffffc04e5b25	0x0	kvm
paging64_walk_addr_generic.cold	0xffffffffc04e5b88	0x0	kvm
paging64_page_fault.cold	0xffffffffc04e5ca1	0x0	kvm
ept_walk_addr_generic.cold	0xffffffffc04e5cf4	0x0	kvm
ept_page_fault.cold	0xffffffffc04e5df6	0x0	kvm
paging32_walk_addr_generic.cold	0xffffffffc04e5e1f	0x0	kvm
paging32_page_fault.cold	0xffffffffc04e5f21	0x0	kvm
kvm_mmu_after_set_cpuid.cold	0xffffffffc04e5f74	0x0	kvm
kvm_mmu_track_write.cold	0xffffffffc04e5f89	0x0	kvm
kvm_mmu_init_vm.cold	0xffffffffc04e5fb6	0x0	kvm
kvm_mmu_uninit_vm.cold	0xffffffffc04e5fcb	0x0	kvm
kvm_mmu_slot_remove_write_access.cold	0xffffffffc04e5fe0	0x0	kvm
kvm_mmu_try_split_huge_pages.cold	0xffffffffc04e601f	0x0	kvm
kvm_arch_mmu_enable_log_dirty_pt_masked.cold	0xffffffffc04e6091	0x0	kvm
kvm_mmu_slot_try_split_huge_pages.cold	0xffffffffc04e6160	0x0	kvm
kvm_mmu_recover_huge_pages.cold	0xffffffffc04e61c2	0x0	kvm
kvm_mmu_slot_leaf_clear_dirty.cold	0xffffffffc04e6201	0x0	kvm
kvm_arch_flush_shadow_all.cold	0xffffffffc04e6240	0x0	kvm
kvm_arch_flush_shadow_memslot.cold	0xffffffffc04e6254	0x0	kvm
kvm_mmu_invalidate_mmio_sptes.cold	0xffffffffc04e6281	0x0	kvm
kvm_mmu_destroy.cold	0xffffffffc04e6295	0x0	kvm
kvm_mmu_post_init_vm.cold	0xffffffffc04e62aa	0x0	kvm
kvm_arch_pre_set_memory_attributes.cold	0xffffffffc04e62bf	0x0	kvm
kvm_arch_post_set_memory_attributes.cold	0xffffffffc04e62da	0x0	kvm
kvm_mmu_init_memslot_memory_attributes.cold	0xffffffffc04e62fe	0x0	kvm
kvm_page_track_write_tracking_enabled.cold	0xffffffffc04e6312	0x0	kvm
kvm_page_track_register_notifier.cold	0xffffffffc04e6356	0x0	kvm
kvm_page_track_create_memslot.cold	0xffffffffc04e6385	0x0	kvm
__kvm_write_track_add_gfn.cold	0xffffffffc04e63c2	0x0	kvm
__kvm_write_track_remove_gfn.cold	0xffffffffc04e63de	0x0	kvm
kvm_gfn_is_write_tracked.cold	0xffffffffc04e63fa	0x0	kvm
kvm_mmu_set_mmio_spte_mask.cold	0xffffffffc04e6451	0x0	kvm
mark_spte_for_access_track.cold	0xffffffffc04e646e	0x0	kvm
make_spte.cold	0xffffffffc04e64ad	0x0	kvm
make_small_spte.cold	0xffffffffc04e653d	0x0	kvm
make_huge_spte.cold	0xffffffffc04e658d	0x0	kvm
kvm_mmu_reset_all_pte_masks.cold	0xffffffffc04e65dd	0x0	kvm
tdp_iter_refresh_sptep.cold	0xffffffffc04e6602	0x0	kvm
tdp_iter_restart.cold	0xffffffffc04e6624	0x0	kvm
tdp_iter_next.cold	0xffffffffc04e6643	0x0	kvm
remove_external_spte.cold	0xffffffffc04e66dd	0x0	kvm
set_external_spte_present.cold	0xffffffffc04e66f2	0x0	kvm
tdp_mmu_make_huge_spte.cold	0xffffffffc04e6740	0x0	kvm
__kvm_tdp_mmu_get_walk.isra.0.cold	0xffffffffc04e67a2	0x0	kvm
clear_dirty_pt_masked.cold	0xffffffffc04e67b6	0x0	kvm
handle_removed_pt.cold	0xffffffffc04e6893	0x0	kvm
handle_changed_spte.cold	0xffffffffc04e68e4	0x0	kvm
tdp_mmu_set_spte.cold	0xffffffffc04e6980	0x0	kvm
write_protect_gfn.cold	0xffffffffc04e6995	0x0	kvm
tdp_mmu_zap_leafs.cold	0xffffffffc04e69d7	0x0	kvm
__tdp_mmu_zap_root.cold	0xffffffffc04e6a9a	0x0	kvm
tdp_mmu_map_handle_target_level.cold	0xffffffffc04e6b6d	0x0	kvm
tdp_mmu_set_spte_atomic.cold	0xffffffffc04e6c9b	0x0	kvm
recover_huge_pages_range.cold	0xffffffffc04e6ccc	0x0	kvm
wrprot_gfn_range.cold	0xffffffffc04e6ced	0x0	kvm
clear_dirty_gfn_range.cold	0xffffffffc04e6d31	0x0	kvm
tdp_mmu_link_sp.cold	0xffffffffc04e6dc4	0x0	kvm
tdp_mmu_split_huge_pages_root.cold	0xffffffffc04e6e27	0x0	kvm
__kvm_tdp_mmu_age_gfn_range.cold	0xffffffffc04e6e48	0x0	kvm
kvm_tdp_mmu_put_root.cold	0xffffffffc04e6eac	0x0	kvm
kvm_tdp_mmu_zap_invalidated_roots.cold	0xffffffffc04e6ed6	0x0	kvm
kvm_tdp_mmu_map.cold	0xffffffffc04e6f0c	0x0	kvm
kvm_tdp_mmu_unmap_gfn_range.cold	0xffffffffc04e6fb8	0x0	kvm
kvm_tdp_mmu_fast_pf_get_last_sptep.cold	0xffffffffc04e6fde	0x0	kvm
pic_unlock.cold	0xffffffffc04e6ff2	0x0	kvm
pic_clear_isr.cold	0xffffffffc04e7007	0x0	kvm
picdev_read.cold	0xffffffffc04e7020	0x0	kvm
kvm_pic_read_irq.cold	0xffffffffc04e704f	0x0	kvm
pit_timer_fn.cold	0xffffffffc04e70db	0x0	kvm
ioapic_service.cold	0xffffffffc04e70f0	0x0	kvm
ioapic_set_irq.cold	0xffffffffc04e710f	0x0	kvm
kvm_hv_get_hc_data.cold	0xffffffffc04e7128	0x0	kvm
synic_update_vector.cold	0xffffffffc04e7151	0x0	kvm
hv_check_msr_access.cold	0xffffffffc04e7166	0x0	kvm
kvm_hv_flush_tlb.cold	0xffffffffc04e717b	0x0	kvm
kvm_hv_notify_acked_sint.cold	0xffffffffc04e71ff	0x0	kvm
stimer_set_config.cold	0xffffffffc04e721a	0x0	kvm
synic_get.cold	0xffffffffc04e7264	0x0	kvm
synic_set_irq.cold	0xffffffffc04e7280	0x0	kvm
kvm_hv_send_ipi.cold	0xffffffffc04e7294	0x0	kvm
kvm_hv_hypercall_complete.cold	0xffffffffc04e72dd	0x0	kvm
kvm_hv_get_msr.cold	0xffffffffc04e7331	0x0	kvm
synic_set_msr.cold	0xffffffffc04e735b	0x0	kvm
kvm_hv_set_msr.cold	0xffffffffc04e73ce	0x0	kvm
kvm_hv_set_msr_pw.cold	0xffffffffc04e7406	0x0	kvm
kvm_hv_process_stimers.cold	0xffffffffc04e741b	0x0	kvm
kvm_hv_setup_tsc_page.cold	0xffffffffc04e7438	0x0	kvm
kvm_hv_xsaves_xsavec_maybe_warn.cold	0xffffffffc04e747e	0x0	kvm
kvm_hv_set_msr_common.cold	0xffffffffc04e74bd	0x0	kvm
kvm_hv_get_msr_common.cold	0xffffffffc04e74d8	0x0	kvm
kvm_hv_vcpu_flush_tlb.cold	0xffffffffc04e7502	0x0	kvm
kvm_hv_set_cpuid.cold	0xffffffffc04e7516	0x0	kvm
kvm_hv_hypercall.cold	0xffffffffc04e7540	0x0	kvm
kvm_xen_shared_info_init.cold	0xffffffffc04e768a	0x0	kvm
kvm_xen_schedop_poll.constprop.0.cold	0xffffffffc04e769f	0x0	kvm
kvm_xen_update_runstate_guest.cold	0xffffffffc04e76d3	0x0	kvm
kvm_xen_setattr_evtchn.cold	0xffffffffc04e7729	0x0	kvm
kvm_xen_update_runstate.cold	0xffffffffc04e7759	0x0	kvm
kvm_xen_inject_pending_events.cold	0xffffffffc04e776e	0x0	kvm
kvm_xen_hvm_set_attr.cold	0xffffffffc04e7783	0x0	kvm
kvm_xen_hvm_get_attr.cold	0xffffffffc04e77ad	0x0	kvm
kvm_xen_write_hypercall_page.cold	0xffffffffc04e77ff	0x0	kvm
kvm_xen_set_evtchn_fast.cold	0xffffffffc04e7835	0x0	kvm
kvm_xen_start_timer.cold	0xffffffffc04e788c	0x0	kvm
kvm_xen_vcpu_set_attr.cold	0xffffffffc04e7917	0x0	kvm
kvm_xen_hypercall.cold	0xffffffffc04e7946	0x0	kvm
kvm_xen_vcpu_get_attr.cold	0xffffffffc04e799a	0x0	kvm
kvm_xen_hvm_evtchn_send.cold	0xffffffffc04e79ee	0x0	kvm
__pfx_kvm_x86_exit	0xffffffffc04e7e20	0x0	kvm
__pfx_cleanup_module	0xffffffffc04e7e20	0x0	kvm
kvm_x86_exit	0xffffffffc04e7e30	0x0	kvm
cleanup_module	0xffffffffc04e7e30	0x0	kvm
__pfx_kvm_spurious_fault	0xffffffffc04e7e40	0x0	kvm
kvm_spurious_fault	0xffffffffc04e7e50	0x0	kvm
__pfx_vmx_update_fb_clear_dis	0xffffffffc04e8000	0x0	kvm_intel
vmx_update_fb_clear_dis	0xffffffffc04e8010	0x0	kvm_intel
__pfx_handle_machine_check	0xffffffffc04e8080	0x0	kvm_intel
handle_machine_check	0xffffffffc04e8090	0x0	kvm_intel
__pfx_handle_external_interrupt	0xffffffffc04e80b0	0x0	kvm_intel
handle_external_interrupt	0xffffffffc04e80c0	0x0	kvm_intel
__pfx_handle_triple_fault	0xffffffffc04e80e0	0x0	kvm_intel
handle_triple_fault	0xffffffffc04e80f0	0x0	kvm_intel
__pfx_handle_bus_lock_vmexit	0xffffffffc04e8120	0x0	kvm_intel
handle_bus_lock_vmexit	0xffffffffc04e8130	0x0	kvm_intel
__pfx___kvm_is_vmx_supported	0xffffffffc04e8150	0x0	kvm_intel
__kvm_is_vmx_supported	0xffffffffc04e8160	0x0	kvm_intel
__pfx_handle_vmx_instruction	0xffffffffc04e81d0	0x0	kvm_intel
handle_vmx_instruction	0xffffffffc04e81e0	0x0	kvm_intel
__pfx_handle_preemption_timer	0xffffffffc04e8200	0x0	kvm_intel
handle_preemption_timer	0xffffffffc04e8210	0x0	kvm_intel
__pfx_handle_tpr_below_threshold	0xffffffffc04e8250	0x0	kvm_intel
handle_tpr_below_threshold	0xffffffffc04e8260	0x0	kvm_intel
__pfx_handle_pause	0xffffffffc04e8280	0x0	kvm_intel
handle_pause	0xffffffffc04e8290	0x0	kvm_intel
__pfx_vmx_rtit_ctl_check	0xffffffffc04e8360	0x0	kvm_intel
vmx_rtit_ctl_check	0xffffffffc04e8370	0x0	kvm_intel
__pfx_nested_vmx_cr_fixed1_bits_update	0xffffffffc04e8550	0x0	kvm_intel
nested_vmx_cr_fixed1_bits_update	0xffffffffc04e8560	0x0	kvm_intel
__pfx_update_intel_pt_cfg	0xffffffffc04e87a0	0x0	kvm_intel
update_intel_pt_cfg	0xffffffffc04e87b0	0x0	kvm_intel
__pfx_free_kvm_area	0xffffffffc04e8990	0x0	kvm_intel
free_kvm_area	0xffffffffc04e89a0	0x0	kvm_intel
__pfx_kvm_machine_check	0xffffffffc04e8a50	0x0	kvm_intel
kvm_machine_check	0xffffffffc04e8a60	0x0	kvm_intel
__pfx_vmx_setup_l1d_flush	0xffffffffc04e8ac0	0x0	kvm_intel
vmx_setup_l1d_flush	0xffffffffc04e8ad0	0x0	kvm_intel
__pfx_vmentry_l1d_flush_set	0xffffffffc04e8d30	0x0	kvm_intel
vmentry_l1d_flush_set	0xffffffffc04e8d40	0x0	kvm_intel
__pfx_vmx_set_guest_uret_msr	0xffffffffc04e8e80	0x0	kvm_intel
vmx_set_guest_uret_msr	0xffffffffc04e8e90	0x0	kvm_intel
__pfx_handle_external_interrupt_irqoff	0xffffffffc04e8f10	0x0	kvm_intel
handle_external_interrupt_irqoff	0xffffffffc04e8f20	0x0	kvm_intel
__pfx_vmentry_l1d_flush_get	0xffffffffc04e9030	0x0	kvm_intel
vmentry_l1d_flush_get	0xffffffffc04e9040	0x0	kvm_intel
__pfx_vmx_unhandleable_emulation_required	0xffffffffc04e90b0	0x0	kvm_intel
vmx_unhandleable_emulation_required	0xffffffffc04e90c0	0x0	kvm_intel
__pfx_native_write_gdt_entry.constprop.0	0xffffffffc04e9170	0x0	kvm_intel
native_write_gdt_entry.constprop.0	0xffffffffc04e9180	0x0	kvm_intel
__pfx_init_rmode_tss.isra.0	0xffffffffc04e91a0	0x0	kvm_intel
init_rmode_tss.isra.0	0xffffffffc04e91b0	0x0	kvm_intel
__pfx_vmx_segment_access_rights.isra.0	0xffffffffc04e92c0	0x0	kvm_intel
vmx_segment_access_rights.isra.0	0xffffffffc04e92d0	0x0	kvm_intel
__pfx_hv_enable_l2_tlb_flush	0xffffffffc04e9360	0x0	kvm_intel
hv_enable_l2_tlb_flush	0xffffffffc04e9370	0x0	kvm_intel
__pfx_vmx_handle_intel_pt_intr	0xffffffffc04e9420	0x0	kvm_intel
vmx_handle_intel_pt_intr	0xffffffffc04e9430	0x0	kvm_intel
__pfx_handle_monitor_trap	0xffffffffc04e9480	0x0	kvm_intel
handle_monitor_trap	0xffffffffc04e9490	0x0	kvm_intel
__pfx_handle_tdx_instruction	0xffffffffc04e94b0	0x0	kvm_intel
handle_tdx_instruction	0xffffffffc04e94c0	0x0	kvm_intel
__pfx_free_loaded_vmcs.part.0	0xffffffffc04e94e0	0x0	kvm_intel
free_loaded_vmcs.part.0	0xffffffffc04e94f0	0x0	kvm_intel
__pfx_vmx_segment_cache_test_set	0xffffffffc04e9560	0x0	kvm_intel
vmx_segment_cache_test_set	0xffffffffc04e9570	0x0	kvm_intel
__pfx_handle_desc	0xffffffffc04e95e0	0x0	kvm_intel
handle_desc	0xffffffffc04e95f0	0x0	kvm_intel
__pfx_kvm_cpu_vmxoff	0xffffffffc04e9620	0x0	kvm_intel
kvm_cpu_vmxoff	0xffffffffc04e9630	0x0	kvm_intel
__pfx_vmx_pin_based_exec_ctrl	0xffffffffc04e9680	0x0	kvm_intel
vmx_pin_based_exec_ctrl	0xffffffffc04e9690	0x0	kvm_intel
__pfx_vmx_secondary_exec_control	0xffffffffc04e9720	0x0	kvm_intel
vmx_secondary_exec_control	0xffffffffc04e9730	0x0	kvm_intel
__pfx_vmx_prepare_switch_to_host	0xffffffffc04e9c20	0x0	kvm_intel
vmx_prepare_switch_to_host	0xffffffffc04e9c30	0x0	kvm_intel
__pfx_setup_vmcs_config	0xffffffffc04e9e40	0x0	kvm_intel
setup_vmcs_config	0xffffffffc04e9e50	0x0	kvm_intel
__pfx_vmread_error	0xffffffffc04ea520	0x0	kvm_intel
vmread_error	0xffffffffc04ea530	0x0	kvm_intel
__pfx_vmx_read_guest_seg_base	0xffffffffc04ea5b0	0x0	kvm_intel
vmx_read_guest_seg_base	0xffffffffc04ea5c0	0x0	kvm_intel
__pfx_vmx_read_guest_seg_selector	0xffffffffc04ea700	0x0	kvm_intel
vmx_read_guest_seg_selector	0xffffffffc04ea710	0x0	kvm_intel
__pfx_vmx_read_guest_seg_ar	0xffffffffc04ea840	0x0	kvm_intel
vmx_read_guest_seg_ar	0xffffffffc04ea850	0x0	kvm_intel
__pfx___vmx_get_cpl	0xffffffffc04ea970	0x0	kvm_intel
__vmx_get_cpl	0xffffffffc04ea980	0x0	kvm_intel
__pfx_vmx_dump_dtsel	0xffffffffc04eaa80	0x0	kvm_intel
vmx_dump_dtsel	0xffffffffc04eaa90	0x0	kvm_intel
__pfx_vmx_dump_sel	0xffffffffc04eabe0	0x0	kvm_intel
vmx_dump_sel	0xffffffffc04eabf0	0x0	kvm_intel
__pfx_handle_apic_write	0xffffffffc04eae90	0x0	kvm_intel
handle_apic_write	0xffffffffc04eaea0	0x0	kvm_intel
__pfx_handle_apic_eoi_induced	0xffffffffc04eaf80	0x0	kvm_intel
handle_apic_eoi_induced	0xffffffffc04eaf90	0x0	kvm_intel
__pfx_handle_io	0xffffffffc04eb060	0x0	kvm_intel
handle_io	0xffffffffc04eb070	0x0	kvm_intel
__pfx_handle_invlpg	0xffffffffc04eb1e0	0x0	kvm_intel
handle_invlpg	0xffffffffc04eb1f0	0x0	kvm_intel
__pfx_handle_invpcid	0xffffffffc04eb2d0	0x0	kvm_intel
handle_invpcid	0xffffffffc04eb2e0	0x0	kvm_intel
__pfx_handle_apic_access	0xffffffffc04eb570	0x0	kvm_intel
handle_apic_access	0xffffffffc04eb580	0x0	kvm_intel
__pfx_handle_ept_misconfig.part.0	0xffffffffc04eb6f0	0x0	kvm_intel
handle_ept_misconfig.part.0	0xffffffffc04eb700	0x0	kvm_intel
__pfx_handle_ept_misconfig	0xffffffffc04eb810	0x0	kvm_intel
handle_ept_misconfig	0xffffffffc04eb820	0x0	kvm_intel
__pfx_vmx_get_msr_imm_reg.isra.0	0xffffffffc04eb860	0x0	kvm_intel
vmx_get_msr_imm_reg.isra.0	0xffffffffc04eb870	0x0	kvm_intel
__pfx_handle_rdmsr_imm	0xffffffffc04eb910	0x0	kvm_intel
handle_rdmsr_imm	0xffffffffc04eb920	0x0	kvm_intel
__pfx_handle_wrmsr_imm	0xffffffffc04eba10	0x0	kvm_intel
handle_wrmsr_imm	0xffffffffc04eba20	0x0	kvm_intel
__pfx_vmwrite_error	0xffffffffc04ebb10	0x0	kvm_intel
vmwrite_error	0xffffffffc04ebb20	0x0	kvm_intel
__pfx_handle_dr	0xffffffffc04ebcb0	0x0	kvm_intel
handle_dr	0xffffffffc04ebcc0	0x0	kvm_intel
__pfx_vmx_clear_hlt.part.0	0xffffffffc04ec170	0x0	kvm_intel
vmx_clear_hlt.part.0	0xffffffffc04ec180	0x0	kvm_intel
__pfx_seg_setup	0xffffffffc04ec2b0	0x0	kvm_intel
seg_setup	0xffffffffc04ec2c0	0x0	kvm_intel
__pfx_vmx_set_rvi	0xffffffffc04ec640	0x0	kvm_intel
vmx_set_rvi	0xffffffffc04ec650	0x0	kvm_intel
__pfx_handle_cr	0xffffffffc04ec7d0	0x0	kvm_intel
handle_cr	0xffffffffc04ec7e0	0x0	kvm_intel
__pfx_vmx_flush_pml_buffer	0xffffffffc04ed0d0	0x0	kvm_intel
vmx_flush_pml_buffer	0xffffffffc04ed0e0	0x0	kvm_intel
__pfx_handle_notify	0xffffffffc04ed310	0x0	kvm_intel
handle_notify	0xffffffffc04ed320	0x0	kvm_intel
__pfx_handle_pml_full	0xffffffffc04ed5c0	0x0	kvm_intel
handle_pml_full	0xffffffffc04ed5d0	0x0	kvm_intel
__pfx_vmx_update_hv_timer	0xffffffffc04ed8a0	0x0	kvm_intel
vmx_update_hv_timer	0xffffffffc04ed8b0	0x0	kvm_intel
__pfx_fix_rmode_seg	0xffffffffc04edb30	0x0	kvm_intel
fix_rmode_seg	0xffffffffc04edb40	0x0	kvm_intel
__pfx_handle_ept_violation	0xffffffffc04ee0f0	0x0	kvm_intel
handle_ept_violation	0xffffffffc04ee100	0x0	kvm_intel
__pfx_vmx_recover_nmi_blocking	0xffffffffc04ee540	0x0	kvm_intel
vmx_recover_nmi_blocking	0xffffffffc04ee550	0x0	kvm_intel
__pfx_vmx_set_nmi_mask.part.0	0xffffffffc04ee920	0x0	kvm_intel
vmx_set_nmi_mask.part.0	0xffffffffc04ee930	0x0	kvm_intel
__pfx___vmx_complete_interrupts	0xffffffffc04eeb70	0x0	kvm_intel
__vmx_complete_interrupts	0xffffffffc04eeb80	0x0	kvm_intel
__pfx_handle_interrupt_window	0xffffffffc04eeeb0	0x0	kvm_intel
handle_interrupt_window	0xffffffffc04eeec0	0x0	kvm_intel
__pfx_handle_nmi_window	0xffffffffc04eefe0	0x0	kvm_intel
handle_nmi_window	0xffffffffc04eeff0	0x0	kvm_intel
__pfx_clear_atomic_switch_msr	0xffffffffc04ef170	0x0	kvm_intel
clear_atomic_switch_msr	0xffffffffc04ef180	0x0	kvm_intel
__pfx_add_atomic_switch_msr.constprop.0	0xffffffffc04ef810	0x0	kvm_intel
add_atomic_switch_msr.constprop.0	0xffffffffc04ef820	0x0	kvm_intel
__pfx_vmx_setup_uret_msrs	0xffffffffc04f0390	0x0	kvm_intel
vmx_setup_uret_msrs	0xffffffffc04f03a0	0x0	kvm_intel
__pfx_vmx_set_efer.part.0	0xffffffffc04f0790	0x0	kvm_intel
vmx_set_efer.part.0	0xffffffffc04f07a0	0x0	kvm_intel
__pfx_enter_lmode	0xffffffffc04f0910	0x0	kvm_intel
enter_lmode	0xffffffffc04f0920	0x0	kvm_intel
__pfx_vmclear_error	0xffffffffc04f0b50	0x0	kvm_intel
vmclear_error	0xffffffffc04f0b60	0x0	kvm_intel
__pfx___loaded_vmcs_clear	0xffffffffc04f0cf0	0x0	kvm_intel
__loaded_vmcs_clear	0xffffffffc04f0d00	0x0	kvm_intel
__pfx_vmptrld_error	0xffffffffc04f0eb0	0x0	kvm_intel
vmptrld_error	0xffffffffc04f0ec0	0x0	kvm_intel
__pfx_invvpid_error	0xffffffffc04f1050	0x0	kvm_intel
invvpid_error	0xffffffffc04f1060	0x0	kvm_intel
__pfx_invept_error	0xffffffffc04f1100	0x0	kvm_intel
invept_error	0xffffffffc04f1110	0x0	kvm_intel
__pfx_vmx_find_uret_msr	0xffffffffc04f11a0	0x0	kvm_intel
vmx_find_uret_msr	0xffffffffc04f11b0	0x0	kvm_intel
__pfx_vmx_emergency_disable_virtualization_cpu	0xffffffffc04f1210	0x0	kvm_intel
vmx_emergency_disable_virtualization_cpu	0xffffffffc04f1220	0x0	kvm_intel
__pfx_loaded_vmcs_clear	0xffffffffc04f13f0	0x0	kvm_intel
loaded_vmcs_clear	0xffffffffc04f1400	0x0	kvm_intel
__pfx_vmx_update_exception_bitmap	0xffffffffc04f1430	0x0	kvm_intel
vmx_update_exception_bitmap	0xffffffffc04f1440	0x0	kvm_intel
__pfx___vmx_vcpu_run_flags	0xffffffffc04f17c0	0x0	kvm_intel
__vmx_vcpu_run_flags	0xffffffffc04f17d0	0x0	kvm_intel
__pfx_vmx_find_loadstore_msr_slot	0xffffffffc04f18a0	0x0	kvm_intel
vmx_find_loadstore_msr_slot	0xffffffffc04f18b0	0x0	kvm_intel
__pfx_vmx_set_host_fs_gs	0xffffffffc04f1930	0x0	kvm_intel
vmx_set_host_fs_gs	0xffffffffc04f1940	0x0	kvm_intel
__pfx_vmx_prepare_switch_to_guest	0xffffffffc04f1e80	0x0	kvm_intel
vmx_prepare_switch_to_guest	0xffffffffc04f1e90	0x0	kvm_intel
__pfx_vmx_vcpu_load_vmcs	0xffffffffc04f2140	0x0	kvm_intel
vmx_vcpu_load_vmcs	0xffffffffc04f2150	0x0	kvm_intel
__pfx_vmx_vcpu_load	0xffffffffc04f2600	0x0	kvm_intel
vmx_vcpu_load	0xffffffffc04f2610	0x0	kvm_intel
__pfx_vmx_vcpu_put	0xffffffffc04f26e0	0x0	kvm_intel
vmx_vcpu_put	0xffffffffc04f26f0	0x0	kvm_intel
__pfx_vmx_get_rflags	0xffffffffc04f2720	0x0	kvm_intel
vmx_get_rflags	0xffffffffc04f2730	0x0	kvm_intel
__pfx_vmx_get_if_flag	0xffffffffc04f2820	0x0	kvm_intel
vmx_get_if_flag	0xffffffffc04f2830	0x0	kvm_intel
__pfx_vmx_get_interrupt_shadow	0xffffffffc04f2850	0x0	kvm_intel
vmx_get_interrupt_shadow	0xffffffffc04f2860	0x0	kvm_intel
__pfx_vmx_set_interrupt_shadow	0xffffffffc04f2900	0x0	kvm_intel
vmx_set_interrupt_shadow	0xffffffffc04f2910	0x0	kvm_intel
__pfx_skip_emulated_instruction	0xffffffffc04f2ad0	0x0	kvm_intel
skip_emulated_instruction	0xffffffffc04f2ae0	0x0	kvm_intel
__pfx_handle_task_switch	0xffffffffc04f2cf0	0x0	kvm_intel
handle_task_switch	0xffffffffc04f2d00	0x0	kvm_intel
__pfx_vmx_check_emulate_instruction	0xffffffffc04f3100	0x0	kvm_intel
vmx_check_emulate_instruction	0xffffffffc04f3110	0x0	kvm_intel
__pfx_vmx_update_emulated_instruction	0xffffffffc04f3160	0x0	kvm_intel
vmx_update_emulated_instruction	0xffffffffc04f3170	0x0	kvm_intel
__pfx_vmx_skip_emulated_instruction	0xffffffffc04f3210	0x0	kvm_intel
vmx_skip_emulated_instruction	0xffffffffc04f3220	0x0	kvm_intel
__pfx_vmx_inject_exception	0xffffffffc04f32c0	0x0	kvm_intel
vmx_inject_exception	0xffffffffc04f32d0	0x0	kvm_intel
__pfx_vmx_get_l2_tsc_offset	0xffffffffc04f35e0	0x0	kvm_intel
vmx_get_l2_tsc_offset	0xffffffffc04f35f0	0x0	kvm_intel
__pfx_vmx_get_l2_tsc_multiplier	0xffffffffc04f3620	0x0	kvm_intel
vmx_get_l2_tsc_multiplier	0xffffffffc04f3630	0x0	kvm_intel
__pfx_vmx_write_tsc_offset	0xffffffffc04f3680	0x0	kvm_intel
vmx_write_tsc_offset	0xffffffffc04f3690	0x0	kvm_intel
__pfx_vmx_write_tsc_multiplier	0xffffffffc04f3760	0x0	kvm_intel
vmx_write_tsc_multiplier	0xffffffffc04f3770	0x0	kvm_intel
__pfx_vmx_get_feature_msr	0xffffffffc04f3840	0x0	kvm_intel
vmx_get_feature_msr	0xffffffffc04f3850	0x0	kvm_intel
__pfx_vmx_get_msr	0xffffffffc04f38c0	0x0	kvm_intel
vmx_get_msr	0xffffffffc04f38d0	0x0	kvm_intel
__pfx_vmx_get_supported_debugctl	0xffffffffc04f42a0	0x0	kvm_intel
vmx_get_supported_debugctl	0xffffffffc04f42b0	0x0	kvm_intel
__pfx_vmx_is_valid_debugctl	0xffffffffc04f43d0	0x0	kvm_intel
vmx_is_valid_debugctl	0xffffffffc04f43e0	0x0	kvm_intel
__pfx_vmx_check_processor_compat	0xffffffffc04f45d0	0x0	kvm_intel
vmx_check_processor_compat	0xffffffffc04f45e0	0x0	kvm_intel
__pfx_vmx_enable_virtualization_cpu	0xffffffffc04f46e0	0x0	kvm_intel
vmx_enable_virtualization_cpu	0xffffffffc04f46f0	0x0	kvm_intel
__pfx_vmx_disable_virtualization_cpu	0xffffffffc04f4890	0x0	kvm_intel
vmx_disable_virtualization_cpu	0xffffffffc04f48a0	0x0	kvm_intel
__pfx_alloc_vmcs_cpu	0xffffffffc04f49e0	0x0	kvm_intel
alloc_vmcs_cpu	0xffffffffc04f49f0	0x0	kvm_intel
__pfx_free_vmcs	0xffffffffc04f4b70	0x0	kvm_intel
free_vmcs	0xffffffffc04f4b80	0x0	kvm_intel
__pfx_free_loaded_vmcs	0xffffffffc04f4ba0	0x0	kvm_intel
free_loaded_vmcs	0xffffffffc04f4bb0	0x0	kvm_intel
__pfx_alloc_loaded_vmcs	0xffffffffc04f4bd0	0x0	kvm_intel
alloc_loaded_vmcs	0xffffffffc04f4be0	0x0	kvm_intel
__pfx_vmx_set_efer	0xffffffffc04f4d70	0x0	kvm_intel
vmx_set_efer	0xffffffffc04f4d80	0x0	kvm_intel
__pfx_vmx_flush_tlb_all	0xffffffffc04f4df0	0x0	kvm_intel
vmx_flush_tlb_all	0xffffffffc04f4e00	0x0	kvm_intel
__pfx_vmx_flush_tlb_gva	0xffffffffc04f4f80	0x0	kvm_intel
vmx_flush_tlb_gva	0xffffffffc04f4f90	0x0	kvm_intel
__pfx_vmx_flush_tlb_guest	0xffffffffc04f50c0	0x0	kvm_intel
vmx_flush_tlb_guest	0xffffffffc04f50d0	0x0	kvm_intel
__pfx_vmx_ept_load_pdptrs	0xffffffffc04f51d0	0x0	kvm_intel
vmx_ept_load_pdptrs	0xffffffffc04f51e0	0x0	kvm_intel
__pfx_ept_save_pdptrs	0xffffffffc04f5510	0x0	kvm_intel
ept_save_pdptrs	0xffffffffc04f5520	0x0	kvm_intel
__pfx_vmx_cache_reg	0xffffffffc04f57f0	0x0	kvm_intel
vmx_cache_reg	0xffffffffc04f5800	0x0	kvm_intel
__pfx_vmx_is_valid_cr0	0xffffffffc04f5c70	0x0	kvm_intel
vmx_is_valid_cr0	0xffffffffc04f5c80	0x0	kvm_intel
__pfx_construct_eptp	0xffffffffc04f5d40	0x0	kvm_intel
construct_eptp	0xffffffffc04f5d50	0x0	kvm_intel
__pfx_vmx_flush_tlb_current	0xffffffffc04f5de0	0x0	kvm_intel
vmx_flush_tlb_current	0xffffffffc04f5df0	0x0	kvm_intel
__pfx_vmx_load_mmu_pgd	0xffffffffc04f5fe0	0x0	kvm_intel
vmx_load_mmu_pgd	0xffffffffc04f5ff0	0x0	kvm_intel
__pfx_vmx_is_valid_cr4	0xffffffffc04f62d0	0x0	kvm_intel
vmx_is_valid_cr4	0xffffffffc04f62e0	0x0	kvm_intel
__pfx_vmx_set_cr4	0xffffffffc04f6360	0x0	kvm_intel
vmx_set_cr4	0xffffffffc04f6370	0x0	kvm_intel
__pfx_vmx_get_segment	0xffffffffc04f6870	0x0	kvm_intel
vmx_get_segment	0xffffffffc04f6880	0x0	kvm_intel
__pfx_enter_rmode	0xffffffffc04f6af0	0x0	kvm_intel
enter_rmode	0xffffffffc04f6b00	0x0	kvm_intel
__pfx_rmode_segment_valid	0xffffffffc04f7110	0x0	kvm_intel
rmode_segment_valid	0xffffffffc04f7120	0x0	kvm_intel
__pfx_data_segment_valid	0xffffffffc04f71f0	0x0	kvm_intel
data_segment_valid	0xffffffffc04f7200	0x0	kvm_intel
__pfx_vmx_get_segment_base	0xffffffffc04f72a0	0x0	kvm_intel
vmx_get_segment_base	0xffffffffc04f72b0	0x0	kvm_intel
__pfx_vmx_get_cpl	0xffffffffc04f7320	0x0	kvm_intel
vmx_get_cpl	0xffffffffc04f7330	0x0	kvm_intel
__pfx_vmx_get_cpl_no_cache	0xffffffffc04f7350	0x0	kvm_intel
vmx_get_cpl_no_cache	0xffffffffc04f7360	0x0	kvm_intel
__pfx___vmx_set_segment	0xffffffffc04f7380	0x0	kvm_intel
__vmx_set_segment	0xffffffffc04f7390	0x0	kvm_intel
__pfx_enter_pmode	0xffffffffc04f78d0	0x0	kvm_intel
enter_pmode	0xffffffffc04f78e0	0x0	kvm_intel
__pfx_vmx_get_cs_db_l_bits	0xffffffffc04f7ea0	0x0	kvm_intel
vmx_get_cs_db_l_bits	0xffffffffc04f7eb0	0x0	kvm_intel
__pfx_vmx_get_idt	0xffffffffc04f7ef0	0x0	kvm_intel
vmx_get_idt	0xffffffffc04f7f00	0x0	kvm_intel
__pfx_vmx_set_idt	0xffffffffc04f8060	0x0	kvm_intel
vmx_set_idt	0xffffffffc04f8070	0x0	kvm_intel
__pfx_vmx_get_gdt	0xffffffffc04f8200	0x0	kvm_intel
vmx_get_gdt	0xffffffffc04f8210	0x0	kvm_intel
__pfx_vmx_set_gdt	0xffffffffc04f8370	0x0	kvm_intel
vmx_set_gdt	0xffffffffc04f8380	0x0	kvm_intel
__pfx___vmx_guest_state_valid	0xffffffffc04f8510	0x0	kvm_intel
__vmx_guest_state_valid	0xffffffffc04f8520	0x0	kvm_intel
__pfx_vmx_emulation_required	0xffffffffc04f8a90	0x0	kvm_intel
vmx_emulation_required	0xffffffffc04f8aa0	0x0	kvm_intel
__pfx_vmx_set_rflags	0xffffffffc04f8b20	0x0	kvm_intel
vmx_set_rflags	0xffffffffc04f8b30	0x0	kvm_intel
__pfx_vmx_set_cr0	0xffffffffc04f8d70	0x0	kvm_intel
vmx_set_cr0	0xffffffffc04f8d80	0x0	kvm_intel
__pfx_vmx_set_segment	0xffffffffc04f94f0	0x0	kvm_intel
vmx_set_segment	0xffffffffc04f9500	0x0	kvm_intel
__pfx_allocate_vpid	0xffffffffc04f9590	0x0	kvm_intel
allocate_vpid	0xffffffffc04f95a0	0x0	kvm_intel
__pfx_free_vpid	0xffffffffc04f9620	0x0	kvm_intel
free_vpid	0xffffffffc04f9630	0x0	kvm_intel
__pfx_vmx_set_intercept_for_msr	0xffffffffc04f9690	0x0	kvm_intel
vmx_set_intercept_for_msr	0xffffffffc04f96a0	0x0	kvm_intel
__pfx_vmx_update_msr_bitmap_x2apic	0xffffffffc04f9910	0x0	kvm_intel
vmx_update_msr_bitmap_x2apic	0xffffffffc04f9920	0x0	kvm_intel
__pfx_pt_update_intercept_for_msr	0xffffffffc04f9af0	0x0	kvm_intel
pt_update_intercept_for_msr	0xffffffffc04f9b00	0x0	kvm_intel
__pfx_vmx_set_msr	0xffffffffc04f9bd0	0x0	kvm_intel
vmx_set_msr	0xffffffffc04f9be0	0x0	kvm_intel
__pfx_vmx_recalc_msr_intercepts.part.0	0xffffffffc04facb0	0x0	kvm_intel
vmx_recalc_msr_intercepts.part.0	0xffffffffc04facc0	0x0	kvm_intel
__pfx_vmx_recalc_msr_intercepts	0xffffffffc04faf10	0x0	kvm_intel
vmx_recalc_msr_intercepts	0xffffffffc04faf20	0x0	kvm_intel
__pfx_vmx_deliver_interrupt	0xffffffffc04faf50	0x0	kvm_intel
vmx_deliver_interrupt	0xffffffffc04faf60	0x0	kvm_intel
__pfx_vmx_set_constant_host_state	0xffffffffc04fb160	0x0	kvm_intel
vmx_set_constant_host_state	0xffffffffc04fb170	0x0	kvm_intel
__pfx_set_cr4_guest_host_mask	0xffffffffc04fbc40	0x0	kvm_intel
set_cr4_guest_host_mask	0xffffffffc04fbc50	0x0	kvm_intel
__pfx_init_vmcs	0xffffffffc04fbd80	0x0	kvm_intel
init_vmcs	0xffffffffc04fbd90	0x0	kvm_intel
__pfx___vmx_vcpu_reset	0xffffffffc04fe600	0x0	kvm_intel
__vmx_vcpu_reset	0xffffffffc04fe610	0x0	kvm_intel
__pfx_vmx_refresh_apicv_exec_ctrl	0xffffffffc04fe790	0x0	kvm_intel
vmx_refresh_apicv_exec_ctrl	0xffffffffc04fe7a0	0x0	kvm_intel
__pfx_vmx_vcpu_precreate	0xffffffffc04fed10	0x0	kvm_intel
vmx_vcpu_precreate	0xffffffffc04fed20	0x0	kvm_intel
__pfx_vmx_vcpu_reset	0xffffffffc04fedd0	0x0	kvm_intel
vmx_vcpu_reset	0xffffffffc04fede0	0x0	kvm_intel
__pfx_vmx_enable_irq_window	0xffffffffc04ffd50	0x0	kvm_intel
vmx_enable_irq_window	0xffffffffc04ffd60	0x0	kvm_intel
__pfx_vmx_enable_nmi_window	0xffffffffc04ffe70	0x0	kvm_intel
vmx_enable_nmi_window	0xffffffffc04ffe80	0x0	kvm_intel
__pfx_vmx_inject_irq	0xffffffffc0500040	0x0	kvm_intel
vmx_inject_irq	0xffffffffc0500050	0x0	kvm_intel
__pfx_vmx_inject_nmi	0xffffffffc05002c0	0x0	kvm_intel
vmx_inject_nmi	0xffffffffc05002d0	0x0	kvm_intel
__pfx_vmx_get_nmi_mask	0xffffffffc0500410	0x0	kvm_intel
vmx_get_nmi_mask	0xffffffffc0500420	0x0	kvm_intel
__pfx_vmx_set_nmi_mask	0xffffffffc0500550	0x0	kvm_intel
vmx_set_nmi_mask	0xffffffffc0500560	0x0	kvm_intel
__pfx_vmx_nmi_blocked	0xffffffffc05005d0	0x0	kvm_intel
vmx_nmi_blocked	0xffffffffc05005e0	0x0	kvm_intel
__pfx_vmx_nmi_allowed	0xffffffffc05006d0	0x0	kvm_intel
vmx_nmi_allowed	0xffffffffc05006e0	0x0	kvm_intel
__pfx___vmx_interrupt_blocked	0xffffffffc0500750	0x0	kvm_intel
__vmx_interrupt_blocked	0xffffffffc0500760	0x0	kvm_intel
__pfx_vmx_interrupt_blocked	0xffffffffc0500810	0x0	kvm_intel
vmx_interrupt_blocked	0xffffffffc0500820	0x0	kvm_intel
__pfx_vmx_interrupt_allowed	0xffffffffc0500860	0x0	kvm_intel
vmx_interrupt_allowed	0xffffffffc0500870	0x0	kvm_intel
__pfx_vmx_set_tss_addr	0xffffffffc0500910	0x0	kvm_intel
vmx_set_tss_addr	0xffffffffc0500920	0x0	kvm_intel
__pfx_vmx_set_identity_map_addr	0xffffffffc05009b0	0x0	kvm_intel
vmx_set_identity_map_addr	0xffffffffc05009c0	0x0	kvm_intel
__pfx_vmx_guest_inject_ac	0xffffffffc05009e0	0x0	kvm_intel
vmx_guest_inject_ac	0xffffffffc05009f0	0x0	kvm_intel
__pfx_vmx_patch_hypercall	0xffffffffc0500a50	0x0	kvm_intel
vmx_patch_hypercall	0xffffffffc0500a60	0x0	kvm_intel
__pfx_vmx_sync_dirty_debug_regs	0xffffffffc0500a80	0x0	kvm_intel
vmx_sync_dirty_debug_regs	0xffffffffc0500a90	0x0	kvm_intel
__pfx_vmx_set_dr7	0xffffffffc0500c90	0x0	kvm_intel
vmx_set_dr7	0xffffffffc0500ca0	0x0	kvm_intel
__pfx_vmx_vcpu_pre_run	0xffffffffc0500d70	0x0	kvm_intel
vmx_vcpu_pre_run	0xffffffffc0500d80	0x0	kvm_intel
__pfx_vmx_get_exit_info	0xffffffffc0500dc0	0x0	kvm_intel
vmx_get_exit_info	0xffffffffc0500dd0	0x0	kvm_intel
__pfx_vmx_get_entry_info	0xffffffffc05010e0	0x0	kvm_intel
vmx_get_entry_info	0xffffffffc05010f0	0x0	kvm_intel
__pfx_dump_vmcs	0xffffffffc0501260	0x0	kvm_intel
dump_vmcs	0xffffffffc0501270	0x0	kvm_intel
__pfx_handle_exception_nmi	0xffffffffc0504f50	0x0	kvm_intel
handle_exception_nmi	0xffffffffc0504f60	0x0	kvm_intel
__pfx___vmx_handle_exit	0xffffffffc0505bc0	0x0	kvm_intel
__vmx_handle_exit	0xffffffffc0505bd0	0x0	kvm_intel
__pfx_vmx_handle_exit	0xffffffffc05062b0	0x0	kvm_intel
vmx_handle_exit	0xffffffffc05062c0	0x0	kvm_intel
__pfx_vmx_update_cr8_intercept	0xffffffffc0506310	0x0	kvm_intel
vmx_update_cr8_intercept	0xffffffffc0506320	0x0	kvm_intel
__pfx_vmx_set_virtual_apic_mode	0xffffffffc0506430	0x0	kvm_intel
vmx_set_virtual_apic_mode	0xffffffffc0506440	0x0	kvm_intel
__pfx_vmx_set_apic_access_page_addr	0xffffffffc0506670	0x0	kvm_intel
vmx_set_apic_access_page_addr	0xffffffffc0506680	0x0	kvm_intel
__pfx_vmx_hwapic_isr_update	0xffffffffc0506900	0x0	kvm_intel
vmx_hwapic_isr_update	0xffffffffc0506910	0x0	kvm_intel
__pfx_vmx_sync_pir_to_irr	0xffffffffc0506ae0	0x0	kvm_intel
vmx_sync_pir_to_irr	0xffffffffc0506af0	0x0	kvm_intel
__pfx_vmx_load_eoi_exitmap	0xffffffffc0506c30	0x0	kvm_intel
vmx_load_eoi_exitmap	0xffffffffc0506c40	0x0	kvm_intel
__pfx_vmx_handle_exit_irqoff	0xffffffffc0506f70	0x0	kvm_intel
vmx_handle_exit_irqoff	0xffffffffc0506f80	0x0	kvm_intel
__pfx_vmx_has_emulated_msr	0xffffffffc0507240	0x0	kvm_intel
vmx_has_emulated_msr	0xffffffffc0507250	0x0	kvm_intel
__pfx_vmx_cancel_injection	0xffffffffc05072e0	0x0	kvm_intel
vmx_cancel_injection	0xffffffffc05072f0	0x0	kvm_intel
__pfx_vmx_vcpu_run	0xffffffffc0507470	0x0	kvm_intel
vmx_vcpu_run	0xffffffffc0507480	0x0	kvm_intel
__pfx_vmx_vcpu_free	0xffffffffc0508660	0x0	kvm_intel
vmx_vcpu_free	0xffffffffc0508670	0x0	kvm_intel
__pfx_vmx_vcpu_create	0xffffffffc0508700	0x0	kvm_intel
vmx_vcpu_create	0xffffffffc0508710	0x0	kvm_intel
__pfx_vmx_vm_init	0xffffffffc0508b10	0x0	kvm_intel
vmx_vm_init	0xffffffffc0508b20	0x0	kvm_intel
__pfx_vmx_get_mt_mask	0xffffffffc0508c10	0x0	kvm_intel
vmx_get_mt_mask	0xffffffffc0508c20	0x0	kvm_intel
__pfx_vmx_vcpu_after_set_cpuid	0xffffffffc0508c70	0x0	kvm_intel
vmx_vcpu_after_set_cpuid	0xffffffffc0508c80	0x0	kvm_intel
__pfx_vmx_check_intercept	0xffffffffc0508f10	0x0	kvm_intel
vmx_check_intercept	0xffffffffc0508f20	0x0	kvm_intel
__pfx_vmx_set_hv_timer	0xffffffffc0509110	0x0	kvm_intel
vmx_set_hv_timer	0xffffffffc0509120	0x0	kvm_intel
__pfx_vmx_cancel_hv_timer	0xffffffffc0509290	0x0	kvm_intel
vmx_cancel_hv_timer	0xffffffffc05092a0	0x0	kvm_intel
__pfx_vmx_update_cpu_dirty_logging	0xffffffffc05092c0	0x0	kvm_intel
vmx_update_cpu_dirty_logging	0xffffffffc05092d0	0x0	kvm_intel
__pfx_vmx_setup_mce	0xffffffffc0509470	0x0	kvm_intel
vmx_setup_mce	0xffffffffc0509480	0x0	kvm_intel
__pfx_vmx_smi_allowed	0xffffffffc05094c0	0x0	kvm_intel
vmx_smi_allowed	0xffffffffc05094d0	0x0	kvm_intel
__pfx_vmx_enter_smm	0xffffffffc0509520	0x0	kvm_intel
vmx_enter_smm	0xffffffffc0509530	0x0	kvm_intel
__pfx_vmx_leave_smm	0xffffffffc05095b0	0x0	kvm_intel
vmx_leave_smm	0xffffffffc05095c0	0x0	kvm_intel
__pfx_vmx_enable_smi_window	0xffffffffc0509640	0x0	kvm_intel
vmx_enable_smi_window	0xffffffffc0509650	0x0	kvm_intel
__pfx_vmx_apic_init_signal_blocked	0xffffffffc0509660	0x0	kvm_intel
vmx_apic_init_signal_blocked	0xffffffffc0509670	0x0	kvm_intel
__pfx_vmx_migrate_timers	0xffffffffc05096b0	0x0	kvm_intel
vmx_migrate_timers	0xffffffffc05096c0	0x0	kvm_intel
__pfx_vmx_hardware_unsetup	0xffffffffc0509720	0x0	kvm_intel
vmx_hardware_unsetup	0xffffffffc0509730	0x0	kvm_intel
__pfx_vmx_vm_destroy	0xffffffffc0509780	0x0	kvm_intel
vmx_vm_destroy	0xffffffffc0509790	0x0	kvm_intel
__pfx_vmx_get_untagged_addr	0xffffffffc05097d0	0x0	kvm_intel
vmx_get_untagged_addr	0xffffffffc05097e0	0x0	kvm_intel
__pfx_vmx_exit	0xffffffffc0509920	0x0	kvm_intel
vmx_exit	0xffffffffc0509930	0x0	kvm_intel
__pfx_vmx_do_interrupt_irqoff	0xffffffffc0509980	0x0	kvm_intel
vmx_do_interrupt_irqoff	0xffffffffc0509990	0x0	kvm_intel
__pfx_intel_pmu_is_valid_lbr_msr	0xffffffffc05099b0	0x0	kvm_intel
intel_pmu_is_valid_lbr_msr	0xffffffffc05099c0	0x0	kvm_intel
__pfx_intel_is_valid_msr	0xffffffffc0509a50	0x0	kvm_intel
intel_is_valid_msr	0xffffffffc0509a60	0x0	kvm_intel
__pfx_intel_msr_idx_to_pmc	0xffffffffc0509d30	0x0	kvm_intel
intel_msr_idx_to_pmc	0xffffffffc0509d40	0x0	kvm_intel
__pfx_intel_rdpmc_ecx_to_pmc	0xffffffffc0509ea0	0x0	kvm_intel
intel_rdpmc_ecx_to_pmc	0xffffffffc0509eb0	0x0	kvm_intel
__pfx_vmx_update_intercept_for_lbr_msrs	0xffffffffc0509f50	0x0	kvm_intel
vmx_update_intercept_for_lbr_msrs	0xffffffffc0509f60	0x0	kvm_intel
__pfx_intel_pmu_init	0xffffffffc050a040	0x0	kvm_intel
intel_pmu_init	0xffffffffc050a050	0x0	kvm_intel
__pfx_intel_pmu_deliver_pmi	0xffffffffc050a2b0	0x0	kvm_intel
intel_pmu_deliver_pmi	0xffffffffc050a2c0	0x0	kvm_intel
__pfx_intel_pmu_reset	0xffffffffc050a400	0x0	kvm_intel
intel_pmu_reset	0xffffffffc050a410	0x0	kvm_intel
__pfx_intel_pmu_refresh	0xffffffffc050a470	0x0	kvm_intel
intel_pmu_refresh	0xffffffffc050a480	0x0	kvm_intel
__pfx_intel_pmu_cleanup	0xffffffffc050a980	0x0	kvm_intel
intel_pmu_cleanup	0xffffffffc050a990	0x0	kvm_intel
__pfx_intel_pmu_lbr_is_enabled	0xffffffffc050aa70	0x0	kvm_intel
intel_pmu_lbr_is_enabled	0xffffffffc050aa80	0x0	kvm_intel
__pfx_intel_pmu_create_guest_lbr_event	0xffffffffc050aab0	0x0	kvm_intel
intel_pmu_create_guest_lbr_event	0xffffffffc050aac0	0x0	kvm_intel
__pfx_intel_pmu_handle_lbr_msrs_access	0xffffffffc050ac10	0x0	kvm_intel
intel_pmu_handle_lbr_msrs_access	0xffffffffc050ac20	0x0	kvm_intel
__pfx_intel_pmu_set_msr	0xffffffffc050ad30	0x0	kvm_intel
intel_pmu_set_msr	0xffffffffc050ad40	0x0	kvm_intel
__pfx_intel_pmu_get_msr	0xffffffffc050b250	0x0	kvm_intel
intel_pmu_get_msr	0xffffffffc050b260	0x0	kvm_intel
__pfx_vmx_passthrough_lbr_msrs	0xffffffffc050b670	0x0	kvm_intel
vmx_passthrough_lbr_msrs	0xffffffffc050b680	0x0	kvm_intel
__pfx_intel_pmu_cross_mapped_check	0xffffffffc050b820	0x0	kvm_intel
intel_pmu_cross_mapped_check	0xffffffffc050b830	0x0	kvm_intel
__pfx_nested_ept_get_eptp	0xffffffffc050b9d0	0x0	kvm_intel
nested_ept_get_eptp	0xffffffffc050b9e0	0x0	kvm_intel
__pfx_is_vmcs12_ext_field	0xffffffffc050b9f0	0x0	kvm_intel
is_vmcs12_ext_field	0xffffffffc050ba00	0x0	kvm_intel
__pfx_is_shadow_field_rw	0xffffffffc050ba90	0x0	kvm_intel
is_shadow_field_rw	0xffffffffc050baa0	0x0	kvm_intel
__pfx_copy_enlightened_to_vmcs12	0xffffffffc050bba0	0x0	kvm_intel
copy_enlightened_to_vmcs12	0xffffffffc050bbb0	0x0	kvm_intel
__pfx_nested_vmx_is_exception_vmexit	0xffffffffc050c240	0x0	kvm_intel
nested_vmx_is_exception_vmexit	0xffffffffc050c250	0x0	kvm_intel
__pfx_trace_kvm_nested_vmenter_failed	0xffffffffc050c2c0	0x0	kvm_intel
trace_kvm_nested_vmenter_failed	0xffffffffc050c2d0	0x0	kvm_intel
__pfx_nested_ept_new_eptp	0xffffffffc050c320	0x0	kvm_intel
nested_ept_new_eptp	0xffffffffc050c330	0x0	kvm_intel
__pfx___invvpid	0xffffffffc050c380	0x0	kvm_intel
__invvpid	0xffffffffc050c390	0x0	kvm_intel
__pfx_nested_release_evmcs	0xffffffffc050c3f0	0x0	kvm_intel
nested_release_evmcs	0xffffffffc050c400	0x0	kvm_intel
__pfx_vmcs12_guest_cr0	0xffffffffc050c470	0x0	kvm_intel
vmcs12_guest_cr0	0xffffffffc050c480	0x0	kvm_intel
__pfx_vmcs12_guest_cr4	0xffffffffc050c620	0x0	kvm_intel
vmcs12_guest_cr4	0xffffffffc050c630	0x0	kvm_intel
__pfx_sync_vmcs02_to_vmcs12_rare	0xffffffffc050c7e0	0x0	kvm_intel
sync_vmcs02_to_vmcs12_rare	0xffffffffc050c7f0	0x0	kvm_intel
__pfx_nested_vmx_check_permission	0xffffffffc050de80	0x0	kvm_intel
nested_vmx_check_permission	0xffffffffc050de90	0x0	kvm_intel
__pfx_vmx_switch_vmcs	0xffffffffc050df00	0x0	kvm_intel
vmx_switch_vmcs	0xffffffffc050df10	0x0	kvm_intel
__pfx_prepare_vmcs02_constant_state	0xffffffffc050dfd0	0x0	kvm_intel
prepare_vmcs02_constant_state	0xffffffffc050dfe0	0x0	kvm_intel
__pfx_prepare_vmcs02_early_rare	0xffffffffc050eab0	0x0	kvm_intel
prepare_vmcs02_early_rare	0xffffffffc050eac0	0x0	kvm_intel
__pfx_nested_vmx_write_pml_buffer	0xffffffffc050ecc0	0x0	kvm_intel
nested_vmx_write_pml_buffer	0xffffffffc050ecd0	0x0	kvm_intel
__pfx_nested_vmx_check_msr_switch	0xffffffffc050edc0	0x0	kvm_intel
nested_vmx_check_msr_switch	0xffffffffc050edd0	0x0	kvm_intel
__pfx_copy_vmcs02_to_vmcs12_rare	0xffffffffc050ee30	0x0	kvm_intel
copy_vmcs02_to_vmcs12_rare	0xffffffffc050ee40	0x0	kvm_intel
__pfx_nested_vmx_l0_wants_exit.isra.0	0xffffffffc050eed0	0x0	kvm_intel
nested_vmx_l0_wants_exit.isra.0	0xffffffffc050eee0	0x0	kvm_intel
__pfx_nested_vmx_exit_handled_msr.isra.0	0xffffffffc050f1f0	0x0	kvm_intel
nested_vmx_exit_handled_msr.isra.0	0xffffffffc050f200	0x0	kvm_intel
__pfx_copy_vmcs12_to_enlightened.isra.0	0xffffffffc050f3c0	0x0	kvm_intel
copy_vmcs12_to_enlightened.isra.0	0xffffffffc050f3d0	0x0	kvm_intel
__pfx_nested_vmx_abort	0xffffffffc050f790	0x0	kvm_intel
nested_vmx_abort	0xffffffffc050f7a0	0x0	kvm_intel
__pfx_nested_vmx_transition_tlb_flush	0xffffffffc050f800	0x0	kvm_intel
nested_vmx_transition_tlb_flush	0xffffffffc050f810	0x0	kvm_intel
__pfx_vmx_preemption_timer_fn	0xffffffffc050f930	0x0	kvm_intel
vmx_preemption_timer_fn	0xffffffffc050f940	0x0	kvm_intel
__pfx_vmx_disable_shadow_vmcs	0xffffffffc050f970	0x0	kvm_intel
vmx_disable_shadow_vmcs	0xffffffffc050f980	0x0	kvm_intel
__pfx_kvm_pdptr_read	0xffffffffc050fb90	0x0	kvm_intel
kvm_pdptr_read	0xffffffffc050fba0	0x0	kvm_intel
__pfx_set_current_vmptr	0xffffffffc050fc00	0x0	kvm_intel
set_current_vmptr	0xffffffffc050fc10	0x0	kvm_intel
__pfx_init_vmcs_shadow_fields	0xffffffffc050fe30	0x0	kvm_intel
init_vmcs_shadow_fields	0xffffffffc050fe40	0x0	kvm_intel
__pfx_vmx_has_nested_events	0xffffffffc05102a0	0x0	kvm_intel
vmx_has_nested_events	0xffffffffc05102b0	0x0	kvm_intel
__pfx_nested_vmx_update_pending_dbg	0xffffffffc0510480	0x0	kvm_intel
nested_vmx_update_pending_dbg	0xffffffffc0510490	0x0	kvm_intel
__pfx_prepare_vmcs02_early	0xffffffffc0510580	0x0	kvm_intel
prepare_vmcs02_early	0xffffffffc0510590	0x0	kvm_intel
__pfx_nested_vmx_prepare_msr_bitmap	0xffffffffc0511290	0x0	kvm_intel
nested_vmx_prepare_msr_bitmap	0xffffffffc05112a0	0x0	kvm_intel
__pfx_nested_vmx_exit_handled_vmcs_access	0xffffffffc0511770	0x0	kvm_intel
nested_vmx_exit_handled_vmcs_access	0xffffffffc0511780	0x0	kvm_intel
__pfx_free_nested	0xffffffffc0511950	0x0	kvm_intel
free_nested	0xffffffffc0511960	0x0	kvm_intel
__pfx_handle_vmxoff	0xffffffffc0511bb0	0x0	kvm_intel
handle_vmxoff	0xffffffffc0511bc0	0x0	kvm_intel
__pfx_nested_vmx_exit_handled_cr	0xffffffffc0511c40	0x0	kvm_intel
nested_vmx_exit_handled_cr	0xffffffffc0511c50	0x0	kvm_intel
__pfx_enter_vmx_operation	0xffffffffc0511f50	0x0	kvm_intel
enter_vmx_operation	0xffffffffc0511f60	0x0	kvm_intel
__pfx_nested_vmx_handle_enlightened_vmptrld	0xffffffffc0512160	0x0	kvm_intel
nested_vmx_handle_enlightened_vmptrld	0xffffffffc0512170	0x0	kvm_intel
__pfx_nested_vmx_fail	0xffffffffc0512390	0x0	kvm_intel
nested_vmx_fail	0xffffffffc05123a0	0x0	kvm_intel
__pfx_copy_shadow_to_vmcs12	0xffffffffc0512440	0x0	kvm_intel
copy_shadow_to_vmcs12	0xffffffffc0512450	0x0	kvm_intel
__pfx_sync_vmcs02_to_vmcs12	0xffffffffc05127c0	0x0	kvm_intel
sync_vmcs02_to_vmcs12	0xffffffffc05127d0	0x0	kvm_intel
__pfx_vmx_get_nested_state	0xffffffffc0513130	0x0	kvm_intel
vmx_get_nested_state	0xffffffffc0513140	0x0	kvm_intel
__pfx_nested_vmx_check_vmentry_hw	0xffffffffc05134d0	0x0	kvm_intel
nested_vmx_check_vmentry_hw	0xffffffffc05134e0	0x0	kvm_intel
__pfx_nested_vmx_check_eptp	0xffffffffc0513ca0	0x0	kvm_intel
nested_vmx_check_eptp	0xffffffffc0513cb0	0x0	kvm_intel
__pfx_nested_get_vmcs12_pages	0xffffffffc0513eb0	0x0	kvm_intel
nested_get_vmcs12_pages	0xffffffffc0513ec0	0x0	kvm_intel
__pfx_vmx_get_nested_state_pages	0xffffffffc0514760	0x0	kvm_intel
vmx_get_nested_state_pages	0xffffffffc0514770	0x0	kvm_intel
__pfx_nested_vmx_load_cr3	0xffffffffc0514860	0x0	kvm_intel
nested_vmx_load_cr3	0xffffffffc0514870	0x0	kvm_intel
__pfx_nested_vmx_check_apicv_controls	0xffffffffc05149c0	0x0	kvm_intel
nested_vmx_check_apicv_controls	0xffffffffc05149d0	0x0	kvm_intel
__pfx_read_and_check_msr_entry	0xffffffffc0514c10	0x0	kvm_intel
read_and_check_msr_entry	0xffffffffc0514c20	0x0	kvm_intel
__pfx_nested_vmx_store_msr	0xffffffffc0514e50	0x0	kvm_intel
nested_vmx_store_msr	0xffffffffc0514e60	0x0	kvm_intel
__pfx_prepare_vmcs12	0xffffffffc0515070	0x0	kvm_intel
prepare_vmcs12	0xffffffffc0515080	0x0	kvm_intel
__pfx_prepare_vmcs02_rare	0xffffffffc0515300	0x0	kvm_intel
prepare_vmcs02_rare	0xffffffffc0515310	0x0	kvm_intel
__pfx_nested_vmx_load_msr_check	0xffffffffc0517e70	0x0	kvm_intel
nested_vmx_load_msr_check	0xffffffffc0517e80	0x0	kvm_intel
__pfx_nested_vmx_load_msr	0xffffffffc05180a0	0x0	kvm_intel
nested_vmx_load_msr	0xffffffffc05180b0	0x0	kvm_intel
__pfx_load_vmcs12_host_state	0xffffffffc0518280	0x0	kvm_intel
load_vmcs12_host_state	0xffffffffc0518290	0x0	kvm_intel
__pfx_nested_vmx_restore_host_state	0xffffffffc0518ed0	0x0	kvm_intel
nested_vmx_restore_host_state	0xffffffffc0518ee0	0x0	kvm_intel
__pfx_nested_vmx_check_guest_state	0xffffffffc0519940	0x0	kvm_intel
nested_vmx_check_guest_state	0xffffffffc0519950	0x0	kvm_intel
__pfx_nested_check_vm_entry_controls	0xffffffffc051a180	0x0	kvm_intel
nested_check_vm_entry_controls	0xffffffffc051a190	0x0	kvm_intel
__pfx_nested_check_vm_execution_controls	0xffffffffc051a660	0x0	kvm_intel
nested_check_vm_execution_controls	0xffffffffc051a670	0x0	kvm_intel
__pfx_nested_vmx_check_controls	0xffffffffc051ae20	0x0	kvm_intel
nested_vmx_check_controls	0xffffffffc051ae30	0x0	kvm_intel
__pfx_prepare_vmcs02.constprop.0	0xffffffffc051afe0	0x0	kvm_intel
prepare_vmcs02.constprop.0	0xffffffffc051aff0	0x0	kvm_intel
__pfx_nested_vmx_check_host_state	0xffffffffc051bfe0	0x0	kvm_intel
nested_vmx_check_host_state	0xffffffffc051bff0	0x0	kvm_intel
__pfx_vmx_set_vmx_msr	0xffffffffc051caf0	0x0	kvm_intel
vmx_set_vmx_msr	0xffffffffc051cb00	0x0	kvm_intel
__pfx_vmx_get_vmx_msr	0xffffffffc051ce70	0x0	kvm_intel
vmx_get_vmx_msr	0xffffffffc051ce80	0x0	kvm_intel
__pfx_nested_sync_vmcs12_to_shadow	0xffffffffc051d030	0x0	kvm_intel
nested_sync_vmcs12_to_shadow	0xffffffffc051d040	0x0	kvm_intel
__pfx_nested_vmx_enter_non_root_mode	0xffffffffc051d400	0x0	kvm_intel
nested_vmx_enter_non_root_mode	0xffffffffc051d410	0x0	kvm_intel
__pfx_nested_vmx_run	0xffffffffc051db50	0x0	kvm_intel
nested_vmx_run	0xffffffffc051db60	0x0	kvm_intel
__pfx_handle_vmresume	0xffffffffc051e000	0x0	kvm_intel
handle_vmresume	0xffffffffc051e010	0x0	kvm_intel
__pfx_handle_vmlaunch	0xffffffffc051e030	0x0	kvm_intel
handle_vmlaunch	0xffffffffc051e040	0x0	kvm_intel
__pfx_nested_mark_vmcs12_pages_dirty	0xffffffffc051e060	0x0	kvm_intel
nested_mark_vmcs12_pages_dirty	0xffffffffc051e070	0x0	kvm_intel
__pfx_vmx_complete_nested_posted_interrupt	0xffffffffc051e0e0	0x0	kvm_intel
vmx_complete_nested_posted_interrupt	0xffffffffc051e0f0	0x0	kvm_intel
__pfx___nested_vmx_vmexit	0xffffffffc051e330	0x0	kvm_intel
__nested_vmx_vmexit	0xffffffffc051e340	0x0	kvm_intel
__pfx_nested_vmx_vmexit	0xffffffffc051ed10	0x0	kvm_intel
nested_vmx_vmexit	0xffffffffc051ed20	0x0	kvm_intel
__pfx_vmx_leave_nested	0xffffffffc051ee10	0x0	kvm_intel
vmx_leave_nested	0xffffffffc051ee20	0x0	kvm_intel
__pfx_nested_vmx_free_vcpu	0xffffffffc051ee70	0x0	kvm_intel
nested_vmx_free_vcpu	0xffffffffc051ee80	0x0	kvm_intel
__pfx_nested_vmx_triple_fault	0xffffffffc051eee0	0x0	kvm_intel
nested_vmx_triple_fault	0xffffffffc051eef0	0x0	kvm_intel
__pfx_vmx_set_nested_state	0xffffffffc051efb0	0x0	kvm_intel
vmx_set_nested_state	0xffffffffc051efc0	0x0	kvm_intel
__pfx_nested_vmx_inject_exception_vmexit	0xffffffffc051f400	0x0	kvm_intel
nested_vmx_inject_exception_vmexit	0xffffffffc051f410	0x0	kvm_intel
__pfx_nested_ept_inject_page_fault	0xffffffffc051f5f0	0x0	kvm_intel
nested_ept_inject_page_fault	0xffffffffc051f600	0x0	kvm_intel
__pfx_handle_vmfunc	0xffffffffc051fa00	0x0	kvm_intel
handle_vmfunc	0xffffffffc051fa10	0x0	kvm_intel
__pfx_vmx_check_nested_events	0xffffffffc051fe00	0x0	kvm_intel
vmx_check_nested_events	0xffffffffc051fe10	0x0	kvm_intel
__pfx_get_vmx_mem_address	0xffffffffc05205d0	0x0	kvm_intel
get_vmx_mem_address	0xffffffffc05205e0	0x0	kvm_intel
__pfx_handle_invvpid	0xffffffffc0520970	0x0	kvm_intel
handle_invvpid	0xffffffffc0520980	0x0	kvm_intel
__pfx_handle_invept	0xffffffffc0520ec0	0x0	kvm_intel
handle_invept	0xffffffffc0520ed0	0x0	kvm_intel
__pfx_nested_vmx_get_vmptr	0xffffffffc0521350	0x0	kvm_intel
nested_vmx_get_vmptr	0xffffffffc0521360	0x0	kvm_intel
__pfx_handle_vmxon	0xffffffffc05215c0	0x0	kvm_intel
handle_vmxon	0xffffffffc05215d0	0x0	kvm_intel
__pfx_handle_vmptrld	0xffffffffc0521810	0x0	kvm_intel
handle_vmptrld	0xffffffffc0521820	0x0	kvm_intel
__pfx_handle_vmclear	0xffffffffc0521a80	0x0	kvm_intel
handle_vmclear	0xffffffffc0521a90	0x0	kvm_intel
__pfx_handle_vmwrite	0xffffffffc0521d10	0x0	kvm_intel
handle_vmwrite	0xffffffffc0521d20	0x0	kvm_intel
__pfx_handle_vmread	0xffffffffc05225d0	0x0	kvm_intel
handle_vmread	0xffffffffc05225e0	0x0	kvm_intel
__pfx_handle_vmptrst	0xffffffffc0522bc0	0x0	kvm_intel
handle_vmptrst	0xffffffffc0522bd0	0x0	kvm_intel
__pfx_nested_vmx_check_io_bitmaps	0xffffffffc0522e40	0x0	kvm_intel
nested_vmx_check_io_bitmaps	0xffffffffc0522e50	0x0	kvm_intel
__pfx_nested_vmx_l1_wants_exit.isra.0	0xffffffffc0522f30	0x0	kvm_intel
nested_vmx_l1_wants_exit.isra.0	0xffffffffc0522f40	0x0	kvm_intel
__pfx_nested_vmx_reflect_vmexit	0xffffffffc05235e0	0x0	kvm_intel
nested_vmx_reflect_vmexit	0xffffffffc05235f0	0x0	kvm_intel
__pfx_nested_vmx_set_vmcs_shadowing_bitmap	0xffffffffc0523b20	0x0	kvm_intel
nested_vmx_set_vmcs_shadowing_bitmap	0xffffffffc0523b30	0x0	kvm_intel
__pfx_nested_vmx_setup_ctls_msrs	0xffffffffc0523d10	0x0	kvm_intel
nested_vmx_setup_ctls_msrs	0xffffffffc0523d20	0x0	kvm_intel
__pfx_nested_vmx_hardware_unsetup	0xffffffffc0524000	0x0	kvm_intel
nested_vmx_hardware_unsetup	0xffffffffc0524010	0x0	kvm_intel
__pfx_vmx_vcpu_pi_load	0xffffffffc0524060	0x0	kvm_intel
vmx_vcpu_pi_load	0xffffffffc0524070	0x0	kvm_intel
__pfx_vmx_vcpu_pi_put	0xffffffffc0524270	0x0	kvm_intel
vmx_vcpu_pi_put	0xffffffffc0524280	0x0	kvm_intel
__pfx_pi_wakeup_handler	0xffffffffc0524520	0x0	kvm_intel
pi_wakeup_handler	0xffffffffc0524530	0x0	kvm_intel
__pfx_pi_apicv_pre_state_restore	0xffffffffc0524600	0x0	kvm_intel
pi_apicv_pre_state_restore	0xffffffffc0524610	0x0	kvm_intel
__pfx_pi_has_pending_interrupt	0xffffffffc0524660	0x0	kvm_intel
pi_has_pending_interrupt	0xffffffffc0524670	0x0	kvm_intel
__pfx_vmx_pi_start_bypass	0xffffffffc05246c0	0x0	kvm_intel
vmx_pi_start_bypass	0xffffffffc05246d0	0x0	kvm_intel
__pfx_vmx_pi_update_irte	0xffffffffc0524730	0x0	kvm_intel
vmx_pi_update_irte	0xffffffffc0524740	0x0	kvm_intel
__pfx_cpu_has_vmx_wbinvd_exit	0xffffffffc05247d0	0x0	kvm_intel
cpu_has_vmx_wbinvd_exit	0xffffffffc05247e0	0x0	kvm_intel
__pfx_vt_gmem_private_max_mapping_level	0xffffffffc0524800	0x0	kvm_intel
vt_gmem_private_max_mapping_level	0xffffffffc0524810	0x0	kvm_intel
__pfx_vt_complete_emulated_msr	0xffffffffc0524840	0x0	kvm_intel
vt_complete_emulated_msr	0xffffffffc0524850	0x0	kvm_intel
__pfx_vt_recalc_msr_intercepts	0xffffffffc0524880	0x0	kvm_intel
vt_recalc_msr_intercepts	0xffffffffc0524890	0x0	kvm_intel
__pfx_vt_apic_init_signal_blocked	0xffffffffc05248c0	0x0	kvm_intel
vt_apic_init_signal_blocked	0xffffffffc05248d0	0x0	kvm_intel
__pfx_vt_check_emulate_instruction	0xffffffffc0524900	0x0	kvm_intel
vt_check_emulate_instruction	0xffffffffc0524910	0x0	kvm_intel
__pfx_vt_vcpu_mem_enc_ioctl	0xffffffffc0524940	0x0	kvm_intel
vt_vcpu_mem_enc_ioctl	0xffffffffc0524950	0x0	kvm_intel
__pfx_vt_mem_enc_ioctl	0xffffffffc0524980	0x0	kvm_intel
vt_mem_enc_ioctl	0xffffffffc0524990	0x0	kvm_intel
__pfx_vt_setup_mce	0xffffffffc05249c0	0x0	kvm_intel
vt_setup_mce	0xffffffffc05249d0	0x0	kvm_intel
__pfx_vt_cancel_hv_timer	0xffffffffc0524a00	0x0	kvm_intel
vt_cancel_hv_timer	0xffffffffc0524a10	0x0	kvm_intel
__pfx_vt_set_hv_timer	0xffffffffc0524a40	0x0	kvm_intel
vt_set_hv_timer	0xffffffffc0524a50	0x0	kvm_intel
__pfx_vt_update_cpu_dirty_logging	0xffffffffc0524a80	0x0	kvm_intel
vt_update_cpu_dirty_logging	0xffffffffc0524a90	0x0	kvm_intel
__pfx_vt_get_entry_info	0xffffffffc0524ac0	0x0	kvm_intel
vt_get_entry_info	0xffffffffc0524ad0	0x0	kvm_intel
__pfx_vt_get_exit_info	0xffffffffc0524b10	0x0	kvm_intel
vt_get_exit_info	0xffffffffc0524b20	0x0	kvm_intel
__pfx_vt_write_tsc_multiplier	0xffffffffc0524b50	0x0	kvm_intel
vt_write_tsc_multiplier	0xffffffffc0524b60	0x0	kvm_intel
__pfx_vt_write_tsc_offset	0xffffffffc0524b90	0x0	kvm_intel
vt_write_tsc_offset	0xffffffffc0524ba0	0x0	kvm_intel
__pfx_vt_get_l2_tsc_multiplier	0xffffffffc0524bd0	0x0	kvm_intel
vt_get_l2_tsc_multiplier	0xffffffffc0524be0	0x0	kvm_intel
__pfx_vt_get_l2_tsc_offset	0xffffffffc0524c10	0x0	kvm_intel
vt_get_l2_tsc_offset	0xffffffffc0524c20	0x0	kvm_intel
__pfx_vt_load_mmu_pgd	0xffffffffc0524c50	0x0	kvm_intel
vt_load_mmu_pgd	0xffffffffc0524c60	0x0	kvm_intel
__pfx_vt_set_identity_map_addr	0xffffffffc0524c90	0x0	kvm_intel
vt_set_identity_map_addr	0xffffffffc0524ca0	0x0	kvm_intel
__pfx_vt_set_tss_addr	0xffffffffc0524cd0	0x0	kvm_intel
vt_set_tss_addr	0xffffffffc0524ce0	0x0	kvm_intel
__pfx_vt_sync_pir_to_irr	0xffffffffc0524d10	0x0	kvm_intel
vt_sync_pir_to_irr	0xffffffffc0524d20	0x0	kvm_intel
__pfx_vt_deliver_interrupt	0xffffffffc0524d50	0x0	kvm_intel
vt_deliver_interrupt	0xffffffffc0524d60	0x0	kvm_intel
__pfx_vt_set_apic_access_page_addr	0xffffffffc0524da0	0x0	kvm_intel
vt_set_apic_access_page_addr	0xffffffffc0524db0	0x0	kvm_intel
__pfx_vt_set_virtual_apic_mode	0xffffffffc0524de0	0x0	kvm_intel
vt_set_virtual_apic_mode	0xffffffffc0524df0	0x0	kvm_intel
__pfx_vt_load_eoi_exitmap	0xffffffffc0524e20	0x0	kvm_intel
vt_load_eoi_exitmap	0xffffffffc0524e30	0x0	kvm_intel
__pfx_vt_hwapic_isr_update	0xffffffffc0524e60	0x0	kvm_intel
vt_hwapic_isr_update	0xffffffffc0524e70	0x0	kvm_intel
__pfx_vt_update_cr8_intercept	0xffffffffc0524ea0	0x0	kvm_intel
vt_update_cr8_intercept	0xffffffffc0524eb0	0x0	kvm_intel
__pfx_vt_enable_irq_window	0xffffffffc0524ee0	0x0	kvm_intel
vt_enable_irq_window	0xffffffffc0524ef0	0x0	kvm_intel
__pfx_vt_enable_nmi_window	0xffffffffc0524f20	0x0	kvm_intel
vt_enable_nmi_window	0xffffffffc0524f30	0x0	kvm_intel
__pfx_vt_set_nmi_mask	0xffffffffc0524f60	0x0	kvm_intel
vt_set_nmi_mask	0xffffffffc0524f70	0x0	kvm_intel
__pfx_vt_get_nmi_mask	0xffffffffc0524fa0	0x0	kvm_intel
vt_get_nmi_mask	0xffffffffc0524fb0	0x0	kvm_intel
__pfx_vt_nmi_allowed	0xffffffffc0524fe0	0x0	kvm_intel
vt_nmi_allowed	0xffffffffc0524ff0	0x0	kvm_intel
__pfx_vt_interrupt_allowed	0xffffffffc0525020	0x0	kvm_intel
vt_interrupt_allowed	0xffffffffc0525030	0x0	kvm_intel
__pfx_vt_cancel_injection	0xffffffffc0525070	0x0	kvm_intel
vt_cancel_injection	0xffffffffc0525080	0x0	kvm_intel
__pfx_vt_inject_exception	0xffffffffc05250b0	0x0	kvm_intel
vt_inject_exception	0xffffffffc05250c0	0x0	kvm_intel
__pfx_vt_inject_nmi	0xffffffffc05250f0	0x0	kvm_intel
vt_inject_nmi	0xffffffffc0525100	0x0	kvm_intel
__pfx_vt_inject_irq	0xffffffffc0525130	0x0	kvm_intel
vt_inject_irq	0xffffffffc0525140	0x0	kvm_intel
__pfx_vt_patch_hypercall	0xffffffffc0525170	0x0	kvm_intel
vt_patch_hypercall	0xffffffffc0525180	0x0	kvm_intel
__pfx_vt_get_interrupt_shadow	0xffffffffc05251b0	0x0	kvm_intel
vt_get_interrupt_shadow	0xffffffffc05251c0	0x0	kvm_intel
__pfx_vt_set_interrupt_shadow	0xffffffffc05251f0	0x0	kvm_intel
vt_set_interrupt_shadow	0xffffffffc0525200	0x0	kvm_intel
__pfx_vt_handle_exit	0xffffffffc0525230	0x0	kvm_intel
vt_handle_exit	0xffffffffc0525240	0x0	kvm_intel
__pfx_vt_vcpu_run	0xffffffffc0525270	0x0	kvm_intel
vt_vcpu_run	0xffffffffc0525280	0x0	kvm_intel
__pfx_vt_vcpu_pre_run	0xffffffffc05252b0	0x0	kvm_intel
vt_vcpu_pre_run	0xffffffffc05252c0	0x0	kvm_intel
__pfx_vt_flush_tlb_guest	0xffffffffc05252f0	0x0	kvm_intel
vt_flush_tlb_guest	0xffffffffc0525300	0x0	kvm_intel
__pfx_vt_flush_tlb_gva	0xffffffffc0525330	0x0	kvm_intel
vt_flush_tlb_gva	0xffffffffc0525340	0x0	kvm_intel
__pfx_vt_flush_tlb_current	0xffffffffc0525370	0x0	kvm_intel
vt_flush_tlb_current	0xffffffffc0525380	0x0	kvm_intel
__pfx_vt_flush_tlb_all	0xffffffffc05253b0	0x0	kvm_intel
vt_flush_tlb_all	0xffffffffc05253c0	0x0	kvm_intel
__pfx_vt_get_if_flag	0xffffffffc05253f0	0x0	kvm_intel
vt_get_if_flag	0xffffffffc0525400	0x0	kvm_intel
__pfx_vt_set_rflags	0xffffffffc0525430	0x0	kvm_intel
vt_set_rflags	0xffffffffc0525440	0x0	kvm_intel
__pfx_vt_get_rflags	0xffffffffc0525470	0x0	kvm_intel
vt_get_rflags	0xffffffffc0525480	0x0	kvm_intel
__pfx_vt_cache_reg	0xffffffffc05254b0	0x0	kvm_intel
vt_cache_reg	0xffffffffc05254c0	0x0	kvm_intel
__pfx_vt_set_dr7	0xffffffffc05254f0	0x0	kvm_intel
vt_set_dr7	0xffffffffc0525500	0x0	kvm_intel
__pfx_vt_sync_dirty_debug_regs	0xffffffffc0525530	0x0	kvm_intel
vt_sync_dirty_debug_regs	0xffffffffc0525540	0x0	kvm_intel
__pfx_vt_set_gdt	0xffffffffc0525570	0x0	kvm_intel
vt_set_gdt	0xffffffffc0525580	0x0	kvm_intel
__pfx_vt_get_gdt	0xffffffffc05255b0	0x0	kvm_intel
vt_get_gdt	0xffffffffc05255c0	0x0	kvm_intel
__pfx_vt_set_idt	0xffffffffc0525600	0x0	kvm_intel
vt_set_idt	0xffffffffc0525610	0x0	kvm_intel
__pfx_vt_get_idt	0xffffffffc0525640	0x0	kvm_intel
vt_get_idt	0xffffffffc0525650	0x0	kvm_intel
__pfx_vt_set_efer	0xffffffffc0525690	0x0	kvm_intel
vt_set_efer	0xffffffffc05256a0	0x0	kvm_intel
__pfx_vt_set_cr4	0xffffffffc05256d0	0x0	kvm_intel
vt_set_cr4	0xffffffffc05256e0	0x0	kvm_intel
__pfx_vt_is_valid_cr4	0xffffffffc0525710	0x0	kvm_intel
vt_is_valid_cr4	0xffffffffc0525720	0x0	kvm_intel
__pfx_vt_set_cr0	0xffffffffc0525750	0x0	kvm_intel
vt_set_cr0	0xffffffffc0525760	0x0	kvm_intel
__pfx_vt_is_valid_cr0	0xffffffffc0525790	0x0	kvm_intel
vt_is_valid_cr0	0xffffffffc05257a0	0x0	kvm_intel
__pfx_vt_get_cs_db_l_bits	0xffffffffc05257d0	0x0	kvm_intel
vt_get_cs_db_l_bits	0xffffffffc05257e0	0x0	kvm_intel
__pfx_vt_set_segment	0xffffffffc0525820	0x0	kvm_intel
vt_set_segment	0xffffffffc0525830	0x0	kvm_intel
__pfx_vt_get_cpl_no_cache	0xffffffffc0525860	0x0	kvm_intel
vt_get_cpl_no_cache	0xffffffffc0525870	0x0	kvm_intel
__pfx_vt_get_cpl	0xffffffffc05258a0	0x0	kvm_intel
vt_get_cpl	0xffffffffc05258b0	0x0	kvm_intel
__pfx_vt_get_segment	0xffffffffc05258e0	0x0	kvm_intel
vt_get_segment	0xffffffffc05258f0	0x0	kvm_intel
__pfx_vt_get_segment_base	0xffffffffc0525930	0x0	kvm_intel
vt_get_segment_base	0xffffffffc0525940	0x0	kvm_intel
__pfx_vt_set_msr	0xffffffffc0525970	0x0	kvm_intel
vt_set_msr	0xffffffffc0525980	0x0	kvm_intel
__pfx_vt_get_msr	0xffffffffc05259b0	0x0	kvm_intel
vt_get_msr	0xffffffffc05259c0	0x0	kvm_intel
__pfx_vt_update_exception_bitmap	0xffffffffc05259f0	0x0	kvm_intel
vt_update_exception_bitmap	0xffffffffc0525a00	0x0	kvm_intel
__pfx_vt_vcpu_put	0xffffffffc0525a30	0x0	kvm_intel
vt_vcpu_put	0xffffffffc0525a40	0x0	kvm_intel
__pfx_vt_vcpu_load	0xffffffffc0525a70	0x0	kvm_intel
vt_vcpu_load	0xffffffffc0525a80	0x0	kvm_intel
__pfx_vt_prepare_switch_to_guest	0xffffffffc0525ab0	0x0	kvm_intel
vt_prepare_switch_to_guest	0xffffffffc0525ac0	0x0	kvm_intel
__pfx_vt_vcpu_reset	0xffffffffc0525af0	0x0	kvm_intel
vt_vcpu_reset	0xffffffffc0525b00	0x0	kvm_intel
__pfx_vt_vcpu_free	0xffffffffc0525b30	0x0	kvm_intel
vt_vcpu_free	0xffffffffc0525b40	0x0	kvm_intel
__pfx_vt_vcpu_create	0xffffffffc0525b70	0x0	kvm_intel
vt_vcpu_create	0xffffffffc0525b80	0x0	kvm_intel
__pfx_vt_vcpu_precreate	0xffffffffc0525bb0	0x0	kvm_intel
vt_vcpu_precreate	0xffffffffc0525bc0	0x0	kvm_intel
__pfx_vt_vm_pre_destroy	0xffffffffc0525bf0	0x0	kvm_intel
vt_vm_pre_destroy	0xffffffffc0525c00	0x0	kvm_intel
__pfx_vt_vm_destroy	0xffffffffc0525c30	0x0	kvm_intel
vt_vm_destroy	0xffffffffc0525c40	0x0	kvm_intel
__pfx_vt_vm_init	0xffffffffc0525c70	0x0	kvm_intel
vt_vm_init	0xffffffffc0525c80	0x0	kvm_intel
__pfx_vt_vcpu_after_set_cpuid	0xffffffffc0525cb0	0x0	kvm_intel
vt_vcpu_after_set_cpuid	0xffffffffc0525cc0	0x0	kvm_intel
__pfx_vt_has_emulated_msr	0xffffffffc0525cf0	0x0	kvm_intel
vt_has_emulated_msr	0xffffffffc0525d00	0x0	kvm_intel
__pfx_vt_enable_smi_window	0xffffffffc0525d30	0x0	kvm_intel
vt_enable_smi_window	0xffffffffc0525d40	0x0	kvm_intel
__pfx_vt_leave_smm	0xffffffffc0525db0	0x0	kvm_intel
vt_leave_smm	0xffffffffc0525dc0	0x0	kvm_intel
__pfx_vt_enter_smm	0xffffffffc0525e30	0x0	kvm_intel
vt_enter_smm	0xffffffffc0525e40	0x0	kvm_intel
__pfx_vt_smi_allowed	0xffffffffc0525eb0	0x0	kvm_intel
vt_smi_allowed	0xffffffffc0525ec0	0x0	kvm_intel
__pfx_vt_disable_virtualization_cpu	0xffffffffc0525f30	0x0	kvm_intel
vt_disable_virtualization_cpu	0xffffffffc0525f40	0x0	kvm_intel
__pfx_vt_refresh_apicv_exec_ctrl	0xffffffffc0525f90	0x0	kvm_intel
vt_refresh_apicv_exec_ctrl	0xffffffffc0525fa0	0x0	kvm_intel
__pfx_sgx_gva_to_gpa	0xffffffffc0526030	0x0	kvm_intel
sgx_gva_to_gpa	0xffffffffc0526040	0x0	kvm_intel
__pfx_sgx_inject_fault	0xffffffffc05260e0	0x0	kvm_intel
sgx_inject_fault	0xffffffffc05260f0	0x0	kvm_intel
__pfx___handle_encls_ecreate	0xffffffffc05261c0	0x0	kvm_intel
__handle_encls_ecreate	0xffffffffc05261d0	0x0	kvm_intel
__pfx_sgx_gpa_to_hva	0xffffffffc05263e0	0x0	kvm_intel
sgx_gpa_to_hva	0xffffffffc05263f0	0x0	kvm_intel
__pfx_sgx_get_encls_gva	0xffffffffc0526490	0x0	kvm_intel
sgx_get_encls_gva	0xffffffffc05264a0	0x0	kvm_intel
__pfx_handle_encls_einit	0xffffffffc05266a0	0x0	kvm_intel
handle_encls_einit	0xffffffffc05266b0	0x0	kvm_intel
__pfx_handle_encls_ecreate	0xffffffffc0526950	0x0	kvm_intel
handle_encls_ecreate	0xffffffffc0526960	0x0	kvm_intel
__pfx_handle_encls	0xffffffffc0526de0	0x0	kvm_intel
handle_encls	0xffffffffc0526df0	0x0	kvm_intel
__pfx_setup_default_sgx_lepubkeyhash	0xffffffffc0526f10	0x0	kvm_intel
setup_default_sgx_lepubkeyhash	0xffffffffc0526f20	0x0	kvm_intel
__pfx_vcpu_setup_sgx_lepubkeyhash	0xffffffffc0527060	0x0	kvm_intel
vcpu_setup_sgx_lepubkeyhash	0xffffffffc0527070	0x0	kvm_intel
__pfx_vmx_write_encls_bitmap	0xffffffffc05270c0	0x0	kvm_intel
vmx_write_encls_bitmap	0xffffffffc05270d0	0x0	kvm_intel
__pfx_nested_get_evmptr	0xffffffffc0527350	0x0	kvm_intel
nested_get_evmptr	0xffffffffc0527360	0x0	kvm_intel
__pfx_nested_get_evmcs_version	0xffffffffc05273b0	0x0	kvm_intel
nested_get_evmcs_version	0xffffffffc05273c0	0x0	kvm_intel
__pfx_nested_evmcs_filter_control_msr	0xffffffffc0527410	0x0	kvm_intel
nested_evmcs_filter_control_msr	0xffffffffc0527420	0x0	kvm_intel
__pfx_nested_evmcs_check_controls	0xffffffffc0527580	0x0	kvm_intel
nested_evmcs_check_controls	0xffffffffc0527590	0x0	kvm_intel
__pfx_nested_enable_evmcs	0xffffffffc0527780	0x0	kvm_intel
nested_enable_evmcs	0xffffffffc0527790	0x0	kvm_intel
__pfx_nested_evmcs_l2_tlb_flush_enabled	0xffffffffc05277d0	0x0	kvm_intel
nested_evmcs_l2_tlb_flush_enabled	0xffffffffc05277e0	0x0	kvm_intel
__pfx_vmx_hv_inject_synthetic_vmexit_post_tlb_flush	0xffffffffc0527830	0x0	kvm_intel
vmx_hv_inject_synthetic_vmexit_post_tlb_flush	0xffffffffc0527840	0x0	kvm_intel
__pfx_td_init_cpuid_entry2	0xffffffffc0527900	0x0	kvm_intel
td_init_cpuid_entry2	0xffffffffc0527910	0x0	kvm_intel
__pfx_tdx_clear_page	0xffffffffc0527b10	0x0	kvm_intel
tdx_clear_page	0xffffffffc0527b20	0x0	kvm_intel
__pfx_complete_hypercall_exit	0xffffffffc0527bb0	0x0	kvm_intel
complete_hypercall_exit	0xffffffffc0527bc0	0x0	kvm_intel
__pfx___tdx_map_gpa	0xffffffffc0527bf0	0x0	kvm_intel
__tdx_map_gpa	0xffffffffc0527c00	0x0	kvm_intel
__pfx_tdx_complete_pio_out	0xffffffffc0527cc0	0x0	kvm_intel
tdx_complete_pio_out	0xffffffffc0527cd0	0x0	kvm_intel
__pfx_tdx_complete_get_td_vm_call_info	0xffffffffc0527cf0	0x0	kvm_intel
tdx_complete_get_td_vm_call_info	0xffffffffc0527d00	0x0	kvm_intel
__pfx_tdx_complete_simple	0xffffffffc0527d50	0x0	kvm_intel
tdx_complete_simple	0xffffffffc0527d60	0x0	kvm_intel
__pfx_handle_tdvmcall	0xffffffffc0527d90	0x0	kvm_intel
handle_tdvmcall	0xffffffffc0527da0	0x0	kvm_intel
__pfx_tdx_complete_pio_in	0xffffffffc0528150	0x0	kvm_intel
tdx_complete_pio_in	0xffffffffc0528160	0x0	kvm_intel
__pfx_tdx_flush_vp	0xffffffffc05281f0	0x0	kvm_intel
tdx_flush_vp	0xffffffffc0528200	0x0	kvm_intel
__pfx_smp_func_do_phymem_cache_wb	0xffffffffc05282a0	0x0	kvm_intel
smp_func_do_phymem_cache_wb	0xffffffffc05282b0	0x0	kvm_intel
__pfx_tdx_offline_cpu	0xffffffffc0528340	0x0	kvm_intel
tdx_offline_cpu	0xffffffffc0528350	0x0	kvm_intel
__pfx___tdx_reclaim_page	0xffffffffc0528480	0x0	kvm_intel
__tdx_reclaim_page	0xffffffffc0528490	0x0	kvm_intel
__pfx_kvm_machine_check	0xffffffffc0528540	0x0	kvm_intel
kvm_machine_check	0xffffffffc0528550	0x0	kvm_intel
__pfx_tdx_complete_vmcall_map_gpa	0xffffffffc05285b0	0x0	kvm_intel
tdx_complete_vmcall_map_gpa	0xffffffffc05285c0	0x0	kvm_intel
__pfx_tdx_read_cpuid	0xffffffffc0528660	0x0	kvm_intel
tdx_read_cpuid	0xffffffffc0528670	0x0	kvm_intel
__pfx_tdx_online_cpu	0xffffffffc05287f0	0x0	kvm_intel
tdx_online_cpu	0xffffffffc0528800	0x0	kvm_intel
__pfx_tdx_flush_vp_on_cpu	0xffffffffc0528830	0x0	kvm_intel
tdx_flush_vp_on_cpu	0xffffffffc0528840	0x0	kvm_intel
__pfx_tdx_sept_free_private_spt	0xffffffffc0528920	0x0	kvm_intel
tdx_sept_free_private_spt	0xffffffffc0528930	0x0	kvm_intel
__pfx_tdx_do_tdh_mng_key_config	0xffffffffc0528a00	0x0	kvm_intel
tdx_do_tdh_mng_key_config	0xffffffffc0528a10	0x0	kvm_intel
__pfx_tdx_sept_link_private_spt	0xffffffffc0528ab0	0x0	kvm_intel
tdx_sept_link_private_spt	0xffffffffc0528ac0	0x0	kvm_intel
__pfx_tdx_vcpu_get_cpuid_leaf	0xffffffffc0528c20	0x0	kvm_intel
tdx_vcpu_get_cpuid_leaf	0xffffffffc0528c30	0x0	kvm_intel
__pfx_setup_tdparams	0xffffffffc0528cc0	0x0	kvm_intel
setup_tdparams	0xffffffffc0528cd0	0x0	kvm_intel
__pfx_tdx_vcpu_get_cpuid.isra.0	0xffffffffc0529050	0x0	kvm_intel
tdx_vcpu_get_cpuid.isra.0	0xffffffffc0529060	0x0	kvm_intel
__pfx_tdx_vcpu_init_mem_region	0xffffffffc0529280	0x0	kvm_intel
tdx_vcpu_init_mem_region	0xffffffffc0529290	0x0	kvm_intel
__pfx_tdx_handle_ept_violation	0xffffffffc05294d0	0x0	kvm_intel
tdx_handle_ept_violation	0xffffffffc05294e0	0x0	kvm_intel
__pfx_tdx_reclaim_td_control_pages.part.0	0xffffffffc05298d0	0x0	kvm_intel
tdx_reclaim_td_control_pages.part.0	0xffffffffc05298e0	0x0	kvm_intel
__pfx_tdx_get_capabilities	0xffffffffc0529a20	0x0	kvm_intel
tdx_get_capabilities	0xffffffffc0529a30	0x0	kvm_intel
__pfx_tdx_complete_mmio_read	0xffffffffc0529c00	0x0	kvm_intel
tdx_complete_mmio_read	0xffffffffc0529c10	0x0	kvm_intel
__pfx_tdx_td_vcpu_init	0xffffffffc0529ce0	0x0	kvm_intel
tdx_td_vcpu_init	0xffffffffc0529cf0	0x0	kvm_intel
__pfx_tdx_emulate_mmio	0xffffffffc052a0d0	0x0	kvm_intel
tdx_emulate_mmio	0xffffffffc052a0e0	0x0	kvm_intel
__pfx_tdx_gmem_post_populate	0xffffffffc052a400	0x0	kvm_intel
tdx_gmem_post_populate	0xffffffffc052a410	0x0	kvm_intel
__pfx_tdx_sept_drop_private_spte	0xffffffffc052a640	0x0	kvm_intel
tdx_sept_drop_private_spte	0xffffffffc052a650	0x0	kvm_intel
__pfx_tdx_sept_zap_private_spte	0xffffffffc052a950	0x0	kvm_intel
tdx_sept_zap_private_spte	0xffffffffc052a960	0x0	kvm_intel
__pfx_tdx_sept_remove_private_spte	0xffffffffc052ac30	0x0	kvm_intel
tdx_sept_remove_private_spte	0xffffffffc052ac40	0x0	kvm_intel
__pfx_tdx_sept_set_private_spte	0xffffffffc052adf0	0x0	kvm_intel
tdx_sept_set_private_spte	0xffffffffc052ae00	0x0	kvm_intel
__pfx_tdh_vp_rd_failed	0xffffffffc052b130	0x0	kvm_intel
tdh_vp_rd_failed	0xffffffffc052b140	0x0	kvm_intel
__pfx_tdx_protected_apic_has_interrupt	0xffffffffc052b1c0	0x0	kvm_intel
tdx_protected_apic_has_interrupt	0xffffffffc052b1d0	0x0	kvm_intel
__pfx_tdh_vp_wr_failed	0xffffffffc052b280	0x0	kvm_intel
tdh_vp_wr_failed	0xffffffffc052b290	0x0	kvm_intel
__pfx_tdx_vcpu_init	0xffffffffc052b320	0x0	kvm_intel
tdx_vcpu_init	0xffffffffc052b330	0x0	kvm_intel
__pfx_tdx_disable_virtualization_cpu	0xffffffffc052b4e0	0x0	kvm_intel
tdx_disable_virtualization_cpu	0xffffffffc052b4f0	0x0	kvm_intel
__pfx_tdx_mmu_release_hkid	0xffffffffc052b610	0x0	kvm_intel
tdx_mmu_release_hkid	0xffffffffc052b620	0x0	kvm_intel
__pfx___tdx_td_init	0xffffffffc052b9f0	0x0	kvm_intel
__tdx_td_init	0xffffffffc052ba00	0x0	kvm_intel
__pfx_tdx_td_init	0xffffffffc052c1c0	0x0	kvm_intel
tdx_td_init	0xffffffffc052c1d0	0x0	kvm_intel
__pfx_tdx_vm_destroy	0xffffffffc052c4c0	0x0	kvm_intel
tdx_vm_destroy	0xffffffffc052c4d0	0x0	kvm_intel
__pfx_tdx_vm_init	0xffffffffc052c500	0x0	kvm_intel
tdx_vm_init	0xffffffffc052c510	0x0	kvm_intel
__pfx_tdx_vcpu_create	0xffffffffc052c580	0x0	kvm_intel
tdx_vcpu_create	0xffffffffc052c590	0x0	kvm_intel
__pfx_tdx_vcpu_load	0xffffffffc052c6b0	0x0	kvm_intel
tdx_vcpu_load	0xffffffffc052c6c0	0x0	kvm_intel
__pfx_tdx_interrupt_allowed	0xffffffffc052c7a0	0x0	kvm_intel
tdx_interrupt_allowed	0xffffffffc052c7b0	0x0	kvm_intel
__pfx_tdx_prepare_switch_to_guest	0xffffffffc052c7e0	0x0	kvm_intel
tdx_prepare_switch_to_guest	0xffffffffc052c7f0	0x0	kvm_intel
__pfx_tdx_vcpu_put	0xffffffffc052c8e0	0x0	kvm_intel
tdx_vcpu_put	0xffffffffc052c8f0	0x0	kvm_intel
__pfx_tdx_vcpu_free	0xffffffffc052c970	0x0	kvm_intel
tdx_vcpu_free	0xffffffffc052c980	0x0	kvm_intel
__pfx_tdx_vcpu_pre_run	0xffffffffc052ca70	0x0	kvm_intel
tdx_vcpu_pre_run	0xffffffffc052ca80	0x0	kvm_intel
__pfx_tdx_vcpu_run	0xffffffffc052cac0	0x0	kvm_intel
tdx_vcpu_run	0xffffffffc052cad0	0x0	kvm_intel
__pfx_tdx_inject_nmi	0xffffffffc052cd80	0x0	kvm_intel
tdx_inject_nmi	0xffffffffc052cd90	0x0	kvm_intel
__pfx_tdx_load_mmu_pgd	0xffffffffc052ce10	0x0	kvm_intel
tdx_load_mmu_pgd	0xffffffffc052ce20	0x0	kvm_intel
__pfx_tdx_deliver_interrupt	0xffffffffc052cee0	0x0	kvm_intel
tdx_deliver_interrupt	0xffffffffc052cef0	0x0	kvm_intel
__pfx_tdx_complete_emulated_msr	0xffffffffc052d000	0x0	kvm_intel
tdx_complete_emulated_msr	0xffffffffc052d010	0x0	kvm_intel
__pfx_tdx_handle_exit	0xffffffffc052d080	0x0	kvm_intel
tdx_handle_exit	0xffffffffc052d090	0x0	kvm_intel
__pfx_tdx_get_exit_info	0xffffffffc052d6f0	0x0	kvm_intel
tdx_get_exit_info	0xffffffffc052d700	0x0	kvm_intel
__pfx_tdx_has_emulated_msr	0xffffffffc052d920	0x0	kvm_intel
tdx_has_emulated_msr	0xffffffffc052d930	0x0	kvm_intel
__pfx_tdx_get_msr	0xffffffffc052da90	0x0	kvm_intel
tdx_get_msr	0xffffffffc052daa0	0x0	kvm_intel
__pfx_tdx_set_msr	0xffffffffc052db60	0x0	kvm_intel
tdx_set_msr	0xffffffffc052db70	0x0	kvm_intel
__pfx_tdx_flush_tlb_current	0xffffffffc052dc20	0x0	kvm_intel
tdx_flush_tlb_current	0xffffffffc052dc30	0x0	kvm_intel
__pfx_tdx_flush_tlb_all	0xffffffffc052dca0	0x0	kvm_intel
tdx_flush_tlb_all	0xffffffffc052dcb0	0x0	kvm_intel
__pfx_tdx_vm_ioctl	0xffffffffc052dd20	0x0	kvm_intel
tdx_vm_ioctl	0xffffffffc052dd30	0x0	kvm_intel
__pfx_tdx_vcpu_reset	0xffffffffc052df60	0x0	kvm_intel
tdx_vcpu_reset	0xffffffffc052df70	0x0	kvm_intel
__pfx_tdx_vcpu_ioctl	0xffffffffc052df90	0x0	kvm_intel
tdx_vcpu_ioctl	0xffffffffc052dfa0	0x0	kvm_intel
__pfx_tdx_gmem_private_max_mapping_level	0xffffffffc052e070	0x0	kvm_intel
tdx_gmem_private_max_mapping_level	0xffffffffc052e080	0x0	kvm_intel
__pfx_tdx_cleanup	0xffffffffc052e0a0	0x0	kvm_intel
tdx_cleanup	0xffffffffc052e0b0	0x0	kvm_intel
__pfx_evmcs_sanitize_exec_ctrls	0xffffffffc052e120	0x0	kvm_intel
evmcs_sanitize_exec_ctrls	0xffffffffc052e130	0x0	kvm_intel
update_intel_pt_cfg.cold	0xffffffffc052e532	0x0	kvm_intel
vmx_setup_l1d_flush.cold	0xffffffffc052e551	0x0	kvm_intel
vmentry_l1d_flush_set.cold	0xffffffffc052e566	0x0	kvm_intel
vmx_set_guest_uret_msr.cold	0xffffffffc052e57b	0x0	kvm_intel
handle_external_interrupt_irqoff.cold	0xffffffffc052e590	0x0	kvm_intel
vmx_unhandleable_emulation_required.cold	0xffffffffc052e5ba	0x0	kvm_intel
vmx_segment_cache_test_set.cold	0xffffffffc052e63e	0x0	kvm_intel
vmx_pin_based_exec_ctrl.cold	0xffffffffc052e65c	0x0	kvm_intel
vmx_secondary_exec_control.cold	0xffffffffc052e6aa	0x0	kvm_intel
vmx_prepare_switch_to_host.cold	0xffffffffc052e80e	0x0	kvm_intel
setup_vmcs_config.cold	0xffffffffc052e823	0x0	kvm_intel
vmread_error.cold	0xffffffffc052e929	0x0	kvm_intel
vmx_read_guest_seg_base.cold	0xffffffffc052e93e	0x0	kvm_intel
vmx_read_guest_seg_selector.cold	0xffffffffc052e953	0x0	kvm_intel
vmx_read_guest_seg_ar.cold	0xffffffffc052e968	0x0	kvm_intel
__vmx_get_cpl.cold	0xffffffffc052e97d	0x0	kvm_intel
vmx_dump_dtsel.cold	0xffffffffc052e997	0x0	kvm_intel
vmx_dump_sel.cold	0xffffffffc052e9c0	0x0	kvm_intel
handle_apic_write.cold	0xffffffffc052ea23	0x0	kvm_intel
handle_apic_eoi_induced.cold	0xffffffffc052ea38	0x0	kvm_intel
handle_io.cold	0xffffffffc052ea4d	0x0	kvm_intel
handle_invlpg.cold	0xffffffffc052ea62	0x0	kvm_intel
handle_invpcid.cold	0xffffffffc052ea77	0x0	kvm_intel
handle_apic_access.cold	0xffffffffc052eab6	0x0	kvm_intel
handle_ept_misconfig.part.0.cold	0xffffffffc052eae0	0x0	kvm_intel
vmx_get_msr_imm_reg.isra.0.cold	0xffffffffc052eaf5	0x0	kvm_intel
handle_rdmsr_imm.cold	0xffffffffc052eb09	0x0	kvm_intel
handle_wrmsr_imm.cold	0xffffffffc052eb24	0x0	kvm_intel
vmwrite_error.cold	0xffffffffc052eb3f	0x0	kvm_intel
handle_dr.cold	0xffffffffc052eb7b	0x0	kvm_intel
vmx_clear_hlt.part.0.cold	0xffffffffc052ebe4	0x0	kvm_intel
seg_setup.cold	0xffffffffc052ec0c	0x0	kvm_intel
vmx_set_rvi.cold	0xffffffffc052ec60	0x0	kvm_intel
handle_cr.cold	0xffffffffc052ec89	0x0	kvm_intel
vmx_flush_pml_buffer.cold	0xffffffffc052ed63	0x0	kvm_intel
handle_notify.cold	0xffffffffc052ed8b	0x0	kvm_intel
handle_pml_full.cold	0xffffffffc052ee26	0x0	kvm_intel
vmx_update_hv_timer.cold	0xffffffffc052ee80	0x0	kvm_intel
fix_rmode_seg.cold	0xffffffffc052eef6	0x0	kvm_intel
handle_ept_violation.cold	0xffffffffc052f033	0x0	kvm_intel
vmx_recover_nmi_blocking.cold	0xffffffffc052f0bb	0x0	kvm_intel
vmx_set_nmi_mask.part.0.cold	0xffffffffc052f140	0x0	kvm_intel
__vmx_complete_interrupts.cold	0xffffffffc052f21c	0x0	kvm_intel
handle_interrupt_window.cold	0xffffffffc052f276	0x0	kvm_intel
handle_nmi_window.cold	0xffffffffc052f28b	0x0	kvm_intel
clear_atomic_switch_msr.cold	0xffffffffc052f2ca	0x0	kvm_intel
add_atomic_switch_msr.constprop.0.cold	0xffffffffc052f346	0x0	kvm_intel
vmx_setup_uret_msrs.cold	0xffffffffc052f43e	0x0	kvm_intel
vmx_set_efer.part.0.cold	0xffffffffc052f468	0x0	kvm_intel
enter_lmode.cold	0xffffffffc052f492	0x0	kvm_intel
vmclear_error.cold	0xffffffffc052f4bc	0x0	kvm_intel
__loaded_vmcs_clear.cold	0xffffffffc052f4f8	0x0	kvm_intel
vmptrld_error.cold	0xffffffffc052f50d	0x0	kvm_intel
invvpid_error.cold	0xffffffffc052f549	0x0	kvm_intel
invept_error.cold	0xffffffffc052f55e	0x0	kvm_intel
vmx_update_exception_bitmap.cold	0xffffffffc052f573	0x0	kvm_intel
__vmx_vcpu_run_flags.cold	0xffffffffc052f619	0x0	kvm_intel
vmx_set_host_fs_gs.cold	0xffffffffc052f67d	0x0	kvm_intel
vmx_prepare_switch_to_guest.cold	0xffffffffc052f753	0x0	kvm_intel
vmx_vcpu_load_vmcs.cold	0xffffffffc052f7a4	0x0	kvm_intel
vmx_vcpu_load.cold	0xffffffffc052f7f8	0x0	kvm_intel
vmx_get_rflags.cold	0xffffffffc052f80d	0x0	kvm_intel
vmx_get_interrupt_shadow.cold	0xffffffffc052f822	0x0	kvm_intel
vmx_set_interrupt_shadow.cold	0xffffffffc052f836	0x0	kvm_intel
skip_emulated_instruction.cold	0xffffffffc052f85f	0x0	kvm_intel
handle_task_switch.cold	0xffffffffc052f89e	0x0	kvm_intel
vmx_update_emulated_instruction.cold	0xffffffffc052f8e3	0x0	kvm_intel
vmx_skip_emulated_instruction.cold	0xffffffffc052f90d	0x0	kvm_intel
vmx_inject_exception.cold	0xffffffffc052f937	0x0	kvm_intel
vmx_write_tsc_offset.cold	0xffffffffc052f9a0	0x0	kvm_intel
vmx_write_tsc_multiplier.cold	0xffffffffc052f9b4	0x0	kvm_intel
vmx_get_feature_msr.cold	0xffffffffc052f9c8	0x0	kvm_intel
vmx_get_msr.cold	0xffffffffc052f9e5	0x0	kvm_intel
vmx_is_valid_debugctl.cold	0xffffffffc052fb4a	0x0	kvm_intel
vmx_check_processor_compat.cold	0xffffffffc052fb5e	0x0	kvm_intel
vmx_enable_virtualization_cpu.cold	0xffffffffc052fb73	0x0	kvm_intel
vmx_flush_tlb_all.cold	0xffffffffc052fb87	0x0	kvm_intel
vmx_ept_load_pdptrs.cold	0xffffffffc052fbb1	0x0	kvm_intel
ept_save_pdptrs.cold	0xffffffffc052fc04	0x0	kvm_intel
vmx_cache_reg.cold	0xffffffffc052fc58	0x0	kvm_intel
vmx_is_valid_cr0.cold	0xffffffffc052fceb	0x0	kvm_intel
construct_eptp.cold	0xffffffffc052fd00	0x0	kvm_intel
vmx_flush_tlb_current.cold	0xffffffffc052fd1d	0x0	kvm_intel
vmx_load_mmu_pgd.cold	0xffffffffc052fd32	0x0	kvm_intel
vmx_is_valid_cr4.cold	0xffffffffc052fd8b	0x0	kvm_intel
vmx_set_cr4.cold	0xffffffffc052fda0	0x0	kvm_intel
vmx_get_segment.cold	0xffffffffc052fe47	0x0	kvm_intel
enter_rmode.cold	0xffffffffc052fe62	0x0	kvm_intel
__vmx_set_segment.cold	0xffffffffc052ff1f	0x0	kvm_intel
enter_pmode.cold	0xffffffffc052ffae	0x0	kvm_intel
vmx_get_idt.cold	0xffffffffc05300c1	0x0	kvm_intel
vmx_set_idt.cold	0xffffffffc05300eb	0x0	kvm_intel
vmx_get_gdt.cold	0xffffffffc0530114	0x0	kvm_intel
vmx_set_gdt.cold	0xffffffffc053013e	0x0	kvm_intel
vmx_emulation_required.cold	0xffffffffc0530167	0x0	kvm_intel
vmx_set_rflags.cold	0xffffffffc0530191	0x0	kvm_intel
vmx_set_cr0.cold	0xffffffffc05301cf	0x0	kvm_intel
vmx_set_segment.cold	0xffffffffc05302be	0x0	kvm_intel
allocate_vpid.cold	0xffffffffc05302e8	0x0	kvm_intel
free_vpid.cold	0xffffffffc05302fc	0x0	kvm_intel
vmx_update_msr_bitmap_x2apic.cold	0xffffffffc0530311	0x0	kvm_intel
vmx_set_msr.cold	0xffffffffc0530350	0x0	kvm_intel
vmx_recalc_msr_intercepts.part.0.cold	0xffffffffc0530551	0x0	kvm_intel
vmx_deliver_interrupt.cold	0xffffffffc0530566	0x0	kvm_intel
vmx_set_constant_host_state.cold	0xffffffffc0530581	0x0	kvm_intel
set_cr4_guest_host_mask.cold	0xffffffffc053069b	0x0	kvm_intel
init_vmcs.cold	0xffffffffc05306cb	0x0	kvm_intel
__vmx_vcpu_reset.cold	0xffffffffc0530b61	0x0	kvm_intel
vmx_refresh_apicv_exec_ctrl.cold	0xffffffffc0530b76	0x0	kvm_intel
vmx_vcpu_precreate.cold	0xffffffffc0530c1e	0x0	kvm_intel
vmx_vcpu_reset.cold	0xffffffffc0530c33	0x0	kvm_intel
vmx_enable_irq_window.cold	0xffffffffc0530dc2	0x0	kvm_intel
vmx_enable_nmi_window.cold	0xffffffffc0530dd7	0x0	kvm_intel
vmx_inject_irq.cold	0xffffffffc0530e16	0x0	kvm_intel
vmx_inject_nmi.cold	0xffffffffc0530e8b	0x0	kvm_intel
vmx_get_nmi_mask.cold	0xffffffffc0530eb5	0x0	kvm_intel
vmx_set_nmi_mask.cold	0xffffffffc0530f00	0x0	kvm_intel
vmx_nmi_blocked.cold	0xffffffffc0530f15	0x0	kvm_intel
vmx_nmi_allowed.cold	0xffffffffc0530f3e	0x0	kvm_intel
__vmx_interrupt_blocked.cold	0xffffffffc0530f53	0x0	kvm_intel
vmx_interrupt_allowed.cold	0xffffffffc0530f67	0x0	kvm_intel
vmx_set_tss_addr.cold	0xffffffffc0530f7c	0x0	kvm_intel
vmx_sync_dirty_debug_regs.cold	0xffffffffc0530f90	0x0	kvm_intel
vmx_set_dr7.cold	0xffffffffc0530fba	0x0	kvm_intel
vmx_get_exit_info.cold	0xffffffffc0530fce	0x0	kvm_intel
vmx_get_entry_info.cold	0xffffffffc0531014	0x0	kvm_intel
dump_vmcs.cold	0xffffffffc053103e	0x0	kvm_intel
handle_exception_nmi.cold	0xffffffffc05317fd	0x0	kvm_intel
__vmx_handle_exit.cold	0xffffffffc053195b	0x0	kvm_intel
vmx_update_cr8_intercept.cold	0xffffffffc0531a18	0x0	kvm_intel
vmx_set_virtual_apic_mode.cold	0xffffffffc0531a2c	0x0	kvm_intel
vmx_set_apic_access_page_addr.cold	0xffffffffc0531a80	0x0	kvm_intel
vmx_hwapic_isr_update.cold	0xffffffffc0531a95	0x0	kvm_intel
vmx_sync_pir_to_irr.cold	0xffffffffc0531ad2	0x0	kvm_intel
vmx_load_eoi_exitmap.cold	0xffffffffc0531b11	0x0	kvm_intel
vmx_handle_exit_irqoff.cold	0xffffffffc0531b79	0x0	kvm_intel
vmx_has_emulated_msr.cold	0xffffffffc0531bb8	0x0	kvm_intel
vmx_cancel_injection.cold	0xffffffffc0531c09	0x0	kvm_intel
vmx_vcpu_run.cold	0xffffffffc0531c32	0x0	kvm_intel
vmx_vcpu_free.cold	0xffffffffc0531d58	0x0	kvm_intel
vmx_vcpu_create.cold	0xffffffffc0531d6d	0x0	kvm_intel
vmx_vm_init.cold	0xffffffffc0531de5	0x0	kvm_intel
vmx_vcpu_after_set_cpuid.cold	0xffffffffc0531e39	0x0	kvm_intel
vmx_set_hv_timer.cold	0xffffffffc0531e4e	0x0	kvm_intel
vmx_update_cpu_dirty_logging.cold	0xffffffffc0531f0e	0x0	kvm_intel
vmx_smi_allowed.cold	0xffffffffc0531f4d	0x0	kvm_intel
vmx_enter_smm.cold	0xffffffffc0531f62	0x0	kvm_intel
vmx_leave_smm.cold	0xffffffffc0531f77	0x0	kvm_intel
vmx_apic_init_signal_blocked.cold	0xffffffffc0531fa1	0x0	kvm_intel
vmx_hardware_unsetup.cold	0xffffffffc0531fbc	0x0	kvm_intel
vmx_get_untagged_addr.cold	0xffffffffc0531fd0	0x0	kvm_intel
intel_pmu_deliver_pmi.cold	0xffffffffc0531fe5	0x0	kvm_intel
intel_pmu_refresh.cold	0xffffffffc053200d	0x0	kvm_intel
intel_pmu_cleanup.cold	0xffffffffc0532138	0x0	kvm_intel
intel_pmu_set_msr.cold	0xffffffffc053214d	0x0	kvm_intel
intel_pmu_get_msr.cold	0xffffffffc05321b9	0x0	kvm_intel
vmx_passthrough_lbr_msrs.cold	0xffffffffc05321e3	0x0	kvm_intel
intel_pmu_cross_mapped_check.cold	0xffffffffc0532237	0x0	kvm_intel
nested_vmx_is_exception_vmexit.cold	0xffffffffc053226a	0x0	kvm_intel
vmcs12_guest_cr0.cold	0xffffffffc053228a	0x0	kvm_intel
vmcs12_guest_cr4.cold	0xffffffffc05322b4	0x0	kvm_intel
sync_vmcs02_to_vmcs12_rare.cold	0xffffffffc05322de	0x0	kvm_intel
nested_vmx_check_permission.cold	0xffffffffc05325bd	0x0	kvm_intel
vmx_switch_vmcs.cold	0xffffffffc05325d2	0x0	kvm_intel
prepare_vmcs02_constant_state.cold	0xffffffffc05325e7	0x0	kvm_intel
prepare_vmcs02_early_rare.cold	0xffffffffc0532737	0x0	kvm_intel
nested_vmx_write_pml_buffer.cold	0xffffffffc0532789	0x0	kvm_intel
copy_vmcs02_to_vmcs12_rare.cold	0xffffffffc053279e	0x0	kvm_intel
nested_vmx_l0_wants_exit.isra.0.cold	0xffffffffc05327b3	0x0	kvm_intel
nested_vmx_exit_handled_msr.isra.0.cold	0xffffffffc0532822	0x0	kvm_intel
nested_vmx_transition_tlb_flush.cold	0xffffffffc053283d	0x0	kvm_intel
vmx_disable_shadow_vmcs.cold	0xffffffffc0532888	0x0	kvm_intel
set_current_vmptr.cold	0xffffffffc05328b2	0x0	kvm_intel
init_vmcs_shadow_fields.cold	0xffffffffc05328f1	0x0	kvm_intel
vmx_has_nested_events.cold	0xffffffffc0532911	0x0	kvm_intel
nested_vmx_update_pending_dbg.cold	0xffffffffc0532965	0x0	kvm_intel
prepare_vmcs02_early.cold	0xffffffffc053298e	0x0	kvm_intel
nested_vmx_prepare_msr_bitmap.cold	0xffffffffc0532aec	0x0	kvm_intel
nested_vmx_exit_handled_vmcs_access.cold	0xffffffffc0532b01	0x0	kvm_intel
free_nested.cold	0xffffffffc0532b2b	0x0	kvm_intel
nested_vmx_exit_handled_cr.cold	0xffffffffc0532b6a	0x0	kvm_intel
enter_vmx_operation.cold	0xffffffffc0532b94	0x0	kvm_intel
nested_vmx_handle_enlightened_vmptrld.cold	0xffffffffc0532ba9	0x0	kvm_intel
copy_shadow_to_vmcs12.cold	0xffffffffc0532bd3	0x0	kvm_intel
sync_vmcs02_to_vmcs12.cold	0xffffffffc0532bfc	0x0	kvm_intel
vmx_get_nested_state.cold	0xffffffffc0532d0d	0x0	kvm_intel
nested_vmx_check_vmentry_hw.cold	0xffffffffc0532e2a	0x0	kvm_intel
nested_get_vmcs12_pages.cold	0xffffffffc0532f09	0x0	kvm_intel
vmx_get_nested_state_pages.cold	0xffffffffc0532fc6	0x0	kvm_intel
prepare_vmcs12.cold	0xffffffffc0532ff0	0x0	kvm_intel
prepare_vmcs02_rare.cold	0xffffffffc05330b4	0x0	kvm_intel
load_vmcs12_host_state.cold	0xffffffffc05335b1	0x0	kvm_intel
nested_vmx_restore_host_state.cold	0xffffffffc05336ad	0x0	kvm_intel
nested_vmx_check_guest_state.cold	0xffffffffc0533789	0x0	kvm_intel
nested_check_vm_entry_controls.cold	0xffffffffc05337a4	0x0	kvm_intel
nested_vmx_check_controls.cold	0xffffffffc05337ca	0x0	kvm_intel
prepare_vmcs02.constprop.0.cold	0xffffffffc05337ff	0x0	kvm_intel
vmx_set_vmx_msr.cold	0xffffffffc05339dd	0x0	kvm_intel
nested_sync_vmcs12_to_shadow.cold	0xffffffffc05339fa	0x0	kvm_intel
nested_vmx_enter_non_root_mode.cold	0xffffffffc0533a22	0x0	kvm_intel
nested_vmx_run.cold	0xffffffffc0533b02	0x0	kvm_intel
vmx_complete_nested_posted_interrupt.cold	0xffffffffc0533b17	0x0	kvm_intel
__nested_vmx_vmexit.cold	0xffffffffc0533b56	0x0	kvm_intel
nested_vmx_vmexit.cold	0xffffffffc0533d03	0x0	kvm_intel
nested_vmx_triple_fault.cold	0xffffffffc0533d26	0x0	kvm_intel
vmx_set_nested_state.cold	0xffffffffc0533d3b	0x0	kvm_intel
nested_vmx_inject_exception_vmexit.cold	0xffffffffc0533d64	0x0	kvm_intel
nested_ept_inject_page_fault.cold	0xffffffffc0533daf	0x0	kvm_intel
handle_vmfunc.cold	0xffffffffc0533e09	0x0	kvm_intel
vmx_check_nested_events.cold	0xffffffffc0533e4e	0x0	kvm_intel
get_vmx_mem_address.cold	0xffffffffc053400a	0x0	kvm_intel
handle_invvpid.cold	0xffffffffc0534062	0x0	kvm_intel
handle_invept.cold	0xffffffffc05340b6	0x0	kvm_intel
nested_vmx_get_vmptr.cold	0xffffffffc05340f5	0x0	kvm_intel
handle_vmxon.cold	0xffffffffc0534125	0x0	kvm_intel
handle_vmptrld.cold	0xffffffffc053413a	0x0	kvm_intel
handle_vmclear.cold	0xffffffffc053414f	0x0	kvm_intel
handle_vmwrite.cold	0xffffffffc053418e	0x0	kvm_intel
handle_vmread.cold	0xffffffffc0534236	0x0	kvm_intel
handle_vmptrst.cold	0xffffffffc05342b5	0x0	kvm_intel
nested_vmx_l1_wants_exit.isra.0.cold	0xffffffffc05342df	0x0	kvm_intel
nested_vmx_reflect_vmexit.cold	0xffffffffc0534327	0x0	kvm_intel
nested_vmx_set_vmcs_shadowing_bitmap.cold	0xffffffffc05343ad	0x0	kvm_intel
nested_vmx_setup_ctls_msrs.cold	0xffffffffc05343e9	0x0	kvm_intel
nested_vmx_hardware_unsetup.cold	0xffffffffc053447c	0x0	kvm_intel
vmx_vcpu_pi_load.cold	0xffffffffc0534490	0x0	kvm_intel
vmx_vcpu_pi_put.cold	0xffffffffc05344a5	0x0	kvm_intel
vmx_pi_start_bypass.cold	0xffffffffc05344e4	0x0	kvm_intel
vt_enable_smi_window.cold	0xffffffffc05344f9	0x0	kvm_intel
vt_leave_smm.cold	0xffffffffc0534519	0x0	kvm_intel
vt_enter_smm.cold	0xffffffffc0534539	0x0	kvm_intel
vt_smi_allowed.cold	0xffffffffc0534559	0x0	kvm_intel
vt_disable_virtualization_cpu.cold	0xffffffffc0534579	0x0	kvm_intel
vt_refresh_apicv_exec_ctrl.cold	0xffffffffc053458d	0x0	kvm_intel
__handle_encls_ecreate.cold	0xffffffffc05345b7	0x0	kvm_intel
sgx_get_encls_gva.cold	0xffffffffc0534620	0x0	kvm_intel
handle_encls.cold	0xffffffffc053464a	0x0	kvm_intel
setup_default_sgx_lepubkeyhash.cold	0xffffffffc0534674	0x0	kvm_intel
vmx_write_encls_bitmap.cold	0xffffffffc0534688	0x0	kvm_intel
nested_get_evmcs_version.cold	0xffffffffc05346b0	0x0	kvm_intel
vmx_hv_inject_synthetic_vmexit_post_tlb_flush.cold	0xffffffffc05346c4	0x0	kvm_intel
tdx_flush_vp_on_cpu.cold	0xffffffffc05346d9	0x0	kvm_intel
tdx_sept_free_private_spt.cold	0xffffffffc05346f9	0x0	kvm_intel
tdx_do_tdh_mng_key_config.cold	0xffffffffc0534716	0x0	kvm_intel
tdx_sept_link_private_spt.cold	0xffffffffc0534733	0x0	kvm_intel
tdx_handle_ept_violation.cold	0xffffffffc0534750	0x0	kvm_intel
tdx_reclaim_td_control_pages.part.0.cold	0xffffffffc053478d	0x0	kvm_intel
tdx_td_vcpu_init.cold	0xffffffffc05347a2	0x0	kvm_intel
tdx_gmem_post_populate.cold	0xffffffffc05347e1	0x0	kvm_intel
tdx_sept_drop_private_spte.cold	0xffffffffc05347fe	0x0	kvm_intel
tdx_sept_zap_private_spte.cold	0xffffffffc0534852	0x0	kvm_intel
tdx_sept_remove_private_spte.cold	0xffffffffc05348b1	0x0	kvm_intel
tdx_sept_set_private_spte.cold	0xffffffffc05348eb	0x0	kvm_intel
tdh_vp_rd_failed.cold	0xffffffffc053493c	0x0	kvm_intel
tdh_vp_wr_failed.cold	0xffffffffc0534951	0x0	kvm_intel
tdx_mmu_release_hkid.cold	0xffffffffc0534974	0x0	kvm_intel
tdx_vcpu_load.cold	0xffffffffc05349ae	0x0	kvm_intel
tdx_prepare_switch_to_guest.cold	0xffffffffc05349c3	0x0	kvm_intel
tdx_vcpu_put.cold	0xffffffffc05349d8	0x0	kvm_intel
tdx_vcpu_run.cold	0xffffffffc05349ed	0x0	kvm_intel
tdx_load_mmu_pgd.cold	0xffffffffc0534a0a	0x0	kvm_intel
tdx_handle_exit.cold	0xffffffffc0534a1f	0x0	kvm_intel
tdx_get_exit_info.cold	0xffffffffc0534a88	0x0	kvm_intel
tdx_get_msr.cold	0xffffffffc0534aba	0x0	kvm_intel
tdx_set_msr.cold	0xffffffffc0534acf	0x0	kvm_intel
tdx_vm_ioctl.cold	0xffffffffc0534ae4	0x0	kvm_intel
tdx_cleanup.cold	0xffffffffc0534af9	0x0	kvm_intel
evmcs_sanitize_exec_ctrls.cold	0xffffffffc0534b0d	0x0	kvm_intel
__pfx_vmx_l1d_flush	0xffffffffc0534b90	0x0	kvm_intel
vmx_l1d_flush	0xffffffffc0534ba0	0x0	kvm_intel
__pfx_vmx_handle_nmi	0xffffffffc0534c50	0x0	kvm_intel
vmx_handle_nmi	0xffffffffc0534c60	0x0	kvm_intel
__pfx_vmx_vcpu_enter_exit	0xffffffffc0534dc0	0x0	kvm_intel
vmx_vcpu_enter_exit	0xffffffffc0534dd0	0x0	kvm_intel
__pfx_vmx_update_host_rsp	0xffffffffc0535150	0x0	kvm_intel
vmx_update_host_rsp	0xffffffffc0535160	0x0	kvm_intel
__pfx_vmx_spec_ctrl_restore_host	0xffffffffc0535230	0x0	kvm_intel
vmx_spec_ctrl_restore_host	0xffffffffc0535240	0x0	kvm_intel
__pfx___vmx_vcpu_run	0xffffffffc0535290	0x0	kvm_intel
__vmx_vcpu_run	0xffffffffc05352a0	0x0	kvm_intel
vmx_vmexit	0xffffffffc0535340	0x0	kvm_intel
__pfx_vmx_do_nmi_irqoff	0xffffffffc0535410	0x0	kvm_intel
vmx_do_nmi_irqoff	0xffffffffc0535420	0x0	kvm_intel
__pfx_tdx_vcpu_enter_exit	0xffffffffc0535440	0x0	kvm_intel
tdx_vcpu_enter_exit	0xffffffffc0535450	0x0	kvm_intel
__pfx_vt_exit	0xffffffffc0535640	0x0	kvm_intel
__pfx_cleanup_module	0xffffffffc0535640	0x0	kvm_intel
vt_exit	0xffffffffc0535650	0x0	kvm_intel
cleanup_module	0xffffffffc0535650	0x0	kvm_intel
__pfx_scanarg	0xffffffffc0536000	0x0	binfmt_misc
scanarg	0xffffffffc0536010	0x0	binfmt_misc
__pfx_bm_init_fs_context	0xffffffffc0536080	0x0	binfmt_misc
bm_init_fs_context	0xffffffffc0536090	0x0	binfmt_misc
__pfx_parse_command	0xffffffffc05360b0	0x0	binfmt_misc
parse_command	0xffffffffc05360c0	0x0	binfmt_misc
__pfx_entry_status	0xffffffffc05361c0	0x0	binfmt_misc
entry_status	0xffffffffc05361d0	0x0	binfmt_misc
__pfx_create_entry	0xffffffffc0536300	0x0	binfmt_misc
create_entry	0xffffffffc0536310	0x0	binfmt_misc
__pfx_bm_entry_read	0xffffffffc05368e0	0x0	binfmt_misc
bm_entry_read	0xffffffffc05368f0	0x0	binfmt_misc
__pfx_bm_entry_write	0xffffffffc0536980	0x0	binfmt_misc
bm_entry_write	0xffffffffc0536990	0x0	binfmt_misc
__pfx_bm_status_read	0xffffffffc0536a70	0x0	binfmt_misc
bm_status_read	0xffffffffc0536a80	0x0	binfmt_misc
__pfx_bm_register_write	0xffffffffc0536b40	0x0	binfmt_misc
bm_register_write	0xffffffffc0536b50	0x0	binfmt_misc
__pfx_bm_fill_super	0xffffffffc0536e10	0x0	binfmt_misc
bm_fill_super	0xffffffffc0536e20	0x0	binfmt_misc
__pfx_put_binfmt_handler	0xffffffffc0536f10	0x0	binfmt_misc
put_binfmt_handler	0xffffffffc0536f20	0x0	binfmt_misc
__pfx_bm_evict_inode	0xffffffffc0536f90	0x0	binfmt_misc
bm_evict_inode	0xffffffffc0536fa0	0x0	binfmt_misc
__pfx_load_misc_binary	0xffffffffc0537020	0x0	binfmt_misc
load_misc_binary	0xffffffffc0537030	0x0	binfmt_misc
__pfx_bm_status_write	0xffffffffc0537360	0x0	binfmt_misc
bm_status_write	0xffffffffc0537370	0x0	binfmt_misc
__pfx_bm_put_super	0xffffffffc0537460	0x0	binfmt_misc
bm_put_super	0xffffffffc0537470	0x0	binfmt_misc
__pfx_bm_free	0xffffffffc05374e0	0x0	binfmt_misc
bm_free	0xffffffffc05374f0	0x0	binfmt_misc
__pfx_bm_get_tree	0xffffffffc0537550	0x0	binfmt_misc
bm_get_tree	0xffffffffc0537560	0x0	binfmt_misc
__pfx_exit_misc_binfmt	0xffffffffc05375e0	0x0	binfmt_misc
__pfx_cleanup_module	0xffffffffc05375e0	0x0	binfmt_misc
exit_misc_binfmt	0xffffffffc05375f0	0x0	binfmt_misc
cleanup_module	0xffffffffc05375f0	0x0	binfmt_misc
bm_status_read.cold	0xffffffffc0537612	0x0	binfmt_misc
load_misc_binary.cold	0xffffffffc0537627	0x0	binfmt_misc
__pfx_expr_call_ops_eval	0xffffffffc0538000	0x0	nf_tables
expr_call_ops_eval	0xffffffffc0538010	0x0	nf_tables
__pfx_nft_update_chain_stats	0xffffffffc0538170	0x0	nf_tables
nft_update_chain_stats	0xffffffffc0538180	0x0	nf_tables
__pfx___nft_trace_packet	0xffffffffc05381d0	0x0	nf_tables
__nft_trace_packet	0xffffffffc05381e0	0x0	nf_tables
__pfx___nft_trace_verdict	0xffffffffc0538250	0x0	nf_tables
__nft_trace_verdict	0xffffffffc0538260	0x0	nf_tables
__pfx_nft_do_chain	0xffffffffc05382e0	0x0	nf_tables
nft_do_chain	0xffffffffc05382f0	0x0	nf_tables
__pfx_nf_tables_core_module_exit	0xffffffffc0538930	0x0	nf_tables
nf_tables_core_module_exit	0xffffffffc0538940	0x0	nf_tables
__pfx_jhash	0xffffffffc05389a0	0x0	nf_tables
jhash	0xffffffffc05389b0	0x0	nf_tables
__pfx_nft_reg_track_cancel	0xffffffffc0538b30	0x0	nf_tables
nft_reg_track_cancel	0xffffffffc0538b40	0x0	nf_tables
__pfx___nft_reg_track_cancel	0xffffffffc0538cf0	0x0	nf_tables
__nft_reg_track_cancel	0xffffffffc0538d00	0x0	nf_tables
__pfx_nft_hook_find_ops	0xffffffffc0538d90	0x0	nf_tables
nft_hook_find_ops	0xffffffffc0538da0	0x0	nf_tables
__pfx_nft_hook_find_ops_rcu	0xffffffffc0538de0	0x0	nf_tables
nft_hook_find_ops_rcu	0xffffffffc0538df0	0x0	nf_tables
__pfx_nft_chain_validate_dependency	0xffffffffc0538e30	0x0	nf_tables
nft_chain_validate_dependency	0xffffffffc0538e40	0x0	nf_tables
__pfx_nft_chain_hash_cmp	0xffffffffc0538e70	0x0	nf_tables
nft_chain_hash_cmp	0xffffffffc0538e80	0x0	nf_tables
__pfx_nft_objname_hash_cmp	0xffffffffc0538ea0	0x0	nf_tables
nft_objname_hash_cmp	0xffffffffc0538eb0	0x0	nf_tables
__pfx_nft_chain_validate_hooks	0xffffffffc0538ef0	0x0	nf_tables
nft_chain_validate_hooks	0xffffffffc0538f00	0x0	nf_tables
__pfx_hook_is_prefix	0xffffffffc0538f40	0x0	nf_tables
hook_is_prefix	0xffffffffc0538f50	0x0	nf_tables
__pfx_nft_chain_hash	0xffffffffc0538fb0	0x0	nf_tables
nft_chain_hash	0xffffffffc0538fc0	0x0	nf_tables
__pfx_nft_chain_hash_obj	0xffffffffc0538ff0	0x0	nf_tables
nft_chain_hash_obj	0xffffffffc0539000	0x0	nf_tables
__pfx_nft_objname_hash	0xffffffffc0539020	0x0	nf_tables
nft_objname_hash	0xffffffffc0539030	0x0	nf_tables
__pfx_nft_objname_hash_obj	0xffffffffc0539080	0x0	nf_tables
nft_objname_hash_obj	0xffffffffc0539090	0x0	nf_tables
__pfx_nft_unregister_chain_type	0xffffffffc05390b0	0x0	nf_tables
nft_unregister_chain_type	0xffffffffc05390c0	0x0	nf_tables
__pfx_nft_register_expr	0xffffffffc0539140	0x0	nf_tables
nft_register_expr	0xffffffffc0539150	0x0	nf_tables
__pfx_nft_unregister_expr	0xffffffffc05391e0	0x0	nf_tables
nft_unregister_expr	0xffffffffc05391f0	0x0	nf_tables
__pfx_nft_register_obj	0xffffffffc0539240	0x0	nf_tables
nft_register_obj	0xffffffffc0539250	0x0	nf_tables
__pfx_nft_unregister_obj	0xffffffffc05392b0	0x0	nf_tables
nft_unregister_obj	0xffffffffc05392c0	0x0	nf_tables
__pfx_nft_register_flowtable_type	0xffffffffc0539310	0x0	nf_tables
nft_register_flowtable_type	0xffffffffc0539320	0x0	nf_tables
__pfx_nft_unregister_flowtable_type	0xffffffffc0539370	0x0	nf_tables
nft_unregister_flowtable_type	0xffffffffc0539380	0x0	nf_tables
__pfx_nft_obj_destroy	0xffffffffc05393d0	0x0	nf_tables
nft_obj_destroy	0xffffffffc05393e0	0x0	nf_tables
__pfx_nf_tables_dump_rules_done	0xffffffffc0539440	0x0	nf_tables
nf_tables_dump_rules_done	0xffffffffc0539450	0x0	nf_tables
__pfx_nf_tables_dump_flowtable_done	0xffffffffc0539480	0x0	nf_tables
nf_tables_dump_flowtable_done	0xffffffffc0539490	0x0	nf_tables
__pfx_nf_tables_dump_obj_done	0xffffffffc05394c0	0x0	nf_tables
nf_tables_dump_obj_done	0xffffffffc05394d0	0x0	nf_tables
__pfx_nf_tables_dump_sets_done	0xffffffffc05394f0	0x0	nf_tables
nf_tables_dump_sets_done	0xffffffffc0539500	0x0	nf_tables
__pfx_nf_tables_commit_chain_prepare_cancel	0xffffffffc0539520	0x0	nf_tables
nf_tables_commit_chain_prepare_cancel	0xffffffffc0539530	0x0	nf_tables
__pfx___nf_tables_commit_chain_free_rules	0xffffffffc05395b0	0x0	nf_tables
__nf_tables_commit_chain_free_rules	0xffffffffc05395c0	0x0	nf_tables
__pfx_nf_tables_flowtable_destroy	0xffffffffc05395e0	0x0	nf_tables
nf_tables_flowtable_destroy	0xffffffffc05395f0	0x0	nf_tables
__pfx___nft_expr_type_get	0xffffffffc0539690	0x0	nf_tables
__nft_expr_type_get	0xffffffffc05396a0	0x0	nf_tables
__pfx_nft_flowtable_lookup	0xffffffffc0539730	0x0	nf_tables
nft_flowtable_lookup	0xffffffffc0539740	0x0	nf_tables
__pfx_nft_table_lookup	0xffffffffc05397b0	0x0	nf_tables
nft_table_lookup	0xffffffffc05397c0	0x0	nf_tables
__pfx_nft_parse_u32_check	0xffffffffc0539890	0x0	nf_tables
nft_parse_u32_check	0xffffffffc05398a0	0x0	nf_tables
__pfx_nft_dump_register	0xffffffffc05398d0	0x0	nf_tables
nft_dump_register	0xffffffffc05398e0	0x0	nf_tables
__pfx_nft_chain_lookup_byid	0xffffffffc0539940	0x0	nf_tables
nft_chain_lookup_byid	0xffffffffc0539950	0x0	nf_tables
__pfx_nft_rule_lookup_byid	0xffffffffc05399d0	0x0	nf_tables
nft_rule_lookup_byid	0xffffffffc05399e0	0x0	nf_tables
__pfx_nf_tables_commit_audit_log	0xffffffffc0539a40	0x0	nf_tables
nf_tables_commit_audit_log	0xffffffffc0539a50	0x0	nf_tables
__pfx_nf_tables_trans_destroy_flush_work	0xffffffffc0539bd0	0x0	nf_tables
nf_tables_trans_destroy_flush_work	0xffffffffc0539be0	0x0	nf_tables
__pfx_nf_tables_exit_batch	0xffffffffc0539c10	0x0	nf_tables
nf_tables_exit_batch	0xffffffffc0539c20	0x0	nf_tables
__pfx_nf_tables_valid_genid	0xffffffffc0539c40	0x0	nf_tables
nf_tables_valid_genid	0xffffffffc0539c50	0x0	nf_tables
__pfx_nft_parse_register_load	0xffffffffc0539cc0	0x0	nf_tables
nft_parse_register_load	0xffffffffc0539cd0	0x0	nf_tables
__pfx_nft_netdev_unregister_hooks	0xffffffffc0539d80	0x0	nf_tables
nft_netdev_unregister_hooks	0xffffffffc0539d90	0x0	nf_tables
__pfx_nf_tables_dump_sets_start	0xffffffffc0539e60	0x0	nf_tables
nf_tables_dump_sets_start	0xffffffffc0539e70	0x0	nf_tables
__pfx_nf_tables_dump_set_start	0xffffffffc0539eb0	0x0	nf_tables
nf_tables_dump_set_start	0xffffffffc0539ec0	0x0	nf_tables
__pfx_nf_tables_dump_rules_start	0xffffffffc0539f00	0x0	nf_tables
nf_tables_dump_rules_start	0xffffffffc0539f10	0x0	nf_tables
__pfx_nf_tables_dump_obj_start	0xffffffffc0539f80	0x0	nf_tables
nf_tables_dump_obj_start	0xffffffffc0539f90	0x0	nf_tables
__pfx_nft_register_flowtable_ops	0xffffffffc0539ff0	0x0	nf_tables
nft_register_flowtable_ops	0xffffffffc053a000	0x0	nf_tables
__pfx_nft_netdev_register_hooks	0xffffffffc053a080	0x0	nf_tables
nft_netdev_register_hooks	0xffffffffc053a090	0x0	nf_tables
__pfx_nf_tables_set_alloc_name	0xffffffffc053a190	0x0	nf_tables
nf_tables_set_alloc_name	0xffffffffc053a1a0	0x0	nf_tables
__pfx_nf_tables_init_net	0xffffffffc053a430	0x0	nf_tables
nf_tables_init_net	0xffffffffc053a440	0x0	nf_tables
__pfx_nft_trans_commit_list_add_tail	0xffffffffc053a520	0x0	nf_tables
nft_trans_commit_list_add_tail	0xffffffffc053a530	0x0	nf_tables
__pfx_nft_trans_commit_list_add_elem	0xffffffffc053a630	0x0	nf_tables
nft_trans_commit_list_add_elem	0xffffffffc053a640	0x0	nf_tables
__pfx_nft_request_module	0xffffffffc053a7c0	0x0	nf_tables
nft_request_module	0xffffffffc053a7d0	0x0	nf_tables
__pfx_nft_obj_type_get	0xffffffffc053a9a0	0x0	nf_tables
nft_obj_type_get	0xffffffffc053a9b0	0x0	nf_tables
__pfx_nf_tables_module_autoload_cleanup	0xffffffffc053aa40	0x0	nf_tables
nf_tables_module_autoload_cleanup	0xffffffffc053aa50	0x0	nf_tables
__pfx_nft_set_ext_init	0xffffffffc053ab10	0x0	nf_tables
nft_set_ext_init	0xffffffffc053ab20	0x0	nf_tables
__pfx_nft_set_ext_memcpy	0xffffffffc053ab30	0x0	nf_tables
nft_set_ext_memcpy	0xffffffffc053ab40	0x0	nf_tables
__pfx_nf_tables_commit_chain_prepare	0xffffffffc053abf0	0x0	nf_tables
nf_tables_commit_chain_prepare	0xffffffffc053ac00	0x0	nf_tables
__pfx_nft_commit_notify	0xffffffffc053ae50	0x0	nf_tables
nft_commit_notify	0xffffffffc053ae60	0x0	nf_tables
__pfx_nf_tables_deactivate_flowtable	0xffffffffc053b030	0x0	nf_tables
nf_tables_deactivate_flowtable	0xffffffffc053b040	0x0	nf_tables
__pfx_nft_register_chain_type	0xffffffffc053b070	0x0	nf_tables
nft_register_chain_type	0xffffffffc053b080	0x0	nf_tables
__pfx___nf_tables_unregister_hook	0xffffffffc053b190	0x0	nf_tables
__nf_tables_unregister_hook	0xffffffffc053b1a0	0x0	nf_tables
__pfx_nft_table_disable	0xffffffffc053b220	0x0	nf_tables
nft_table_disable	0xffffffffc053b230	0x0	nf_tables
__pfx_nf_tables_register_hook.part.0	0xffffffffc053b2f0	0x0	nf_tables
nf_tables_register_hook.part.0	0xffffffffc053b300	0x0	nf_tables
__pfx_nft_trans_list_del	0xffffffffc053b370	0x0	nf_tables
nft_trans_list_del	0xffffffffc053b380	0x0	nf_tables
__pfx_nft_chain_validate	0xffffffffc053b3f0	0x0	nf_tables
nft_chain_validate	0xffffffffc053b400	0x0	nf_tables
__pfx_nft_table_validate	0xffffffffc053b650	0x0	nf_tables
nft_table_validate	0xffffffffc053b660	0x0	nf_tables
__pfx_nf_tables_validate	0xffffffffc053b740	0x0	nf_tables
nf_tables_validate	0xffffffffc053b750	0x0	nf_tables
__pfx_nft_validate_register_store.isra.0	0xffffffffc053b7f0	0x0	nf_tables
nft_validate_register_store.isra.0	0xffffffffc053b800	0x0	nf_tables
__pfx_nf_tables_bind_check_setelem	0xffffffffc053b880	0x0	nf_tables
nf_tables_bind_check_setelem	0xffffffffc053b890	0x0	nf_tables
__pfx___nft_chain_trans_bind.isra.0	0xffffffffc053b8e0	0x0	nf_tables
__nft_chain_trans_bind.isra.0	0xffffffffc053b8f0	0x0	nf_tables
__pfx___nft_set_trans_bind.isra.0	0xffffffffc053b960	0x0	nf_tables
__nft_set_trans_bind.isra.0	0xffffffffc053b970	0x0	nf_tables
__pfx_rht_key_get_hash.isra.0	0xffffffffc053b9e0	0x0	nf_tables
rht_key_get_hash.isra.0	0xffffffffc053b9f0	0x0	nf_tables
__pfx_schedule_work.isra.0	0xffffffffc053ba10	0x0	nf_tables
schedule_work.isra.0	0xffffffffc053ba20	0x0	nf_tables
__pfx_nf_tables_dump_set_done	0xffffffffc053ba40	0x0	nf_tables
nf_tables_dump_set_done	0xffffffffc053ba50	0x0	nf_tables
__pfx_nft_reg_track_update	0xffffffffc053ba70	0x0	nf_tables
nft_reg_track_update	0xffffffffc053ba80	0x0	nf_tables
__pfx_nft_parse_register_store	0xffffffffc053bc80	0x0	nf_tables
nft_parse_register_store	0xffffffffc053bc90	0x0	nf_tables
__pfx_nft_set_put	0xffffffffc053bcf0	0x0	nf_tables
nft_set_put	0xffffffffc053bd00	0x0	nf_tables
__pfx_nft_data_release	0xffffffffc053bd60	0x0	nf_tables
nft_data_release	0xffffffffc053bd70	0x0	nf_tables
__pfx_nf_tables_bind_set	0xffffffffc053bdc0	0x0	nf_tables
nf_tables_bind_set	0xffffffffc053bdd0	0x0	nf_tables
__pfx___nft_unregister_flowtable_net_hooks	0xffffffffc053bfc0	0x0	nf_tables
__nft_unregister_flowtable_net_hooks	0xffffffffc053bfd0	0x0	nf_tables
__pfx___rhashtable_remove_fast_one.isra.0	0xffffffffc053c0d0	0x0	nf_tables
__rhashtable_remove_fast_one.isra.0	0xffffffffc053c0e0	0x0	nf_tables
__pfx_nft_obj_del	0xffffffffc053c340	0x0	nf_tables
nft_obj_del	0xffffffffc053c350	0x0	nf_tables
__pfx___nft_release_hook	0xffffffffc053c3e0	0x0	nf_tables
__nft_release_hook	0xffffffffc053c3f0	0x0	nf_tables
__pfx_nf_tables_pre_exit_net	0xffffffffc053c4e0	0x0	nf_tables
nf_tables_pre_exit_net	0xffffffffc053c4f0	0x0	nf_tables
__pfx_nft_setelem_data_activate.isra.0	0xffffffffc053c570	0x0	nf_tables
nft_setelem_data_activate.isra.0	0xffffffffc053c580	0x0	nf_tables
__pfx_nft_map_activate	0xffffffffc053c600	0x0	nf_tables
nft_map_activate	0xffffffffc053c610	0x0	nf_tables
__pfx_nf_tables_activate_set	0xffffffffc053c730	0x0	nf_tables
nf_tables_activate_set	0xffffffffc053c740	0x0	nf_tables
__pfx_nft_mapelem_activate	0xffffffffc053c7c0	0x0	nf_tables
nft_mapelem_activate	0xffffffffc053c7d0	0x0	nf_tables
__pfx_nf_tables_dumpreset_obj_start	0xffffffffc053c830	0x0	nf_tables
nf_tables_dumpreset_obj_start	0xffffffffc053c840	0x0	nf_tables
__pfx_nft_stats_alloc	0xffffffffc053c8a0	0x0	nf_tables
nft_stats_alloc	0xffffffffc053c8b0	0x0	nf_tables
__pfx_nf_tables_set_desc_parse	0xffffffffc053ca40	0x0	nf_tables
nf_tables_set_desc_parse	0xffffffffc053ca50	0x0	nf_tables
__pfx_nft_register_flowtable_net_hooks	0xffffffffc053cc80	0x0	nf_tables
nft_register_flowtable_net_hooks	0xffffffffc053cc90	0x0	nf_tables
__pfx_nf_tables_dump_flowtable_start	0xffffffffc053cf40	0x0	nf_tables
nf_tables_dump_flowtable_start	0xffffffffc053cf50	0x0	nf_tables
__pfx_nf_tables_dumpreset_rules_start	0xffffffffc053d000	0x0	nf_tables
nf_tables_dumpreset_rules_start	0xffffffffc053d010	0x0	nf_tables
__pfx_nft_flowtable_hook_release	0xffffffffc053d080	0x0	nf_tables
nft_flowtable_hook_release	0xffffffffc053d090	0x0	nf_tables
__pfx_nft_chain_release_hook	0xffffffffc053d150	0x0	nf_tables
nft_chain_release_hook	0xffffffffc053d160	0x0	nf_tables
__pfx_nft_obj_lookup	0xffffffffc053d240	0x0	nf_tables
nft_obj_lookup	0xffffffffc053d250	0x0	nf_tables
__pfx_nft_chain_lookup.isra.0	0xffffffffc053d400	0x0	nf_tables
nft_chain_lookup.isra.0	0xffffffffc053d410	0x0	nf_tables
__pfx_nft_verdict_init	0xffffffffc053d5a0	0x0	nf_tables
nft_verdict_init	0xffffffffc053d5b0	0x0	nf_tables
__pfx_nft_data_init	0xffffffffc053d760	0x0	nf_tables
nft_data_init	0xffffffffc053d770	0x0	nf_tables
__pfx_nft_set_catchall_lookup	0xffffffffc053d890	0x0	nf_tables
nft_set_catchall_lookup	0xffffffffc053d8a0	0x0	nf_tables
__pfx_nft_setelem_activate	0xffffffffc053d960	0x0	nf_tables
nft_setelem_activate	0xffffffffc053d970	0x0	nf_tables
__pfx_nft_setelem_remove	0xffffffffc053d9d0	0x0	nf_tables
nft_setelem_remove	0xffffffffc053d9e0	0x0	nf_tables
__pfx___rhashtable_insert_fast.constprop.0.isra.0	0xffffffffc053da80	0x0	nf_tables
__rhashtable_insert_fast.constprop.0.isra.0	0xffffffffc053da90	0x0	nf_tables
__pfx_nft_set_lookup_global	0xffffffffc053de20	0x0	nf_tables
nft_set_lookup_global	0xffffffffc053de30	0x0	nf_tables
__pfx_nft_dump_stats	0xffffffffc053df50	0x0	nf_tables
nft_dump_stats	0xffffffffc053df60	0x0	nf_tables
__pfx_nf_tables_expr_parse	0xffffffffc053e0e0	0x0	nf_tables
nf_tables_expr_parse	0xffffffffc053e0f0	0x0	nf_tables
__pfx___nft_netdev_hook_free_rcu	0xffffffffc053e320	0x0	nf_tables
__nft_netdev_hook_free_rcu	0xffffffffc053e330	0x0	nf_tables
__pfx_nft_flowtable_event	0xffffffffc053e3b0	0x0	nf_tables
nft_flowtable_event	0xffffffffc053e3c0	0x0	nf_tables
__pfx___nf_tables_flowtable_event	0xffffffffc053e5f0	0x0	nf_tables
__nf_tables_flowtable_event	0xffffffffc053e600	0x0	nf_tables
__pfx_nf_tables_flowtable_event	0xffffffffc053e6c0	0x0	nf_tables
nf_tables_flowtable_event	0xffffffffc053e6d0	0x0	nf_tables
__pfx_nft_trans_alloc	0xffffffffc053e790	0x0	nf_tables
nft_trans_alloc	0xffffffffc053e7a0	0x0	nf_tables
__pfx_nft_trans_rule_add	0xffffffffc053e820	0x0	nf_tables
nft_trans_rule_add	0xffffffffc053e830	0x0	nf_tables
__pfx_nf_tables_updtable.constprop.0	0xffffffffc053e8b0	0x0	nf_tables
nf_tables_updtable.constprop.0	0xffffffffc053e8c0	0x0	nf_tables
__pfx_nft_delobj	0xffffffffc053ec30	0x0	nf_tables
nft_delobj	0xffffffffc053ec40	0x0	nf_tables
__pfx_nf_tables_delobj	0xffffffffc053ecd0	0x0	nf_tables
nf_tables_delobj	0xffffffffc053ece0	0x0	nf_tables
__pfx_nft_delflowtable	0xffffffffc053f010	0x0	nf_tables
nft_delflowtable	0xffffffffc053f020	0x0	nf_tables
__pfx_nft_delchain	0xffffffffc053f0e0	0x0	nf_tables
nft_delchain	0xffffffffc053f0f0	0x0	nf_tables
__pfx_nft_set_dump_ctx_init	0xffffffffc053f1b0	0x0	nf_tables
nft_set_dump_ctx_init	0xffffffffc053f1c0	0x0	nf_tables
__pfx_nft_set_elem_expr_destroy	0xffffffffc053f3b0	0x0	nf_tables
nft_set_elem_expr_destroy	0xffffffffc053f3c0	0x0	nf_tables
__pfx___nft_set_elem_destroy	0xffffffffc053f460	0x0	nf_tables
__nft_set_elem_destroy	0xffffffffc053f470	0x0	nf_tables
__pfx_nft_set_elem_destroy	0xffffffffc053f530	0x0	nf_tables
nft_set_elem_destroy	0xffffffffc053f540	0x0	nf_tables
__pfx_nft_set_destroy	0xffffffffc053f5b0	0x0	nf_tables
nft_set_destroy	0xffffffffc053f5c0	0x0	nf_tables
__pfx_nf_tables_destroy_set	0xffffffffc053f740	0x0	nf_tables
nf_tables_destroy_set	0xffffffffc053f750	0x0	nf_tables
__pfx_nft_obj_init	0xffffffffc053f780	0x0	nf_tables
nft_obj_init	0xffffffffc053f790	0x0	nf_tables
__pfx_nft_expr_init	0xffffffffc053f8f0	0x0	nf_tables
nft_expr_init	0xffffffffc053f900	0x0	nf_tables
__pfx_nft_delrule	0xffffffffc053fa20	0x0	nf_tables
nft_delrule	0xffffffffc053fa30	0x0	nf_tables
__pfx_nft_delrule_by_chain	0xffffffffc053fbd0	0x0	nf_tables
nft_delrule_by_chain	0xffffffffc053fbe0	0x0	nf_tables
__pfx_nf_tables_delrule	0xffffffffc053fc60	0x0	nf_tables
nf_tables_delrule	0xffffffffc053fc70	0x0	nf_tables
__pfx_nft_dump_basechain_hook.isra.0	0xffffffffc053ffc0	0x0	nf_tables
nft_dump_basechain_hook.isra.0	0xffffffffc053ffd0	0x0	nf_tables
__pfx___nft_trans_set_add	0xffffffffc0540250	0x0	nf_tables
__nft_trans_set_add	0xffffffffc0540260	0x0	nf_tables
__pfx_nf_tables_fill_set_info	0xffffffffc0540360	0x0	nf_tables
nf_tables_fill_set_info	0xffffffffc0540370	0x0	nf_tables
__pfx_nft_netdev_hook_alloc	0xffffffffc0540490	0x0	nf_tables
nft_netdev_hook_alloc	0xffffffffc05404a0	0x0	nf_tables
__pfx_nf_tables_parse_netdev_hooks	0xffffffffc0540660	0x0	nf_tables
nf_tables_parse_netdev_hooks	0xffffffffc0540670	0x0	nf_tables
__pfx_nft_flowtable_parse_hook	0xffffffffc05408f0	0x0	nf_tables
nft_flowtable_parse_hook	0xffffffffc0540900	0x0	nf_tables
__pfx_nf_tables_delflowtable	0xffffffffc0540ad0	0x0	nf_tables
nf_tables_delflowtable	0xffffffffc0540ae0	0x0	nf_tables
__pfx_nft_flowtable_update.constprop.0	0xffffffffc0541060	0x0	nf_tables
nft_flowtable_update.constprop.0	0xffffffffc0541070	0x0	nf_tables
__pfx_nf_tables_newflowtable	0xffffffffc05414e0	0x0	nf_tables
nf_tables_newflowtable	0xffffffffc05414f0	0x0	nf_tables
__pfx_nft_chain_parse_hook	0xffffffffc0541c50	0x0	nf_tables
nft_chain_parse_hook	0xffffffffc0541c60	0x0	nf_tables
__pfx_nft_delchain_hook.constprop.0	0xffffffffc0542220	0x0	nf_tables
nft_delchain_hook.constprop.0	0xffffffffc0542230	0x0	nf_tables
__pfx_nf_tables_delchain	0xffffffffc0542470	0x0	nf_tables
nf_tables_delchain	0xffffffffc0542480	0x0	nf_tables
__pfx_nf_tables_updchain.constprop.0	0xffffffffc05427c0	0x0	nf_tables
nf_tables_updchain.constprop.0	0xffffffffc05427d0	0x0	nf_tables
__pfx_nf_tables_fill_expr_info	0xffffffffc0543060	0x0	nf_tables
nf_tables_fill_expr_info	0xffffffffc0543070	0x0	nf_tables
__pfx_nf_tables_fill_table_info	0xffffffffc0543130	0x0	nf_tables
nf_tables_fill_table_info	0xffffffffc0543140	0x0	nf_tables
__pfx_nf_tables_dump_tables	0xffffffffc0543350	0x0	nf_tables
nf_tables_dump_tables	0xffffffffc0543360	0x0	nf_tables
__pfx_nf_tables_gettable	0xffffffffc05434e0	0x0	nf_tables
nf_tables_gettable	0xffffffffc05434f0	0x0	nf_tables
__pfx_nf_tables_table_notify	0xffffffffc05436d0	0x0	nf_tables
nf_tables_table_notify	0xffffffffc05436e0	0x0	nf_tables
__pfx_nf_tables_fill_gen_info	0xffffffffc0543800	0x0	nf_tables
nf_tables_fill_gen_info	0xffffffffc0543810	0x0	nf_tables
__pfx_nf_tables_getgen	0xffffffffc0543ab0	0x0	nf_tables
nf_tables_getgen	0xffffffffc0543ac0	0x0	nf_tables
__pfx_nf_tables_fill_obj_info	0xffffffffc0543b60	0x0	nf_tables
nf_tables_fill_obj_info	0xffffffffc0543b70	0x0	nf_tables
__pfx___nft_obj_notify	0xffffffffc0543df0	0x0	nf_tables
__nft_obj_notify	0xffffffffc0543e00	0x0	nf_tables
__pfx_nft_obj_notify	0xffffffffc0543f20	0x0	nf_tables
nft_obj_notify	0xffffffffc0543f30	0x0	nf_tables
__pfx_nf_tables_obj_notify	0xffffffffc0544000	0x0	nf_tables
nf_tables_obj_notify	0xffffffffc0544010	0x0	nf_tables
__pfx_nf_tables_getobj_single	0xffffffffc0544080	0x0	nf_tables
nf_tables_getobj_single	0xffffffffc0544090	0x0	nf_tables
__pfx_nf_tables_getobj_reset	0xffffffffc0544230	0x0	nf_tables
nf_tables_getobj_reset	0xffffffffc0544240	0x0	nf_tables
__pfx_nf_tables_getobj	0xffffffffc0544430	0x0	nf_tables
nf_tables_getobj	0xffffffffc0544440	0x0	nf_tables
__pfx_nf_tables_dump_obj	0xffffffffc0544560	0x0	nf_tables
nf_tables_dump_obj	0xffffffffc0544570	0x0	nf_tables
__pfx_nf_tables_dumpreset_obj	0xffffffffc0544820	0x0	nf_tables
nf_tables_dumpreset_obj	0xffffffffc0544830	0x0	nf_tables
__pfx_nf_tables_fill_flowtable_info	0xffffffffc0544890	0x0	nf_tables
nf_tables_fill_flowtable_info	0xffffffffc05448a0	0x0	nf_tables
__pfx_nf_tables_dump_flowtable	0xffffffffc0544c30	0x0	nf_tables
nf_tables_dump_flowtable	0xffffffffc0544c40	0x0	nf_tables
__pfx_nf_tables_getflowtable	0xffffffffc0544e60	0x0	nf_tables
nf_tables_getflowtable	0xffffffffc0544e70	0x0	nf_tables
__pfx_nf_tables_flowtable_notify	0xffffffffc0545120	0x0	nf_tables
nf_tables_flowtable_notify	0xffffffffc0545130	0x0	nf_tables
__pfx_nf_tables_newtable	0xffffffffc0545260	0x0	nf_tables
nf_tables_newtable	0xffffffffc0545270	0x0	nf_tables
__pfx_nf_tables_fill_chain_info	0xffffffffc0545710	0x0	nf_tables
nf_tables_fill_chain_info	0xffffffffc0545720	0x0	nf_tables
__pfx_nf_tables_dump_chains	0xffffffffc05459d0	0x0	nf_tables
nf_tables_dump_chains	0xffffffffc05459e0	0x0	nf_tables
__pfx_nf_tables_getchain	0xffffffffc0545bc0	0x0	nf_tables
nf_tables_getchain	0xffffffffc0545bd0	0x0	nf_tables
__pfx_nf_tables_chain_notify	0xffffffffc0545e00	0x0	nf_tables
nf_tables_chain_notify	0xffffffffc0545e10	0x0	nf_tables
__pfx_nf_tables_newobj	0xffffffffc0545f40	0x0	nf_tables
nf_tables_newobj	0xffffffffc0545f50	0x0	nf_tables
__pfx_nf_tables_bind_chain	0xffffffffc05464b0	0x0	nf_tables
nf_tables_bind_chain	0xffffffffc05464c0	0x0	nf_tables
__pfx_nf_tables_unbind_chain	0xffffffffc0546530	0x0	nf_tables
nf_tables_unbind_chain	0xffffffffc0546540	0x0	nf_tables
__pfx_nft_rule_expr_activate	0xffffffffc0546560	0x0	nf_tables
nft_rule_expr_activate	0xffffffffc0546570	0x0	nf_tables
__pfx_nft_rule_expr_deactivate	0xffffffffc05465f0	0x0	nf_tables
nft_rule_expr_deactivate	0xffffffffc0546600	0x0	nf_tables
__pfx_nf_tables_chain_destroy	0xffffffffc0546680	0x0	nf_tables
nf_tables_chain_destroy	0xffffffffc0546690	0x0	nf_tables
__pfx_nft_chain_add	0xffffffffc05467f0	0x0	nf_tables
nft_chain_add	0xffffffffc0546800	0x0	nf_tables
__pfx_nft_expr_dump	0xffffffffc0546880	0x0	nf_tables
nft_expr_dump	0xffffffffc0546890	0x0	nf_tables
__pfx_nf_tables_fill_rule_info	0xffffffffc0546920	0x0	nf_tables
nf_tables_fill_rule_info	0xffffffffc0546930	0x0	nf_tables
__pfx_nf_tables_rule_notify	0xffffffffc0546c20	0x0	nf_tables
nf_tables_rule_notify	0xffffffffc0546c30	0x0	nf_tables
__pfx___nf_tables_dump_rules	0xffffffffc0546db0	0x0	nf_tables
__nf_tables_dump_rules	0xffffffffc0546dc0	0x0	nf_tables
__pfx_nf_tables_dump_rules	0xffffffffc0546fd0	0x0	nf_tables
nf_tables_dump_rules	0xffffffffc0546fe0	0x0	nf_tables
__pfx_nf_tables_dumpreset_rules	0xffffffffc0547280	0x0	nf_tables
nf_tables_dumpreset_rules	0xffffffffc0547290	0x0	nf_tables
__pfx_nf_tables_getrule_single	0xffffffffc05472f0	0x0	nf_tables
nf_tables_getrule_single	0xffffffffc0547300	0x0	nf_tables
__pfx_nf_tables_getrule_reset	0xffffffffc0547540	0x0	nf_tables
nf_tables_getrule_reset	0xffffffffc0547550	0x0	nf_tables
__pfx_nf_tables_getrule	0xffffffffc0547740	0x0	nf_tables
nf_tables_getrule	0xffffffffc0547750	0x0	nf_tables
__pfx_nf_tables_fill_set	0xffffffffc0547860	0x0	nf_tables
nf_tables_fill_set	0xffffffffc0547870	0x0	nf_tables
__pfx_nf_tables_getset	0xffffffffc0547f30	0x0	nf_tables
nf_tables_getset	0xffffffffc0547f40	0x0	nf_tables
__pfx_nf_tables_dump_sets	0xffffffffc0548270	0x0	nf_tables
nf_tables_dump_sets	0xffffffffc0548280	0x0	nf_tables
__pfx_nf_tables_set_notify.constprop.0	0xffffffffc05484d0	0x0	nf_tables
nf_tables_set_notify.constprop.0	0xffffffffc05484e0	0x0	nf_tables
__pfx_nft_expr_inner_parse	0xffffffffc0548600	0x0	nf_tables
nft_expr_inner_parse	0xffffffffc0548610	0x0	nf_tables
__pfx_nft_expr_clone	0xffffffffc0548730	0x0	nf_tables
nft_expr_clone	0xffffffffc0548740	0x0	nf_tables
__pfx_nft_expr_destroy	0xffffffffc0548790	0x0	nf_tables
nft_expr_destroy	0xffffffffc05487a0	0x0	nf_tables
__pfx_nf_tables_rule_destroy	0xffffffffc05487e0	0x0	nf_tables
nf_tables_rule_destroy	0xffffffffc05487f0	0x0	nf_tables
__pfx_nf_tables_newrule	0xffffffffc0548880	0x0	nf_tables
nf_tables_newrule	0xffffffffc0548890	0x0	nf_tables
__pfx_nf_tables_abort_release	0xffffffffc0549420	0x0	nf_tables
nf_tables_abort_release	0xffffffffc0549430	0x0	nf_tables
__pfx_nft_commit_release	0xffffffffc0549740	0x0	nf_tables
nft_commit_release	0xffffffffc0549750	0x0	nf_tables
__pfx_nf_tables_trans_destroy_work	0xffffffffc0549b30	0x0	nf_tables
nf_tables_trans_destroy_work	0xffffffffc0549b40	0x0	nf_tables
__pfx_nft_setelem_validate	0xffffffffc0549c70	0x0	nf_tables
nft_setelem_validate	0xffffffffc0549c80	0x0	nf_tables
__pfx_nft_set_catchall_validate	0xffffffffc0549d00	0x0	nf_tables
nft_set_catchall_validate	0xffffffffc0549d10	0x0	nf_tables
__pfx_nf_msecs_to_jiffies64	0xffffffffc0549dd0	0x0	nf_tables
nf_msecs_to_jiffies64	0xffffffffc0549de0	0x0	nf_tables
__pfx_nf_jiffies64_to_msecs	0xffffffffc0549e80	0x0	nf_tables
nf_jiffies64_to_msecs	0xffffffffc0549e90	0x0	nf_tables
__pfx_nft_set_elem_expr_alloc	0xffffffffc0549eb0	0x0	nf_tables
nft_set_elem_expr_alloc	0xffffffffc0549ec0	0x0	nf_tables
__pfx_nft_set_expr_alloc	0xffffffffc0549f70	0x0	nf_tables
nft_set_expr_alloc	0xffffffffc0549f80	0x0	nf_tables
__pfx_nf_tables_newset	0xffffffffc054a100	0x0	nf_tables
nf_tables_newset	0xffffffffc054a110	0x0	nf_tables
__pfx_nft_set_elem_init	0xffffffffc054b100	0x0	nf_tables
nft_set_elem_init	0xffffffffc054b110	0x0	nf_tables
__pfx_nf_tables_set_elem_destroy	0xffffffffc054b270	0x0	nf_tables
nf_tables_set_elem_destroy	0xffffffffc054b280	0x0	nf_tables
__pfx_nft_set_elem_expr_clone	0xffffffffc054b2d0	0x0	nf_tables
nft_set_elem_expr_clone	0xffffffffc054b2e0	0x0	nf_tables
__pfx_nft_add_set_elem	0xffffffffc054b450	0x0	nf_tables
nft_add_set_elem	0xffffffffc054b460	0x0	nf_tables
__pfx_nf_tables_newsetelem	0xffffffffc054cbf0	0x0	nf_tables
nf_tables_newsetelem	0xffffffffc054cc00	0x0	nf_tables
__pfx_nft_data_hold	0xffffffffc054ce70	0x0	nf_tables
nft_data_hold	0xffffffffc054ce80	0x0	nf_tables
__pfx_nft_setelem_data_deactivate	0xffffffffc054ced0	0x0	nf_tables
nft_setelem_data_deactivate	0xffffffffc054cee0	0x0	nf_tables
__pfx_nft_mapelem_deactivate	0xffffffffc054cf70	0x0	nf_tables
nft_mapelem_deactivate	0xffffffffc054cf80	0x0	nf_tables
__pfx_nft_map_deactivate	0xffffffffc054cfe0	0x0	nf_tables
nft_map_deactivate	0xffffffffc054cff0	0x0	nf_tables
__pfx_nf_tables_deactivate_set	0xffffffffc054d110	0x0	nf_tables
nf_tables_deactivate_set	0xffffffffc054d120	0x0	nf_tables
__pfx_nft_delset	0xffffffffc054d2f0	0x0	nf_tables
nft_delset	0xffffffffc054d300	0x0	nf_tables
__pfx_nf_tables_delset	0xffffffffc054d3d0	0x0	nf_tables
nf_tables_delset	0xffffffffc054d3e0	0x0	nf_tables
__pfx_nft_flush_table	0xffffffffc054d720	0x0	nf_tables
nft_flush_table	0xffffffffc054d730	0x0	nf_tables
__pfx_nf_tables_deltable	0xffffffffc054d9f0	0x0	nf_tables
nf_tables_deltable	0xffffffffc054da00	0x0	nf_tables
__pfx_nft_setelem_flush	0xffffffffc054dd30	0x0	nf_tables
nft_setelem_flush	0xffffffffc054dd40	0x0	nf_tables
__pfx_nft_del_setelem	0xffffffffc054ddf0	0x0	nf_tables
nft_del_setelem	0xffffffffc054de00	0x0	nf_tables
__pfx_nf_tables_delsetelem	0xffffffffc054e370	0x0	nf_tables
nf_tables_delsetelem	0xffffffffc054e380	0x0	nf_tables
__pfx_nft_chain_del	0xffffffffc054e7f0	0x0	nf_tables
nft_chain_del	0xffffffffc054e800	0x0	nf_tables
__pfx___nf_tables_abort	0xffffffffc054e890	0x0	nf_tables
__nf_tables_abort	0xffffffffc054e8a0	0x0	nf_tables
__pfx_nf_tables_abort	0xffffffffc054f5b0	0x0	nf_tables
nf_tables_abort	0xffffffffc054f5c0	0x0	nf_tables
__pfx___nft_release_table	0xffffffffc054f750	0x0	nf_tables
__nft_release_table	0xffffffffc054f760	0x0	nf_tables
__pfx_nft_rcv_nl_event	0xffffffffc054fb80	0x0	nf_tables
nft_rcv_nl_event	0xffffffffc054fb90	0x0	nf_tables
__pfx_nf_tables_exit_net	0xffffffffc054fda0	0x0	nf_tables
nf_tables_exit_net	0xffffffffc054fdb0	0x0	nf_tables
__pfx_nf_tables_addchain.constprop.0	0xffffffffc054ff60	0x0	nf_tables
nf_tables_addchain.constprop.0	0xffffffffc054ff70	0x0	nf_tables
__pfx_nf_tables_newchain	0xffffffffc0550820	0x0	nf_tables
nf_tables_newchain	0xffffffffc0550830	0x0	nf_tables
__pfx_nft_trans_gc_destroy	0xffffffffc0550c00	0x0	nf_tables
nft_trans_gc_destroy	0xffffffffc0550c10	0x0	nf_tables
__pfx_nft_trans_gc_work	0xffffffffc0550c90	0x0	nf_tables
nft_trans_gc_work	0xffffffffc0550ca0	0x0	nf_tables
__pfx_nft_trans_gc_trans_free	0xffffffffc0550e60	0x0	nf_tables
nft_trans_gc_trans_free	0xffffffffc0550e70	0x0	nf_tables
__pfx_nft_trans_gc_alloc	0xffffffffc0550fa0	0x0	nf_tables
nft_trans_gc_alloc	0xffffffffc0550fb0	0x0	nf_tables
__pfx_nft_trans_gc_elem_add	0xffffffffc0551110	0x0	nf_tables
nft_trans_gc_elem_add	0xffffffffc0551120	0x0	nf_tables
__pfx_nft_trans_gc_queue_async	0xffffffffc0551170	0x0	nf_tables
nft_trans_gc_queue_async	0xffffffffc0551180	0x0	nf_tables
__pfx_nft_trans_gc_queue_async_done	0xffffffffc0551230	0x0	nf_tables
nft_trans_gc_queue_async_done	0xffffffffc0551240	0x0	nf_tables
__pfx_nft_trans_gc_queue_sync	0xffffffffc05512c0	0x0	nf_tables
nft_trans_gc_queue_sync	0xffffffffc05512d0	0x0	nf_tables
__pfx_nft_trans_gc_queue_sync_done	0xffffffffc0551320	0x0	nf_tables
nft_trans_gc_queue_sync_done	0xffffffffc0551330	0x0	nf_tables
__pfx_nft_trans_gc_catchall_async	0xffffffffc0551370	0x0	nf_tables
nft_trans_gc_catchall_async	0xffffffffc0551380	0x0	nf_tables
__pfx_nft_trans_gc_catchall_sync	0xffffffffc05514f0	0x0	nf_tables
nft_trans_gc_catchall_sync	0xffffffffc0551500	0x0	nf_tables
__pfx_nft_verdict_dump	0xffffffffc0551680	0x0	nf_tables
nft_verdict_dump	0xffffffffc0551690	0x0	nf_tables
__pfx_nft_data_dump	0xffffffffc0551780	0x0	nf_tables
nft_data_dump	0xffffffffc0551790	0x0	nf_tables
__pfx_nf_tables_fill_setelem	0xffffffffc0551850	0x0	nf_tables
nf_tables_fill_setelem	0xffffffffc0551860	0x0	nf_tables
__pfx_nf_tables_fill_setelem_info	0xffffffffc0551c30	0x0	nf_tables
nf_tables_fill_setelem_info	0xffffffffc0551c40	0x0	nf_tables
__pfx_nf_tables_setelem_notify	0xffffffffc0551dd0	0x0	nf_tables
nf_tables_setelem_notify	0xffffffffc0551de0	0x0	nf_tables
__pfx_nf_tables_commit	0xffffffffc0551f10	0x0	nf_tables
nf_tables_commit	0xffffffffc0551f20	0x0	nf_tables
__pfx_nft_get_set_elem	0xffffffffc0553400	0x0	nf_tables
nft_get_set_elem	0xffffffffc0553410	0x0	nf_tables
__pfx_nf_tables_getsetelem_reset	0xffffffffc05537b0	0x0	nf_tables
nf_tables_getsetelem_reset	0xffffffffc05537c0	0x0	nf_tables
__pfx_nf_tables_getsetelem	0xffffffffc0553aa0	0x0	nf_tables
nf_tables_getsetelem	0xffffffffc0553ab0	0x0	nf_tables
__pfx_nf_tables_dump_setelem	0xffffffffc0553ca0	0x0	nf_tables
nf_tables_dump_setelem	0xffffffffc0553cb0	0x0	nf_tables
__pfx_nf_tables_dump_set	0xffffffffc0553d60	0x0	nf_tables
nf_tables_dump_set	0xffffffffc0553d70	0x0	nf_tables
__pfx_nf_tables_dumpreset_set	0xffffffffc0554190	0x0	nf_tables
nf_tables_dumpreset_set	0xffffffffc05541a0	0x0	nf_tables
__pfx_nft_netdev_event	0xffffffffc0554290	0x0	nf_tables
nft_netdev_event	0xffffffffc05542a0	0x0	nf_tables
__pfx___nf_tables_netdev_event	0xffffffffc0554420	0x0	nf_tables
__nf_tables_netdev_event	0xffffffffc0554430	0x0	nf_tables
__pfx_nf_tables_netdev_event	0xffffffffc0554530	0x0	nf_tables
nf_tables_netdev_event	0xffffffffc0554540	0x0	nf_tables
__pfx_nft_do_chain_arp	0xffffffffc0554600	0x0	nf_tables
nft_do_chain_arp	0xffffffffc0554610	0x0	nf_tables
__pfx_nft_do_chain_inet	0xffffffffc0554660	0x0	nf_tables
nft_do_chain_inet	0xffffffffc0554670	0x0	nf_tables
__pfx_nft_do_chain_inet_ingress	0xffffffffc0554780	0x0	nf_tables
nft_do_chain_inet_ingress	0xffffffffc0554790	0x0	nf_tables
__pfx_nft_do_chain_ipv4	0xffffffffc0554ab0	0x0	nf_tables
nft_do_chain_ipv4	0xffffffffc0554ac0	0x0	nf_tables
__pfx_nft_do_chain_netdev	0xffffffffc0554b50	0x0	nf_tables
nft_do_chain_netdev	0xffffffffc0554b60	0x0	nf_tables
__pfx_nft_do_chain_bridge	0xffffffffc0554e30	0x0	nf_tables
nft_do_chain_bridge	0xffffffffc0554e40	0x0	nf_tables
__pfx_nft_do_chain_ipv6	0xffffffffc0555110	0x0	nf_tables
nft_do_chain_ipv6	0xffffffffc0555120	0x0	nf_tables
__pfx_nft_chain_filter_fini	0xffffffffc05551e0	0x0	nf_tables
nft_chain_filter_fini	0xffffffffc05551f0	0x0	nf_tables
__pfx_nf_trace_fill_pkt_info	0xffffffffc0555260	0x0	nf_tables
nf_trace_fill_pkt_info	0xffffffffc0555270	0x0	nf_tables
__pfx_nft_trace_notify	0xffffffffc0555490	0x0	nf_tables
nft_trace_notify	0xffffffffc05554a0	0x0	nf_tables
__pfx_nft_trace_init	0xffffffffc0555ad0	0x0	nf_tables
nft_trace_init	0xffffffffc0555ae0	0x0	nf_tables
__pfx_nft_immediate_offload_action	0xffffffffc0555c00	0x0	nf_tables
nft_immediate_offload_action	0xffffffffc0555c10	0x0	nf_tables
__pfx_nft_immediate_reduce	0xffffffffc0555c30	0x0	nf_tables
nft_immediate_reduce	0xffffffffc0555c40	0x0	nf_tables
__pfx_nft_immediate_validate	0xffffffffc0555c70	0x0	nf_tables
nft_immediate_validate	0xffffffffc0555c80	0x0	nf_tables
__pfx_nft_immediate_dump	0xffffffffc0555cd0	0x0	nf_tables
nft_immediate_dump	0xffffffffc0555ce0	0x0	nf_tables
__pfx_nft_immediate_destroy	0xffffffffc0555d40	0x0	nf_tables
nft_immediate_destroy	0xffffffffc0555d50	0x0	nf_tables
__pfx_nft_immediate_activate	0xffffffffc0555ea0	0x0	nf_tables
nft_immediate_activate	0xffffffffc0555eb0	0x0	nf_tables
__pfx_nft_immediate_init	0xffffffffc0555fd0	0x0	nf_tables
nft_immediate_init	0xffffffffc0555fe0	0x0	nf_tables
__pfx_nft_immediate_eval	0xffffffffc05560f0	0x0	nf_tables
nft_immediate_eval	0xffffffffc0556100	0x0	nf_tables
__pfx_nft_immediate_offload	0xffffffffc05561e0	0x0	nf_tables
nft_immediate_offload	0xffffffffc05561f0	0x0	nf_tables
__pfx_nft_immediate_deactivate	0xffffffffc05562e0	0x0	nf_tables
nft_immediate_deactivate	0xffffffffc05562f0	0x0	nf_tables
__pfx_nft_cmp_eval	0xffffffffc0556500	0x0	nf_tables
nft_cmp_eval	0xffffffffc0556510	0x0	nf_tables
__pfx_nft_cmp_dump	0xffffffffc05565e0	0x0	nf_tables
nft_cmp_dump	0xffffffffc05565f0	0x0	nf_tables
__pfx_nft_cmp_select_ops	0xffffffffc0556690	0x0	nf_tables
nft_cmp_select_ops	0xffffffffc05566a0	0x0	nf_tables
__pfx_nft_cmp_fast_init	0xffffffffc05567e0	0x0	nf_tables
nft_cmp_fast_init	0xffffffffc05567f0	0x0	nf_tables
__pfx_nft_cmp16_fast_init	0xffffffffc05568f0	0x0	nf_tables
nft_cmp16_fast_init	0xffffffffc0556900	0x0	nf_tables
__pfx_nft_cmp_init	0xffffffffc0556ae0	0x0	nf_tables
nft_cmp_init	0xffffffffc0556af0	0x0	nf_tables
__pfx_nft_cmp_fast_dump	0xffffffffc0556ba0	0x0	nf_tables
nft_cmp_fast_dump	0xffffffffc0556bb0	0x0	nf_tables
__pfx_nft_cmp16_fast_dump	0xffffffffc0556c90	0x0	nf_tables
nft_cmp16_fast_dump	0xffffffffc0556ca0	0x0	nf_tables
__pfx___nft_cmp_offload	0xffffffffc0556d60	0x0	nf_tables
__nft_cmp_offload	0xffffffffc0556d70	0x0	nf_tables
__pfx_nft_cmp_offload	0xffffffffc05570b0	0x0	nf_tables
nft_cmp_offload	0xffffffffc05570c0	0x0	nf_tables
__pfx_nft_cmp_fast_offload	0xffffffffc05570e0	0x0	nf_tables
nft_cmp_fast_offload	0xffffffffc05570f0	0x0	nf_tables
__pfx_nft_cmp16_fast_offload	0xffffffffc05571a0	0x0	nf_tables
nft_cmp16_fast_offload	0xffffffffc05571b0	0x0	nf_tables
__pfx_nft_range_eval	0xffffffffc0557250	0x0	nf_tables
nft_range_eval	0xffffffffc0557260	0x0	nf_tables
__pfx_nft_range_dump	0xffffffffc0557360	0x0	nf_tables
nft_range_dump	0xffffffffc0557370	0x0	nf_tables
__pfx_nft_range_init	0xffffffffc0557430	0x0	nf_tables
nft_range_init	0xffffffffc0557440	0x0	nf_tables
__pfx_nft_bitwise_fast_offload	0xffffffffc05575b0	0x0	nf_tables
nft_bitwise_fast_offload	0xffffffffc05575c0	0x0	nf_tables
__pfx_nft_bitwise_fast_reduce	0xffffffffc0557640	0x0	nf_tables
nft_bitwise_fast_reduce	0xffffffffc0557650	0x0	nf_tables
__pfx_nft_bitwise_fast_dump	0xffffffffc05579c0	0x0	nf_tables
nft_bitwise_fast_dump	0xffffffffc05579d0	0x0	nf_tables
__pfx_nft_bitwise_dump	0xffffffffc0557b00	0x0	nf_tables
nft_bitwise_dump	0xffffffffc0557b10	0x0	nf_tables
__pfx_nft_bitwise_reduce	0xffffffffc0557c60	0x0	nf_tables
nft_bitwise_reduce	0xffffffffc0557c70	0x0	nf_tables
__pfx_nft_expr_reduce_bitwise	0xffffffffc05580b0	0x0	nf_tables
nft_expr_reduce_bitwise	0xffffffffc05580c0	0x0	nf_tables
__pfx_nft_bitwise_init	0xffffffffc0558120	0x0	nf_tables
nft_bitwise_init	0xffffffffc0558130	0x0	nf_tables
__pfx_nft_bitwise_offload	0xffffffffc05583d0	0x0	nf_tables
nft_bitwise_offload	0xffffffffc05583e0	0x0	nf_tables
__pfx_nft_bitwise_select_ops	0xffffffffc05584a0	0x0	nf_tables
nft_bitwise_select_ops	0xffffffffc05584b0	0x0	nf_tables
__pfx_nft_bitwise_eval	0xffffffffc0558560	0x0	nf_tables
nft_bitwise_eval	0xffffffffc0558570	0x0	nf_tables
__pfx_nft_bitwise_fast_init	0xffffffffc0558860	0x0	nf_tables
nft_bitwise_fast_init	0xffffffffc0558870	0x0	nf_tables
__pfx_nft_byteorder_eval	0xffffffffc05589c0	0x0	nf_tables
nft_byteorder_eval	0xffffffffc05589d0	0x0	nf_tables
__pfx_nft_byteorder_reduce	0xffffffffc0558ba0	0x0	nf_tables
nft_byteorder_reduce	0xffffffffc0558bb0	0x0	nf_tables
__pfx_nft_byteorder_dump	0xffffffffc0558bd0	0x0	nf_tables
nft_byteorder_dump	0xffffffffc0558be0	0x0	nf_tables
__pfx_nft_byteorder_init	0xffffffffc0558cd0	0x0	nf_tables
nft_byteorder_init	0xffffffffc0558ce0	0x0	nf_tables
__pfx_nft_payload_reduce	0xffffffffc0558e10	0x0	nf_tables
nft_payload_reduce	0xffffffffc0558e20	0x0	nf_tables
__pfx_nft_payload_dump	0xffffffffc0558f70	0x0	nf_tables
nft_payload_dump	0xffffffffc0558f80	0x0	nf_tables
__pfx_nft_payload_set_dump	0xffffffffc0559050	0x0	nf_tables
nft_payload_set_dump	0xffffffffc0559060	0x0	nf_tables
__pfx_nft_payload_init	0xffffffffc05591b0	0x0	nf_tables
nft_payload_init	0xffffffffc05591c0	0x0	nf_tables
__pfx_nft_payload_inner_init	0xffffffffc0559210	0x0	nf_tables
nft_payload_inner_init	0xffffffffc0559220	0x0	nf_tables
__pfx_nft_payload_select_ops	0xffffffffc05592b0	0x0	nf_tables
nft_payload_select_ops	0xffffffffc05592c0	0x0	nf_tables
__pfx_nft_payload_set_reduce	0xffffffffc0559410	0x0	nf_tables
nft_payload_set_reduce	0xffffffffc0559420	0x0	nf_tables
__pfx_nft_payload_set_init	0xffffffffc05594e0	0x0	nf_tables
nft_payload_set_init	0xffffffffc05594f0	0x0	nf_tables
__pfx_nft_payload_copy_vlan	0xffffffffc0559630	0x0	nf_tables
nft_payload_copy_vlan	0xffffffffc0559640	0x0	nf_tables
__pfx_nft_payload_offload_mask	0xffffffffc05597c0	0x0	nf_tables
nft_payload_offload_mask	0xffffffffc05597d0	0x0	nf_tables
__pfx_nft_payload_offload_tcp.isra.0	0xffffffffc05599e0	0x0	nf_tables
nft_payload_offload_tcp.isra.0	0xffffffffc05599f0	0x0	nf_tables
__pfx_nft_payload_offload_ll.isra.0	0xffffffffc0559b10	0x0	nf_tables
nft_payload_offload_ll.isra.0	0xffffffffc0559b20	0x0	nf_tables
__pfx_nft_payload_offload	0xffffffffc0559e20	0x0	nf_tables
nft_payload_offload	0xffffffffc0559e30	0x0	nf_tables
__pfx_nft_payload_l4csum_update	0xffffffffc055a190	0x0	nf_tables
nft_payload_l4csum_update	0xffffffffc055a1a0	0x0	nf_tables
__pfx___nft_payload_inner_offset	0xffffffffc055a3a0	0x0	nf_tables
__nft_payload_inner_offset	0xffffffffc055a3b0	0x0	nf_tables
__pfx_nft_payload_eval	0xffffffffc055a560	0x0	nf_tables
nft_payload_eval	0xffffffffc055a570	0x0	nf_tables
__pfx_nft_payload_set_eval	0xffffffffc055a700	0x0	nf_tables
nft_payload_set_eval	0xffffffffc055a710	0x0	nf_tables
__pfx_nft_payload_inner_offset	0xffffffffc055aba0	0x0	nf_tables
nft_payload_inner_offset	0xffffffffc055abb0	0x0	nf_tables
__pfx_nft_payload_inner_eval	0xffffffffc055abf0	0x0	nf_tables
nft_payload_inner_eval	0xffffffffc055ac00	0x0	nf_tables
__pfx_nft_set_do_lookup	0xffffffffc055acf0	0x0	nf_tables
nft_set_do_lookup	0xffffffffc055ad00	0x0	nf_tables
__pfx_nft_lookup_reduce	0xffffffffc055ae20	0x0	nf_tables
nft_lookup_reduce	0xffffffffc055ae30	0x0	nf_tables
__pfx_nft_lookup_validate	0xffffffffc055ae70	0x0	nf_tables
nft_lookup_validate	0xffffffffc055ae80	0x0	nf_tables
__pfx_nft_lookup_destroy	0xffffffffc055af50	0x0	nf_tables
nft_lookup_destroy	0xffffffffc055af60	0x0	nf_tables
__pfx_nft_lookup_deactivate	0xffffffffc055af80	0x0	nf_tables
nft_lookup_deactivate	0xffffffffc055af90	0x0	nf_tables
__pfx_nft_lookup_activate	0xffffffffc055afb0	0x0	nf_tables
nft_lookup_activate	0xffffffffc055afc0	0x0	nf_tables
__pfx_nft_lookup_eval	0xffffffffc055afe0	0x0	nf_tables
nft_lookup_eval	0xffffffffc055aff0	0x0	nf_tables
__pfx_nft_lookup_init	0xffffffffc055b1f0	0x0	nf_tables
nft_lookup_init	0xffffffffc055b200	0x0	nf_tables
__pfx_nft_lookup_dump	0xffffffffc055b360	0x0	nf_tables
nft_lookup_dump	0xffffffffc055b370	0x0	nf_tables
__pfx_nft_dynset_destroy	0xffffffffc055b460	0x0	nf_tables
nft_dynset_destroy	0xffffffffc055b470	0x0	nf_tables
__pfx_nft_dynset_deactivate	0xffffffffc055b4e0	0x0	nf_tables
nft_dynset_deactivate	0xffffffffc055b4f0	0x0	nf_tables
__pfx_nft_dynset_activate	0xffffffffc055b510	0x0	nf_tables
nft_dynset_activate	0xffffffffc055b520	0x0	nf_tables
__pfx_nft_dynset_eval	0xffffffffc055b540	0x0	nf_tables
nft_dynset_eval	0xffffffffc055b550	0x0	nf_tables
__pfx_nft_dynset_dump	0xffffffffc055b6f0	0x0	nf_tables
nft_dynset_dump	0xffffffffc055b700	0x0	nf_tables
__pfx_nft_dynset_init	0xffffffffc055b950	0x0	nf_tables
nft_dynset_init	0xffffffffc055b960	0x0	nf_tables
__pfx_nft_dynset_new	0xffffffffc055c100	0x0	nf_tables
nft_dynset_new	0xffffffffc055c110	0x0	nf_tables
__pfx_nft_meta_set_eval	0xffffffffc055c2e0	0x0	nf_tables
nft_meta_set_eval	0xffffffffc055c2f0	0x0	nf_tables
__pfx_nft_meta_select_ops	0xffffffffc055c420	0x0	nf_tables
nft_meta_select_ops	0xffffffffc055c430	0x0	nf_tables
__pfx_nft_meta_inner_eval	0xffffffffc055c4b0	0x0	nf_tables
nft_meta_inner_eval	0xffffffffc055c4c0	0x0	nf_tables
__pfx_nft_secmark_obj_eval	0xffffffffc055c580	0x0	nf_tables
nft_secmark_obj_eval	0xffffffffc055c590	0x0	nf_tables
__pfx_nft_meta_store_ifname	0xffffffffc055c5b0	0x0	nf_tables
nft_meta_store_ifname	0xffffffffc055c5c0	0x0	nf_tables
__pfx_nft_meta_get_eval_skugid	0xffffffffc055c6e0	0x0	nf_tables
nft_meta_get_eval_skugid	0xffffffffc055c6f0	0x0	nf_tables
__pfx_nft_meta_get_eval_time	0xffffffffc055c7d0	0x0	nf_tables
nft_meta_get_eval_time	0xffffffffc055c7e0	0x0	nf_tables
__pfx_nft_meta_get_init	0xffffffffc055c8e0	0x0	nf_tables
nft_meta_get_init	0xffffffffc055c8f0	0x0	nf_tables
__pfx_nft_meta_inner_init	0xffffffffc055c9e0	0x0	nf_tables
nft_meta_inner_init	0xffffffffc055c9f0	0x0	nf_tables
__pfx_nft_meta_set_init	0xffffffffc055ca70	0x0	nf_tables
nft_meta_set_init	0xffffffffc055ca80	0x0	nf_tables
__pfx_nft_meta_get_dump	0xffffffffc055cb40	0x0	nf_tables
nft_meta_get_dump	0xffffffffc055cb50	0x0	nf_tables
__pfx_nft_meta_set_dump	0xffffffffc055cbe0	0x0	nf_tables
nft_meta_set_dump	0xffffffffc055cbf0	0x0	nf_tables
__pfx_nft_meta_get_reduce	0xffffffffc055cc80	0x0	nf_tables
nft_meta_get_reduce	0xffffffffc055cc90	0x0	nf_tables
__pfx_nft_meta_set_reduce	0xffffffffc055cde0	0x0	nf_tables
nft_meta_set_reduce	0xffffffffc055cdf0	0x0	nf_tables
__pfx_nft_meta_get_offload	0xffffffffc055ce80	0x0	nf_tables
nft_meta_get_offload	0xffffffffc055ce90	0x0	nf_tables
__pfx_nft_secmark_compute_secid	0xffffffffc055d070	0x0	nf_tables
nft_secmark_compute_secid	0xffffffffc055d080	0x0	nf_tables
__pfx_nft_secmark_obj_destroy	0xffffffffc055d110	0x0	nf_tables
nft_secmark_obj_destroy	0xffffffffc055d120	0x0	nf_tables
__pfx_nft_secmark_obj_init	0xffffffffc055d150	0x0	nf_tables
nft_secmark_obj_init	0xffffffffc055d160	0x0	nf_tables
__pfx_nft_meta_set_destroy	0xffffffffc055d1e0	0x0	nf_tables
nft_meta_set_destroy	0xffffffffc055d1f0	0x0	nf_tables
__pfx_nft_secmark_obj_dump	0xffffffffc055d220	0x0	nf_tables
nft_secmark_obj_dump	0xffffffffc055d230	0x0	nf_tables
__pfx_nft_meta_set_validate	0xffffffffc055d2b0	0x0	nf_tables
nft_meta_set_validate	0xffffffffc055d2c0	0x0	nf_tables
__pfx_nft_meta_get_validate	0xffffffffc055d310	0x0	nf_tables
nft_meta_get_validate	0xffffffffc055d320	0x0	nf_tables
__pfx_nft_meta_get_eval_sdif.isra.0	0xffffffffc055d3b0	0x0	nf_tables
nft_meta_get_eval_sdif.isra.0	0xffffffffc055d3c0	0x0	nf_tables
__pfx_nft_meta_get_eval_sdifname	0xffffffffc055d410	0x0	nf_tables
nft_meta_get_eval_sdifname	0xffffffffc055d420	0x0	nf_tables
__pfx_nft_meta_get_eval_rtclassid.isra.0	0xffffffffc055d480	0x0	nf_tables
nft_meta_get_eval_rtclassid.isra.0	0xffffffffc055d490	0x0	nf_tables
__pfx_nft_meta_get_eval_kind.isra.0	0xffffffffc055d4c0	0x0	nf_tables
nft_meta_get_eval_kind.isra.0	0xffffffffc055d4d0	0x0	nf_tables
__pfx_nft_meta_get_eval_pkttype_lo.isra.0	0xffffffffc055d640	0x0	nf_tables
nft_meta_get_eval_pkttype_lo.isra.0	0xffffffffc055d650	0x0	nf_tables
__pfx_nft_meta_get_eval_cgroup	0xffffffffc055d780	0x0	nf_tables
nft_meta_get_eval_cgroup	0xffffffffc055d790	0x0	nf_tables
__pfx_nft_meta_get_eval	0xffffffffc055d820	0x0	nf_tables
nft_meta_get_eval	0xffffffffc055d830	0x0	nf_tables
__pfx_nft_rt_get_dump	0xffffffffc055dc00	0x0	nf_tables
nft_rt_get_dump	0xffffffffc055dc10	0x0	nf_tables
__pfx_nft_rt_get_init	0xffffffffc055dca0	0x0	nf_tables
nft_rt_get_init	0xffffffffc055dcb0	0x0	nf_tables
__pfx_nft_rt_validate	0xffffffffc055dd10	0x0	nf_tables
nft_rt_validate	0xffffffffc055dd20	0x0	nf_tables
__pfx_get_tcpmss	0xffffffffc055dd80	0x0	nf_tables
get_tcpmss	0xffffffffc055dd90	0x0	nf_tables
__pfx_nft_rt_get_eval	0xffffffffc055df20	0x0	nf_tables
nft_rt_get_eval	0xffffffffc055df30	0x0	nf_tables
__pfx_nft_exthdr_tcp_strip_init	0xffffffffc055e140	0x0	nf_tables
nft_exthdr_tcp_strip_init	0xffffffffc055e150	0x0	nf_tables
__pfx_nft_exthdr_select_ops	0xffffffffc055e1b0	0x0	nf_tables
nft_exthdr_select_ops	0xffffffffc055e1c0	0x0	nf_tables
__pfx_nft_exthdr_reduce	0xffffffffc055e2d0	0x0	nf_tables
nft_exthdr_reduce	0xffffffffc055e2e0	0x0	nf_tables
__pfx_nft_exthdr_dump_common	0xffffffffc055e470	0x0	nf_tables
nft_exthdr_dump_common	0xffffffffc055e480	0x0	nf_tables
__pfx_nft_exthdr_dump	0xffffffffc055e590	0x0	nf_tables
nft_exthdr_dump	0xffffffffc055e5a0	0x0	nf_tables
__pfx_nft_exthdr_dump_strip	0xffffffffc055e5e0	0x0	nf_tables
nft_exthdr_dump_strip	0xffffffffc055e5f0	0x0	nf_tables
__pfx_nft_exthdr_dump_set	0xffffffffc055e610	0x0	nf_tables
nft_exthdr_dump_set	0xffffffffc055e620	0x0	nf_tables
__pfx_nft_exthdr_init	0xffffffffc055e660	0x0	nf_tables
nft_exthdr_init	0xffffffffc055e670	0x0	nf_tables
__pfx_nft_exthdr_ipv4_init	0xffffffffc055e7c0	0x0	nf_tables
nft_exthdr_ipv4_init	0xffffffffc055e7d0	0x0	nf_tables
__pfx_nft_exthdr_tcp_set_init	0xffffffffc055e820	0x0	nf_tables
nft_exthdr_tcp_set_init	0xffffffffc055e830	0x0	nf_tables
__pfx_nft_exthdr_sctp_eval	0xffffffffc055e980	0x0	nf_tables
nft_exthdr_sctp_eval	0xffffffffc055e990	0x0	nf_tables
__pfx_nft_tcp_header_pointer.constprop.0	0xffffffffc055eb40	0x0	nf_tables
nft_tcp_header_pointer.constprop.0	0xffffffffc055eb50	0x0	nf_tables
__pfx_nft_exthdr_tcp_eval	0xffffffffc055ec30	0x0	nf_tables
nft_exthdr_tcp_eval	0xffffffffc055ec40	0x0	nf_tables
__pfx_nft_exthdr_tcp_set_eval	0xffffffffc055ee50	0x0	nf_tables
nft_exthdr_tcp_set_eval	0xffffffffc055ee60	0x0	nf_tables
__pfx_nft_exthdr_tcp_strip_eval	0xffffffffc055f060	0x0	nf_tables
nft_exthdr_tcp_strip_eval	0xffffffffc055f070	0x0	nf_tables
__pfx_nft_exthdr_ipv6_eval	0xffffffffc055f280	0x0	nf_tables
nft_exthdr_ipv6_eval	0xffffffffc055f290	0x0	nf_tables
__pfx_nft_exthdr_ipv4_eval	0xffffffffc055f3a0	0x0	nf_tables
nft_exthdr_ipv4_eval	0xffffffffc055f3b0	0x0	nf_tables
__pfx_nft_last_eval	0xffffffffc055f640	0x0	nf_tables
nft_last_eval	0xffffffffc055f650	0x0	nf_tables
__pfx_nft_last_dump	0xffffffffc055f690	0x0	nf_tables
nft_last_dump	0xffffffffc055f6a0	0x0	nf_tables
__pfx_nft_last_destroy	0xffffffffc055f780	0x0	nf_tables
nft_last_destroy	0xffffffffc055f790	0x0	nf_tables
__pfx_nft_last_clone	0xffffffffc055f7b0	0x0	nf_tables
nft_last_clone	0xffffffffc055f7c0	0x0	nf_tables
__pfx_nft_last_init	0xffffffffc055f890	0x0	nf_tables
nft_last_init	0xffffffffc055f8a0	0x0	nf_tables
__pfx_nft_counter_offload	0xffffffffc055f970	0x0	nf_tables
nft_counter_offload	0xffffffffc055f980	0x0	nf_tables
__pfx_nft_counter_fetch	0xffffffffc055f9a0	0x0	nf_tables
nft_counter_fetch	0xffffffffc055f9b0	0x0	nf_tables
__pfx_nft_counter_do_dump	0xffffffffc055fa90	0x0	nf_tables
nft_counter_do_dump	0xffffffffc055faa0	0x0	nf_tables
__pfx_nft_counter_obj_dump	0xffffffffc055fbb0	0x0	nf_tables
nft_counter_obj_dump	0xffffffffc055fbc0	0x0	nf_tables
__pfx_nft_counter_dump	0xffffffffc055fbe0	0x0	nf_tables
nft_counter_dump	0xffffffffc055fbf0	0x0	nf_tables
__pfx_nft_counter_offload_stats	0xffffffffc055fc10	0x0	nf_tables
nft_counter_offload_stats	0xffffffffc055fc20	0x0	nf_tables
__pfx_nft_counter_obj_destroy	0xffffffffc055fc70	0x0	nf_tables
nft_counter_obj_destroy	0xffffffffc055fc80	0x0	nf_tables
__pfx_nft_counter_destroy	0xffffffffc055fca0	0x0	nf_tables
nft_counter_destroy	0xffffffffc055fcb0	0x0	nf_tables
__pfx_nft_counter_clone	0xffffffffc055fcd0	0x0	nf_tables
nft_counter_clone	0xffffffffc055fce0	0x0	nf_tables
__pfx_nft_counter_do_init	0xffffffffc055fd80	0x0	nf_tables
nft_counter_do_init	0xffffffffc055fd90	0x0	nf_tables
__pfx_nft_counter_obj_init	0xffffffffc055fe70	0x0	nf_tables
nft_counter_obj_init	0xffffffffc055fe80	0x0	nf_tables
__pfx_nft_counter_init	0xffffffffc055fea0	0x0	nf_tables
nft_counter_init	0xffffffffc055feb0	0x0	nf_tables
__pfx_nft_counter_obj_eval	0xffffffffc055fed0	0x0	nf_tables
nft_counter_obj_eval	0xffffffffc055fee0	0x0	nf_tables
__pfx_nft_counter_eval	0xffffffffc055ff30	0x0	nf_tables
nft_counter_eval	0xffffffffc055ff40	0x0	nf_tables
__pfx_nft_counter_init_seqcount	0xffffffffc055ff90	0x0	nf_tables
nft_counter_init_seqcount	0xffffffffc055ffa0	0x0	nf_tables
__pfx_nft_objref_eval	0xffffffffc0560010	0x0	nf_tables
nft_objref_eval	0xffffffffc0560020	0x0	nf_tables
__pfx_nft_objref_map_eval	0xffffffffc0560050	0x0	nf_tables
nft_objref_map_eval	0xffffffffc0560060	0x0	nf_tables
__pfx_nft_objref_dump	0xffffffffc0560100	0x0	nf_tables
nft_objref_dump	0xffffffffc0560110	0x0	nf_tables
__pfx_nft_objref_deactivate	0xffffffffc05601b0	0x0	nf_tables
nft_objref_deactivate	0xffffffffc05601c0	0x0	nf_tables
__pfx_nft_objref_activate	0xffffffffc05601f0	0x0	nf_tables
nft_objref_activate	0xffffffffc0560200	0x0	nf_tables
__pfx_nft_objref_init	0xffffffffc0560230	0x0	nf_tables
nft_objref_init	0xffffffffc0560240	0x0	nf_tables
__pfx_nft_objref_map_destroy	0xffffffffc05602d0	0x0	nf_tables
nft_objref_map_destroy	0xffffffffc05602e0	0x0	nf_tables
__pfx_nft_objref_map_deactivate	0xffffffffc0560300	0x0	nf_tables
nft_objref_map_deactivate	0xffffffffc0560310	0x0	nf_tables
__pfx_nft_objref_map_activate	0xffffffffc0560330	0x0	nf_tables
nft_objref_map_activate	0xffffffffc0560340	0x0	nf_tables
__pfx_nft_objref_map_init	0xffffffffc0560360	0x0	nf_tables
nft_objref_map_init	0xffffffffc0560370	0x0	nf_tables
__pfx_nft_objref_select_ops	0xffffffffc0560420	0x0	nf_tables
nft_objref_select_ops	0xffffffffc0560430	0x0	nf_tables
__pfx_nft_objref_validate	0xffffffffc0560480	0x0	nf_tables
nft_objref_validate	0xffffffffc0560490	0x0	nf_tables
__pfx_nft_objref_map_validate	0xffffffffc05604f0	0x0	nf_tables
nft_objref_map_validate	0xffffffffc0560500	0x0	nf_tables
__pfx_nft_objref_map_dump	0xffffffffc0560550	0x0	nf_tables
nft_objref_map_dump	0xffffffffc0560560	0x0	nf_tables
__pfx_nft_inner_dump	0xffffffffc05605c0	0x0	nf_tables
nft_inner_dump	0xffffffffc05605d0	0x0	nf_tables
__pfx_nft_inner_init	0xffffffffc05606d0	0x0	nf_tables
nft_inner_init	0xffffffffc05606e0	0x0	nf_tables
__pfx_nft_inner_parse_l2l3.isra.0	0xffffffffc0560860	0x0	nf_tables
nft_inner_parse_l2l3.isra.0	0xffffffffc0560870	0x0	nf_tables
__pfx_nft_inner_eval	0xffffffffc0560c60	0x0	nf_tables
nft_inner_eval	0xffffffffc0560c70	0x0	nf_tables
__pfx_nf_route_table_hook4	0xffffffffc0560f10	0x0	nf_tables
nf_route_table_hook4	0xffffffffc0560f20	0x0	nf_tables
__pfx_nf_route_table_hook6	0xffffffffc0561040	0x0	nf_tables
nf_route_table_hook6	0xffffffffc0561050	0x0	nf_tables
__pfx_nf_route_table_inet	0xffffffffc0561200	0x0	nf_tables
nf_route_table_inet	0xffffffffc0561210	0x0	nf_tables
__pfx_nft_flow_cls_offload_setup	0xffffffffc0561290	0x0	nf_tables
nft_flow_cls_offload_setup	0xffffffffc05612a0	0x0	nf_tables
__pfx_nft_flow_block_offload_init	0xffffffffc0561320	0x0	nf_tables
nft_flow_block_offload_init	0xffffffffc0561330	0x0	nf_tables
__pfx_nft_flow_offload_cmd	0xffffffffc0561390	0x0	nf_tables
nft_flow_offload_cmd	0xffffffffc05613a0	0x0	nf_tables
__pfx_nft_flow_offload_unbind	0xffffffffc0561470	0x0	nf_tables
nft_flow_offload_unbind	0xffffffffc0561480	0x0	nf_tables
__pfx_nft_block_offload_cmd	0xffffffffc05615f0	0x0	nf_tables
nft_block_offload_cmd	0xffffffffc0561600	0x0	nf_tables
__pfx_nft_indr_block_cleanup	0xffffffffc0561710	0x0	nf_tables
nft_indr_block_cleanup	0xffffffffc0561720	0x0	nf_tables
__pfx_nft_indr_block_offload_cmd	0xffffffffc0561850	0x0	nf_tables
nft_indr_block_offload_cmd	0xffffffffc0561860	0x0	nf_tables
__pfx_nft_flow_block_chain	0xffffffffc0561980	0x0	nf_tables
nft_flow_block_chain	0xffffffffc0561990	0x0	nf_tables
__pfx_nft_offload_netdev_event	0xffffffffc0561b30	0x0	nf_tables
nft_offload_netdev_event	0xffffffffc0561b40	0x0	nf_tables
__pfx_nft_flow_rule_offload_abort	0xffffffffc0561c60	0x0	nf_tables
nft_flow_rule_offload_abort	0xffffffffc0561c70	0x0	nf_tables
__pfx_nft_flow_rule_set_addr_type	0xffffffffc0561df0	0x0	nf_tables
nft_flow_rule_set_addr_type	0xffffffffc0561e00	0x0	nf_tables
__pfx_nft_flow_rule_destroy	0xffffffffc0561e40	0x0	nf_tables
nft_flow_rule_destroy	0xffffffffc0561e50	0x0	nf_tables
__pfx_nft_flow_rule_create	0xffffffffc0561ed0	0x0	nf_tables
nft_flow_rule_create	0xffffffffc0561ee0	0x0	nf_tables
__pfx_nft_offload_set_dependency	0xffffffffc0562200	0x0	nf_tables
nft_offload_set_dependency	0xffffffffc0562210	0x0	nf_tables
__pfx_nft_offload_update_dependency	0xffffffffc0562230	0x0	nf_tables
nft_offload_update_dependency	0xffffffffc0562240	0x0	nf_tables
__pfx_nft_chain_offload_support	0xffffffffc0562290	0x0	nf_tables
nft_chain_offload_support	0xffffffffc05622a0	0x0	nf_tables
__pfx_nft_flow_rule_stats	0xffffffffc0562340	0x0	nf_tables
nft_flow_rule_stats	0xffffffffc0562350	0x0	nf_tables
__pfx_nft_flow_rule_offload_commit	0xffffffffc0562400	0x0	nf_tables
nft_flow_rule_offload_commit	0xffffffffc0562410	0x0	nf_tables
__pfx_nft_offload_init	0xffffffffc05625e0	0x0	nf_tables
nft_offload_init	0xffffffffc05625f0	0x0	nf_tables
__pfx_nft_offload_exit	0xffffffffc0562610	0x0	nf_tables
nft_offload_exit	0xffffffffc0562620	0x0	nf_tables
__pfx_jhash	0xffffffffc0562640	0x0	nf_tables
jhash	0xffffffffc0562650	0x0	nf_tables
__pfx_nft_rhash_key	0xffffffffc05627d0	0x0	nf_tables
nft_rhash_key	0xffffffffc05627e0	0x0	nf_tables
__pfx_nft_rhash_obj	0xffffffffc0562800	0x0	nf_tables
nft_rhash_obj	0xffffffffc0562810	0x0	nf_tables
__pfx_nft_rhash_activate	0xffffffffc0562830	0x0	nf_tables
nft_rhash_activate	0xffffffffc0562840	0x0	nf_tables
__pfx_nft_rhash_flush	0xffffffffc0562870	0x0	nf_tables
nft_rhash_flush	0xffffffffc0562880	0x0	nf_tables
__pfx_nft_rhash_privsize	0xffffffffc05628b0	0x0	nf_tables
nft_rhash_privsize	0xffffffffc05628c0	0x0	nf_tables
__pfx_nft_rhash_estimate	0xffffffffc05628e0	0x0	nf_tables
nft_rhash_estimate	0xffffffffc05628f0	0x0	nf_tables
__pfx_nft_hash_activate	0xffffffffc0562920	0x0	nf_tables
nft_hash_activate	0xffffffffc0562930	0x0	nf_tables
__pfx_nft_hash_remove	0xffffffffc0562960	0x0	nf_tables
nft_hash_remove	0xffffffffc0562970	0x0	nf_tables
__pfx_nft_hash_walk	0xffffffffc05629a0	0x0	nf_tables
nft_hash_walk	0xffffffffc05629b0	0x0	nf_tables
__pfx_nft_rhash_cmp	0xffffffffc0562a40	0x0	nf_tables
nft_rhash_cmp	0xffffffffc0562a50	0x0	nf_tables
__pfx_nft_hash_lookup	0xffffffffc0562ae0	0x0	nf_tables
nft_hash_lookup	0xffffffffc0562af0	0x0	nf_tables
__pfx_nft_rhash_destroy	0xffffffffc0562ba0	0x0	nf_tables
nft_rhash_destroy	0xffffffffc0562bb0	0x0	nf_tables
__pfx_nft_rhash_elem_destroy	0xffffffffc0562c60	0x0	nf_tables
nft_rhash_elem_destroy	0xffffffffc0562c70	0x0	nf_tables
__pfx_nft_hash_destroy	0xffffffffc0562c90	0x0	nf_tables
nft_hash_destroy	0xffffffffc0562ca0	0x0	nf_tables
__pfx_nft_rhash_walk	0xffffffffc0562d60	0x0	nf_tables
nft_rhash_walk	0xffffffffc0562d70	0x0	nf_tables
__pfx_nft_hash_buckets	0xffffffffc0562e50	0x0	nf_tables
nft_hash_buckets	0xffffffffc0562e60	0x0	nf_tables
__pfx_nft_hash_init	0xffffffffc0562ec0	0x0	nf_tables
nft_hash_init	0xffffffffc0562ed0	0x0	nf_tables
__pfx_nft_hash_estimate	0xffffffffc0562f10	0x0	nf_tables
nft_hash_estimate	0xffffffffc0562f20	0x0	nf_tables
__pfx_nft_hash_privsize	0xffffffffc0562f80	0x0	nf_tables
nft_hash_privsize	0xffffffffc0562f90	0x0	nf_tables
__pfx_nft_hash_fast_estimate	0xffffffffc0562fc0	0x0	nf_tables
nft_hash_fast_estimate	0xffffffffc0562fd0	0x0	nf_tables
__pfx_nft_jhash	0xffffffffc0563030	0x0	nf_tables
nft_jhash	0xffffffffc0563040	0x0	nf_tables
__pfx_nft_hash_deactivate	0xffffffffc05630d0	0x0	nf_tables
nft_hash_deactivate	0xffffffffc05630e0	0x0	nf_tables
__pfx_nft_hash_insert	0xffffffffc0563190	0x0	nf_tables
nft_hash_insert	0xffffffffc05631a0	0x0	nf_tables
__pfx_schedule_work.isra.0	0xffffffffc05632b0	0x0	nf_tables
schedule_work.isra.0	0xffffffffc05632c0	0x0	nf_tables
__pfx_nft_rhash_gc_init	0xffffffffc05632e0	0x0	nf_tables
nft_rhash_gc_init	0xffffffffc05632f0	0x0	nf_tables
__pfx_nft_hash_flush	0xffffffffc0563340	0x0	nf_tables
nft_hash_flush	0xffffffffc0563350	0x0	nf_tables
__pfx_nft_rhash_gc	0xffffffffc0563380	0x0	nf_tables
nft_rhash_gc	0xffffffffc0563390	0x0	nf_tables
__pfx___rhashtable_remove_fast_one.constprop.0	0xffffffffc0563660	0x0	nf_tables
__rhashtable_remove_fast_one.constprop.0	0xffffffffc0563670	0x0	nf_tables
__pfx_nft_rhash_remove	0xffffffffc0563870	0x0	nf_tables
nft_rhash_remove	0xffffffffc0563880	0x0	nf_tables
__pfx_nft_hash_get	0xffffffffc05638d0	0x0	nf_tables
nft_hash_get	0xffffffffc05638e0	0x0	nf_tables
__pfx_nft_hash_lookup_fast	0xffffffffc05639a0	0x0	nf_tables
nft_hash_lookup_fast	0xffffffffc05639b0	0x0	nf_tables
__pfx_nft_rhash_init	0xffffffffc0563a80	0x0	nf_tables
nft_rhash_init	0xffffffffc0563a90	0x0	nf_tables
__pfx_nft_rhash_delete	0xffffffffc0563bb0	0x0	nf_tables
nft_rhash_delete	0xffffffffc0563bc0	0x0	nf_tables
__pfx_nft_rhash_get	0xffffffffc0563d50	0x0	nf_tables
nft_rhash_get	0xffffffffc0563d60	0x0	nf_tables
__pfx_nft_rhash_lookup	0xffffffffc0563f10	0x0	nf_tables
nft_rhash_lookup	0xffffffffc0563f20	0x0	nf_tables
__pfx_nft_rhash_deactivate	0xffffffffc05640d0	0x0	nf_tables
nft_rhash_deactivate	0xffffffffc05640e0	0x0	nf_tables
__pfx___rhashtable_insert_fast.constprop.0	0xffffffffc05642c0	0x0	nf_tables
__rhashtable_insert_fast.constprop.0	0xffffffffc05642d0	0x0	nf_tables
__pfx_nft_rhash_update	0xffffffffc0564560	0x0	nf_tables
nft_rhash_update	0xffffffffc0564570	0x0	nf_tables
__pfx_nft_rhash_insert	0xffffffffc0564800	0x0	nf_tables
nft_rhash_insert	0xffffffffc0564810	0x0	nf_tables
__pfx_nft_bitmap_remove	0xffffffffc05648e0	0x0	nf_tables
nft_bitmap_remove	0xffffffffc05648f0	0x0	nf_tables
__pfx_nft_bitmap_activate	0xffffffffc0564970	0x0	nf_tables
nft_bitmap_activate	0xffffffffc0564980	0x0	nf_tables
__pfx_nft_bitmap_flush	0xffffffffc05649f0	0x0	nf_tables
nft_bitmap_flush	0xffffffffc0564a00	0x0	nf_tables
__pfx_nft_bitmap_walk	0xffffffffc0564a70	0x0	nf_tables
nft_bitmap_walk	0xffffffffc0564a80	0x0	nf_tables
__pfx_nft_bitmap_destroy	0xffffffffc0564b00	0x0	nf_tables
nft_bitmap_destroy	0xffffffffc0564b10	0x0	nf_tables
__pfx_nft_bitmap_get	0xffffffffc0564b60	0x0	nf_tables
nft_bitmap_get	0xffffffffc0564b70	0x0	nf_tables
__pfx_nft_bitmap_estimate	0xffffffffc0564c10	0x0	nf_tables
nft_bitmap_estimate	0xffffffffc0564c20	0x0	nf_tables
__pfx_nft_bitmap_elem_find.isra.0	0xffffffffc0564cc0	0x0	nf_tables
nft_bitmap_elem_find.isra.0	0xffffffffc0564cd0	0x0	nf_tables
__pfx_nft_bitmap_insert	0xffffffffc0564d50	0x0	nf_tables
nft_bitmap_insert	0xffffffffc0564d60	0x0	nf_tables
__pfx_nft_bitmap_deactivate	0xffffffffc0564e10	0x0	nf_tables
nft_bitmap_deactivate	0xffffffffc0564e20	0x0	nf_tables
__pfx_nft_bitmap_lookup	0xffffffffc0564ec0	0x0	nf_tables
nft_bitmap_lookup	0xffffffffc0564ed0	0x0	nf_tables
__pfx_nft_bitmap_init	0xffffffffc0564f50	0x0	nf_tables
nft_bitmap_init	0xffffffffc0564f60	0x0	nf_tables
__pfx_nft_bitmap_privsize	0xffffffffc0564fd0	0x0	nf_tables
nft_bitmap_privsize	0xffffffffc0564fe0	0x0	nf_tables
__pfx_nft_rbtree_activate	0xffffffffc0565030	0x0	nf_tables
nft_rbtree_activate	0xffffffffc0565040	0x0	nf_tables
__pfx_nft_rbtree_flush	0xffffffffc0565070	0x0	nf_tables
nft_rbtree_flush	0xffffffffc0565080	0x0	nf_tables
__pfx_nft_rbtree_privsize	0xffffffffc05650b0	0x0	nf_tables
nft_rbtree_privsize	0xffffffffc05650c0	0x0	nf_tables
__pfx_nft_rbtree_init	0xffffffffc05650e0	0x0	nf_tables
nft_rbtree_init	0xffffffffc05650f0	0x0	nf_tables
__pfx_nft_rbtree_gc_init	0xffffffffc0565130	0x0	nf_tables
nft_rbtree_gc_init	0xffffffffc0565140	0x0	nf_tables
__pfx_nft_rbtree_ksize	0xffffffffc0565160	0x0	nf_tables
nft_rbtree_ksize	0xffffffffc0565170	0x0	nf_tables
__pfx_nft_rbtree_usize	0xffffffffc0565190	0x0	nf_tables
nft_rbtree_usize	0xffffffffc05651a0	0x0	nf_tables
__pfx_nft_rbtree_cmp	0xffffffffc05651c0	0x0	nf_tables
nft_rbtree_cmp	0xffffffffc05651d0	0x0	nf_tables
__pfx_nft_rbtree_destroy	0xffffffffc0565210	0x0	nf_tables
nft_rbtree_destroy	0xffffffffc0565220	0x0	nf_tables
__pfx_nft_rbtree_walk	0xffffffffc0565280	0x0	nf_tables
nft_rbtree_walk	0xffffffffc0565290	0x0	nf_tables
__pfx_nft_rbtree_estimate	0xffffffffc0565330	0x0	nf_tables
nft_rbtree_estimate	0xffffffffc0565340	0x0	nf_tables
__pfx_nft_rbtree_remove	0xffffffffc0565390	0x0	nf_tables
nft_rbtree_remove	0xffffffffc05653a0	0x0	nf_tables
__pfx_nft_rbtree_gc	0xffffffffc0565400	0x0	nf_tables
nft_rbtree_gc	0xffffffffc0565410	0x0	nf_tables
__pfx_nft_rbtree_commit	0xffffffffc05655f0	0x0	nf_tables
nft_rbtree_commit	0xffffffffc0565600	0x0	nf_tables
__pfx_nft_rbtree_adjust_maxsize	0xffffffffc0565660	0x0	nf_tables
nft_rbtree_adjust_maxsize	0xffffffffc0565670	0x0	nf_tables
__pfx_nft_rbtree_deactivate	0xffffffffc05656e0	0x0	nf_tables
nft_rbtree_deactivate	0xffffffffc05656f0	0x0	nf_tables
__pfx___nft_rbtree_get.isra.0	0xffffffffc0565860	0x0	nf_tables
__nft_rbtree_get.isra.0	0xffffffffc0565870	0x0	nf_tables
__pfx_nft_rbtree_get	0xffffffffc0565a30	0x0	nf_tables
nft_rbtree_get	0xffffffffc0565a40	0x0	nf_tables
__pfx___nft_rbtree_lookup	0xffffffffc0565b60	0x0	nf_tables
__nft_rbtree_lookup	0xffffffffc0565b70	0x0	nf_tables
__pfx_nft_rbtree_lookup	0xffffffffc0565d90	0x0	nf_tables
nft_rbtree_lookup	0xffffffffc0565da0	0x0	nf_tables
__pfx___nft_rbtree_insert	0xffffffffc0565e60	0x0	nf_tables
__nft_rbtree_insert	0xffffffffc0565e70	0x0	nf_tables
__pfx_nft_rbtree_insert	0xffffffffc05665a0	0x0	nf_tables
nft_rbtree_insert	0xffffffffc05665b0	0x0	nf_tables
__pfx_pipapo_rules_same_key	0xffffffffc0566660	0x0	nf_tables
pipapo_rules_same_key	0xffffffffc0566670	0x0	nf_tables
__pfx_nft_pipapo_activate	0xffffffffc05666c0	0x0	nf_tables
nft_pipapo_activate	0xffffffffc05666d0	0x0	nf_tables
__pfx_nft_pipapo_flush	0xffffffffc0566700	0x0	nf_tables
nft_pipapo_flush	0xffffffffc0566710	0x0	nf_tables
__pfx_nft_pipapo_do_walk	0xffffffffc0566740	0x0	nf_tables
nft_pipapo_do_walk	0xffffffffc0566750	0x0	nf_tables
__pfx_nft_pipapo_privsize	0xffffffffc0566810	0x0	nf_tables
nft_pipapo_privsize	0xffffffffc0566820	0x0	nf_tables
__pfx_nft_pipapo_gc_init	0xffffffffc0566840	0x0	nf_tables
nft_pipapo_gc_init	0xffffffffc0566850	0x0	nf_tables
__pfx_pipapo_bucket_set	0xffffffffc0566870	0x0	nf_tables
pipapo_bucket_set	0xffffffffc0566880	0x0	nf_tables
__pfx_nft_set_pipapo_match_destroy	0xffffffffc05668f0	0x0	nf_tables
nft_set_pipapo_match_destroy	0xffffffffc0566900	0x0	nf_tables
__pfx_nft_pipapo_init	0xffffffffc0566980	0x0	nf_tables
nft_pipapo_init	0xffffffffc0566990	0x0	nf_tables
__pfx_nft_pipapo_estimate	0xffffffffc0566b90	0x0	nf_tables
nft_pipapo_estimate	0xffffffffc0566ba0	0x0	nf_tables
__pfx_pipapo_lt_8b_to_4b	0xffffffffc0566d40	0x0	nf_tables
pipapo_lt_8b_to_4b	0xffffffffc0566d50	0x0	nf_tables
__pfx_pipapo_step_after_end	0xffffffffc0566f20	0x0	nf_tables
pipapo_step_after_end	0xffffffffc0566f30	0x0	nf_tables
__pfx_pipapo_unmap	0xffffffffc0567060	0x0	nf_tables
pipapo_unmap	0xffffffffc0567070	0x0	nf_tables
__pfx_pipapo_realloc_mt	0xffffffffc0567110	0x0	nf_tables
pipapo_realloc_mt	0xffffffffc0567120	0x0	nf_tables
__pfx_pipapo_get_boundaries.isra.0	0xffffffffc0567290	0x0	nf_tables
pipapo_get_boundaries.isra.0	0xffffffffc05672a0	0x0	nf_tables
__pfx_pipapo_match_field	0xffffffffc05673e0	0x0	nf_tables
pipapo_match_field	0xffffffffc05673f0	0x0	nf_tables
__pfx_pipapo_realloc_scratch	0xffffffffc05674d0	0x0	nf_tables
pipapo_realloc_scratch	0xffffffffc05674e0	0x0	nf_tables
__pfx_pipapo_clone	0xffffffffc0567690	0x0	nf_tables
pipapo_clone	0xffffffffc05676a0	0x0	nf_tables
__pfx_nft_pipapo_walk	0xffffffffc0567aa0	0x0	nf_tables
nft_pipapo_walk	0xffffffffc0567ab0	0x0	nf_tables
__pfx_pipapo_free_match	0xffffffffc0567b50	0x0	nf_tables
pipapo_free_match	0xffffffffc0567b60	0x0	nf_tables
__pfx_nft_pipapo_destroy	0xffffffffc0567c30	0x0	nf_tables
nft_pipapo_destroy	0xffffffffc0567c40	0x0	nf_tables
__pfx_nft_pipapo_abort	0xffffffffc0567cd0	0x0	nf_tables
nft_pipapo_abort	0xffffffffc0567ce0	0x0	nf_tables
__pfx_pipapo_reclaim_match	0xffffffffc0567d20	0x0	nf_tables
pipapo_reclaim_match	0xffffffffc0567d30	0x0	nf_tables
__pfx_pipapo_resize	0xffffffffc0567d50	0x0	nf_tables
pipapo_resize	0xffffffffc0567d60	0x0	nf_tables
__pfx_pipapo_lt_bits_adjust	0xffffffffc0567f50	0x0	nf_tables
pipapo_lt_bits_adjust	0xffffffffc0567f60	0x0	nf_tables
__pfx_pipapo_drop	0xffffffffc0568170	0x0	nf_tables
pipapo_drop	0xffffffffc0568180	0x0	nf_tables
__pfx_pipapo_gc_scan	0xffffffffc05682e0	0x0	nf_tables
pipapo_gc_scan	0xffffffffc05682f0	0x0	nf_tables
__pfx_nft_pipapo_commit	0xffffffffc0568680	0x0	nf_tables
nft_pipapo_commit	0xffffffffc0568690	0x0	nf_tables
__pfx_nft_pipapo_remove	0xffffffffc05687d0	0x0	nf_tables
nft_pipapo_remove	0xffffffffc05687e0	0x0	nf_tables
__pfx_pipapo_insert	0xffffffffc0568ad0	0x0	nf_tables
pipapo_insert	0xffffffffc0568ae0	0x0	nf_tables
__pfx_pipapo_expand	0xffffffffc0568d30	0x0	nf_tables
pipapo_expand	0xffffffffc0568d40	0x0	nf_tables
__pfx_pipapo_refill	0xffffffffc0568ee0	0x0	nf_tables
pipapo_refill	0xffffffffc0568ef0	0x0	nf_tables
__pfx_pipapo_get	0xffffffffc0568fe0	0x0	nf_tables
pipapo_get	0xffffffffc0568ff0	0x0	nf_tables
__pfx_nft_pipapo_lookup	0xffffffffc0569330	0x0	nf_tables
nft_pipapo_lookup	0xffffffffc0569340	0x0	nf_tables
__pfx_nft_pipapo_get	0xffffffffc0569370	0x0	nf_tables
nft_pipapo_get	0xffffffffc0569380	0x0	nf_tables
__pfx_nft_pipapo_deactivate	0xffffffffc05693f0	0x0	nf_tables
nft_pipapo_deactivate	0xffffffffc0569400	0x0	nf_tables
__pfx_nft_pipapo_insert	0xffffffffc05694a0	0x0	nf_tables
nft_pipapo_insert	0xffffffffc05694b0	0x0	nf_tables
__pfx_nft_pipapo_avx2_fill	0xffffffffc0569a20	0x0	nf_tables
nft_pipapo_avx2_fill	0xffffffffc0569a30	0x0	nf_tables
__pfx_nft_pipapo_avx2_refill	0xffffffffc0569b80	0x0	nf_tables
nft_pipapo_avx2_refill	0xffffffffc0569b90	0x0	nf_tables
__pfx_nft_pipapo_avx2_lookup_slow.constprop.0	0xffffffffc0569e30	0x0	nf_tables
nft_pipapo_avx2_lookup_slow.constprop.0	0xffffffffc0569e40	0x0	nf_tables
__pfx_nft_pipapo_avx2_lookup_8b_16.constprop.0	0xffffffffc056a040	0x0	nf_tables
nft_pipapo_avx2_lookup_8b_16.constprop.0	0xffffffffc056a050	0x0	nf_tables
__pfx_nft_pipapo_avx2_lookup_8b_6.constprop.0	0xffffffffc056a310	0x0	nf_tables
nft_pipapo_avx2_lookup_8b_6.constprop.0	0xffffffffc056a320	0x0	nf_tables
__pfx_nft_pipapo_avx2_lookup_8b_4.constprop.0	0xffffffffc056a530	0x0	nf_tables
nft_pipapo_avx2_lookup_8b_4.constprop.0	0xffffffffc056a540	0x0	nf_tables
__pfx_nft_pipapo_avx2_lookup_4b_32.constprop.0	0xffffffffc056a6f0	0x0	nf_tables
nft_pipapo_avx2_lookup_4b_32.constprop.0	0xffffffffc056a700	0x0	nf_tables
__pfx_nft_pipapo_avx2_lookup_4b_12.constprop.0	0xffffffffc056afa0	0x0	nf_tables
nft_pipapo_avx2_lookup_4b_12.constprop.0	0xffffffffc056afb0	0x0	nf_tables
__pfx_nft_pipapo_avx2_lookup_4b_8.constprop.0	0xffffffffc056b340	0x0	nf_tables
nft_pipapo_avx2_lookup_4b_8.constprop.0	0xffffffffc056b350	0x0	nf_tables
__pfx_nft_pipapo_avx2_lookup_4b_4.constprop.0	0xffffffffc056b600	0x0	nf_tables
nft_pipapo_avx2_lookup_4b_4.constprop.0	0xffffffffc056b610	0x0	nf_tables
__pfx_nft_pipapo_avx2_estimate	0xffffffffc056b7f0	0x0	nf_tables
nft_pipapo_avx2_estimate	0xffffffffc056b800	0x0	nf_tables
__pfx_nft_pipapo_avx2_lookup	0xffffffffc056b9c0	0x0	nf_tables
nft_pipapo_avx2_lookup	0xffffffffc056b9d0	0x0	nf_tables
__pfx_nft_ct_get_fast_eval	0xffffffffc056c150	0x0	nf_tables
nft_ct_get_fast_eval	0xffffffffc056c160	0x0	nf_tables
__nft_trace_packet.cold	0xffffffffc056c276	0x0	nf_tables
__nft_trace_verdict.cold	0xffffffffc056c2d0	0x0	nf_tables
nft_do_chain.cold	0xffffffffc056c2ed	0x0	nf_tables
nft_chain_validate_hooks.cold	0xffffffffc056c34c	0x0	nf_tables
nft_trans_commit_list_add_tail.cold	0xffffffffc056c367	0x0	nf_tables
nft_trans_commit_list_add_elem.cold	0xffffffffc056c391	0x0	nf_tables
nft_request_module.cold	0xffffffffc056c3e4	0x0	nf_tables
nf_tables_module_autoload_cleanup.cold	0xffffffffc056c3f8	0x0	nf_tables
nft_commit_notify.cold	0xffffffffc056c413	0x0	nf_tables
nft_chain_validate.cold	0xffffffffc056c49c	0x0	nf_tables
__rhashtable_remove_fast_one.isra.0.cold	0xffffffffc056c4d3	0x0	nf_tables
nft_set_catchall_lookup.cold	0xffffffffc056c4e7	0x0	nf_tables
nft_trans_alloc.cold	0xffffffffc056c507	0x0	nf_tables
nf_tables_updtable.constprop.0.cold	0xffffffffc056c523	0x0	nf_tables
nft_set_dump_ctx_init.cold	0xffffffffc056c549	0x0	nf_tables
__nft_trans_set_add.cold	0xffffffffc056c57c	0x0	nf_tables
nft_flowtable_update.constprop.0.cold	0xffffffffc056c59c	0x0	nf_tables
nf_tables_newflowtable.cold	0xffffffffc056c5b8	0x0	nf_tables
nf_tables_updchain.constprop.0.cold	0xffffffffc056c5ec	0x0	nf_tables
nf_tables_dump_tables.cold	0xffffffffc056c623	0x0	nf_tables
nf_tables_gettable.cold	0xffffffffc056c64c	0x0	nf_tables
nf_tables_table_notify.cold	0xffffffffc056c677	0x0	nf_tables
nf_tables_obj_notify.cold	0xffffffffc056c6a0	0x0	nf_tables
nf_tables_getobj_single.cold	0xffffffffc056c6bc	0x0	nf_tables
nf_tables_dump_obj.cold	0xffffffffc056c6df	0x0	nf_tables
nf_tables_dump_flowtable.cold	0xffffffffc056c73c	0x0	nf_tables
nf_tables_getflowtable.cold	0xffffffffc056c762	0x0	nf_tables
nf_tables_flowtable_notify.cold	0xffffffffc056c78f	0x0	nf_tables
nf_tables_newtable.cold	0xffffffffc056c7c6	0x0	nf_tables
nf_tables_dump_chains.cold	0xffffffffc056c7ee	0x0	nf_tables
nf_tables_getchain.cold	0xffffffffc056c817	0x0	nf_tables
nf_tables_chain_notify.cold	0xffffffffc056c83b	0x0	nf_tables
nf_tables_newobj.cold	0xffffffffc056c864	0x0	nf_tables
nf_tables_rule_notify.cold	0xffffffffc056c888	0x0	nf_tables
__nf_tables_dump_rules.cold	0xffffffffc056c8b1	0x0	nf_tables
nf_tables_dump_rules.cold	0xffffffffc056c926	0x0	nf_tables
nf_tables_getrule_single.cold	0xffffffffc056c93f	0x0	nf_tables
nf_tables_getset.cold	0xffffffffc056c962	0x0	nf_tables
nf_tables_dump_sets.cold	0xffffffffc056c993	0x0	nf_tables
nf_tables_set_notify.constprop.0.cold	0xffffffffc056c9c4	0x0	nf_tables
nf_tables_newrule.cold	0xffffffffc056c9fb	0x0	nf_tables
nf_tables_abort_release.cold	0xffffffffc056ca59	0x0	nf_tables
nft_commit_release.cold	0xffffffffc056ca83	0x0	nf_tables
nft_add_set_elem.cold	0xffffffffc056caad	0x0	nf_tables
__nf_tables_abort.cold	0xffffffffc056caf9	0x0	nf_tables
nf_tables_addchain.constprop.0.cold	0xffffffffc056ccd4	0x0	nf_tables
nf_tables_setelem_notify.cold	0xffffffffc056ccfa	0x0	nf_tables
nf_tables_commit.cold	0xffffffffc056cd31	0x0	nf_tables
nft_get_set_elem.cold	0xffffffffc056ceae	0x0	nf_tables
nf_tables_dump_setelem.cold	0xffffffffc056ced4	0x0	nf_tables
nf_tables_dump_set.cold	0xffffffffc056ceef	0x0	nf_tables
nft_trace_notify.cold	0xffffffffc056cf5f	0x0	nf_tables
nft_immediate_eval.cold	0xffffffffc056cf7b	0x0	nf_tables
nft_cmp_fast_init.cold	0xffffffffc056cf98	0x0	nf_tables
nft_cmp16_fast_init.cold	0xffffffffc056cfbf	0x0	nf_tables
nft_cmp_fast_dump.cold	0xffffffffc056cfe3	0x0	nf_tables
nft_cmp16_fast_dump.cold	0xffffffffc056cff7	0x0	nf_tables
__nft_cmp_offload.cold	0xffffffffc056d00b	0x0	nf_tables
nft_cmp_fast_offload.cold	0xffffffffc056d087	0x0	nf_tables
nft_cmp16_fast_offload.cold	0xffffffffc056d09b	0x0	nf_tables
nft_bitwise_eval.cold	0xffffffffc056d0af	0x0	nf_tables
nft_payload_offload_mask.cold	0xffffffffc056d17f	0x0	nf_tables
nft_lookup_eval.cold	0xffffffffc056d19f	0x0	nf_tables
nft_lookup_init.cold	0xffffffffc056d211	0x0	nf_tables
nft_lookup_dump.cold	0xffffffffc056d226	0x0	nf_tables
nft_dynset_eval.cold	0xffffffffc056d250	0x0	nf_tables
nft_dynset_dump.cold	0xffffffffc056d278	0x0	nf_tables
nft_dynset_init.cold	0xffffffffc056d28d	0x0	nf_tables
nft_meta_get_eval_skugid.cold	0xffffffffc056d2a2	0x0	nf_tables
nft_meta_get_eval_cgroup.cold	0xffffffffc056d2bb	0x0	nf_tables
nft_rt_get_eval.cold	0xffffffffc056d2d6	0x0	nf_tables
nft_exthdr_tcp_eval.cold	0xffffffffc056d302	0x0	nf_tables
nft_flow_rule_offload_abort.cold	0xffffffffc056d325	0x0	nf_tables
nft_flow_rule_offload_commit.cold	0xffffffffc056d33a	0x0	nf_tables
nft_hash_lookup.cold	0xffffffffc056d34f	0x0	nf_tables
nft_hash_buckets.cold	0xffffffffc056d36f	0x0	nf_tables
__rhashtable_remove_fast_one.constprop.0.cold	0xffffffffc056d39b	0x0	nf_tables
nft_hash_get.cold	0xffffffffc056d3af	0x0	nf_tables
nft_hash_lookup_fast.cold	0xffffffffc056d3cf	0x0	nf_tables
nft_rhash_get.cold	0xffffffffc056d3ef	0x0	nf_tables
nft_rhash_lookup.cold	0xffffffffc056d40f	0x0	nf_tables
nft_bitmap_get.cold	0xffffffffc056d42f	0x0	nf_tables
nft_bitmap_estimate.cold	0xffffffffc056d44f	0x0	nf_tables
nft_bitmap_lookup.cold	0xffffffffc056d482	0x0	nf_tables
nft_bitmap_init.cold	0xffffffffc056d4a2	0x0	nf_tables
nft_bitmap_privsize.cold	0xffffffffc056d4c0	0x0	nf_tables
nft_rbtree_get.cold	0xffffffffc056d4de	0x0	nf_tables
__nft_rbtree_lookup.cold	0xffffffffc056d4fe	0x0	nf_tables
__nft_rbtree_insert.cold	0xffffffffc056d51e	0x0	nf_tables
pipapo_bucket_set.cold	0xffffffffc056d53e	0x0	nf_tables
pipapo_step_after_end.cold	0xffffffffc056d55e	0x0	nf_tables
pipapo_get_boundaries.isra.0.cold	0xffffffffc056d5da	0x0	nf_tables
pipapo_clone.cold	0xffffffffc056d6e6	0x0	nf_tables
pipapo_resize.cold	0xffffffffc056d75c	0x0	nf_tables
pipapo_lt_bits_adjust.cold	0xffffffffc056d7a2	0x0	nf_tables
pipapo_drop.cold	0xffffffffc056d7d1	0x0	nf_tables
pipapo_insert.cold	0xffffffffc056d81b	0x0	nf_tables
nft_pipapo_get.cold	0xffffffffc056d8c4	0x0	nf_tables
nft_pipapo_avx2_fill.cold	0xffffffffc056d8e4	0x0	nf_tables
__pfx_nf_tables_module_exit	0xffffffffc056d990	0x0	nf_tables
__pfx_cleanup_module	0xffffffffc056d990	0x0	nf_tables
nf_tables_module_exit	0xffffffffc056d9a0	0x0	nf_tables
cleanup_module	0xffffffffc056d9a0	0x0	nf_tables
__pfx_nft_chain_route_fini	0xffffffffc056da10	0x0	nf_tables
nft_chain_route_fini	0xffffffffc056da20	0x0	nf_tables
__pfx_nft_target_release_ops	0xffffffffc056e000	0x0	nft_compat
nft_target_release_ops	0xffffffffc056e010	0x0	nft_compat
__pfx_nft_target_destroy	0xffffffffc056e040	0x0	nft_compat
nft_target_destroy	0xffffffffc056e050	0x0	nft_compat
__pfx_nft_match_release_ops	0xffffffffc056e0f0	0x0	nft_compat
nft_match_release_ops	0xffffffffc056e100	0x0	nft_compat
__pfx_nft_match_reduce	0xffffffffc056e130	0x0	nft_compat
nft_match_reduce	0xffffffffc056e140	0x0	nft_compat
__pfx_nft_match_validate	0xffffffffc056e170	0x0	nft_compat
nft_match_validate	0xffffffffc056e180	0x0	nft_compat
__pfx_nft_target_eval_xt	0xffffffffc056e260	0x0	nft_compat
nft_target_eval_xt	0xffffffffc056e270	0x0	nft_compat
__pfx_nft_target_eval_bridge	0xffffffffc056e320	0x0	nft_compat
nft_target_eval_bridge	0xffffffffc056e330	0x0	nft_compat
__pfx_nft_match_large_eval	0xffffffffc056e400	0x0	nft_compat
nft_match_large_eval	0xffffffffc056e410	0x0	nft_compat
__pfx_target_compat_from_user	0xffffffffc056e4c0	0x0	nft_compat
target_compat_from_user	0xffffffffc056e4d0	0x0	nft_compat
__pfx_match_compat_from_user	0xffffffffc056e510	0x0	nft_compat
match_compat_from_user	0xffffffffc056e520	0x0	nft_compat
__pfx_nft_extension_dump_info.constprop.0	0xffffffffc056e560	0x0	nft_compat
nft_extension_dump_info.constprop.0	0xffffffffc056e570	0x0	nft_compat
__pfx_nft_parse_compat.constprop.0	0xffffffffc056e5f0	0x0	nft_compat
nft_parse_compat.constprop.0	0xffffffffc056e600	0x0	nft_compat
__pfx___nft_match_init	0xffffffffc056e6d0	0x0	nft_compat
__nft_match_init	0xffffffffc056e6e0	0x0	nft_compat
__pfx_nft_match_large_init	0xffffffffc056e910	0x0	nft_compat
nft_match_large_init	0xffffffffc056e920	0x0	nft_compat
__pfx_nft_match_init	0xffffffffc056e9b0	0x0	nft_compat
nft_match_init	0xffffffffc056e9c0	0x0	nft_compat
__pfx_nft_target_init	0xffffffffc056e9e0	0x0	nft_compat
nft_target_init	0xffffffffc056e9f0	0x0	nft_compat
__pfx_nfnl_compat_get_rcu	0xffffffffc056ecb0	0x0	nft_compat
nfnl_compat_get_rcu	0xffffffffc056ecc0	0x0	nft_compat
__pfx_nft_target_select_ops	0xffffffffc056efd0	0x0	nft_compat
nft_target_select_ops	0xffffffffc056efe0	0x0	nft_compat
__pfx___nft_match_destroy.isra.0	0xffffffffc056f160	0x0	nft_compat
__nft_match_destroy.isra.0	0xffffffffc056f170	0x0	nft_compat
__pfx_nft_match_large_destroy	0xffffffffc056f200	0x0	nft_compat
nft_match_large_destroy	0xffffffffc056f210	0x0	nft_compat
__pfx_nft_match_destroy	0xffffffffc056f250	0x0	nft_compat
nft_match_destroy	0xffffffffc056f260	0x0	nft_compat
__pfx_nft_match_select_ops	0xffffffffc056f290	0x0	nft_compat
nft_match_select_ops	0xffffffffc056f2a0	0x0	nft_compat
__pfx_nft_target_validate	0xffffffffc056f400	0x0	nft_compat
nft_target_validate	0xffffffffc056f410	0x0	nft_compat
__pfx_nft_match_eval	0xffffffffc056f4f0	0x0	nft_compat
nft_match_eval	0xffffffffc056f500	0x0	nft_compat
__pfx___nft_match_dump	0xffffffffc056f5b0	0x0	nft_compat
__nft_match_dump	0xffffffffc056f5c0	0x0	nft_compat
__pfx_nft_match_large_dump	0xffffffffc056f6c0	0x0	nft_compat
nft_match_large_dump	0xffffffffc056f6d0	0x0	nft_compat
__pfx_nft_match_dump	0xffffffffc056f6f0	0x0	nft_compat
nft_match_dump	0xffffffffc056f700	0x0	nft_compat
__pfx_nft_target_dump	0xffffffffc056f720	0x0	nft_compat
nft_target_dump	0xffffffffc056f730	0x0	nft_compat
nft_match_validate.cold	0xffffffffc056f822	0x0	nft_compat
nft_target_eval_xt.cold	0xffffffffc056f83e	0x0	nft_compat
nft_target_eval_bridge.cold	0xffffffffc056f859	0x0	nft_compat
nft_match_large_eval.cold	0xffffffffc056f874	0x0	nft_compat
__nft_match_init.cold	0xffffffffc056f890	0x0	nft_compat
nft_target_init.cold	0xffffffffc056f8f8	0x0	nft_compat
nft_target_validate.cold	0xffffffffc056f961	0x0	nft_compat
nft_match_eval.cold	0xffffffffc056f97d	0x0	nft_compat
__pfx_nft_compat_module_exit	0xffffffffc056f9a0	0x0	nft_compat
__pfx_cleanup_module	0xffffffffc056f9a0	0x0	nft_compat
nft_compat_module_exit	0xffffffffc056f9b0	0x0	nft_compat
cleanup_module	0xffffffffc056f9b0	0x0	nft_compat
__pfx_nf_defrag_ipv4_enable	0xffffffffc0570000	0x0	nf_defrag_ipv4
nf_defrag_ipv4_enable	0xffffffffc0570010	0x0	nf_defrag_ipv4
__pfx_nf_defrag_ipv4_disable	0xffffffffc0570090	0x0	nf_defrag_ipv4
nf_defrag_ipv4_disable	0xffffffffc05700a0	0x0	nf_defrag_ipv4
__pfx_defrag4_net_exit	0xffffffffc0570100	0x0	nf_defrag_ipv4
defrag4_net_exit	0xffffffffc0570110	0x0	nf_defrag_ipv4
__pfx_ipv4_conntrack_defrag	0xffffffffc0570160	0x0	nf_defrag_ipv4
ipv4_conntrack_defrag	0xffffffffc0570170	0x0	nf_defrag_ipv4
__pfx_nf_defrag_fini	0xffffffffc05702b0	0x0	nf_defrag_ipv4
__pfx_cleanup_module	0xffffffffc05702b0	0x0	nf_defrag_ipv4
nf_defrag_fini	0xffffffffc05702c0	0x0	nf_defrag_ipv4
cleanup_module	0xffffffffc05702c0	0x0	nf_defrag_ipv4
ipv4_conntrack_defrag.cold	0xffffffffc05702e1	0x0	nf_defrag_ipv4
__pfx_llc_sap_close	0xffffffffc0571000	0x0	llc
llc_sap_close	0xffffffffc0571010	0x0	llc
__pfx_llc_sap_open	0xffffffffc0571080	0x0	llc
llc_sap_open	0xffffffffc0571090	0x0	llc
__pfx_llc_sap_find	0xffffffffc05711d0	0x0	llc
llc_sap_find	0xffffffffc05711e0	0x0	llc
__pfx_llc_add_pack	0xffffffffc0571270	0x0	llc
llc_add_pack	0xffffffffc0571280	0x0	llc
__pfx_llc_remove_pack	0xffffffffc05712d0	0x0	llc
llc_remove_pack	0xffffffffc05712e0	0x0	llc
__pfx_llc_set_station_handler	0xffffffffc0571340	0x0	llc
llc_set_station_handler	0xffffffffc0571350	0x0	llc
__pfx_llc_rcv	0xffffffffc0571380	0x0	llc
llc_rcv	0xffffffffc0571390	0x0	llc
__pfx_llc_mac_hdr_init	0xffffffffc0571730	0x0	llc
llc_mac_hdr_init	0xffffffffc0571740	0x0	llc
__pfx_llc_build_and_send_ui_pkt	0xffffffffc05717b0	0x0	llc
llc_build_and_send_ui_pkt	0xffffffffc05717c0	0x0	llc
__pfx_llc_exit	0xffffffffc0571890	0x0	llc
__pfx_cleanup_module	0xffffffffc0571890	0x0	llc
llc_exit	0xffffffffc05718a0	0x0	llc
cleanup_module	0xffffffffc05718a0	0x0	llc
__pfx_nf_defrag_ipv6_enable	0xffffffffc0572000	0x0	nf_defrag_ipv6
nf_defrag_ipv6_enable	0xffffffffc0572010	0x0	nf_defrag_ipv6
__pfx_nf_defrag_ipv6_disable	0xffffffffc0572090	0x0	nf_defrag_ipv6
nf_defrag_ipv6_disable	0xffffffffc05720a0	0x0	nf_defrag_ipv6
__pfx_defrag6_net_exit	0xffffffffc0572100	0x0	nf_defrag_ipv6
defrag6_net_exit	0xffffffffc0572110	0x0	nf_defrag_ipv6
__pfx_ipv6_defrag	0xffffffffc0572160	0x0	nf_defrag_ipv6
ipv6_defrag	0xffffffffc0572170	0x0	nf_defrag_ipv6
__pfx_ip6frag_init	0xffffffffc0572240	0x0	nf_defrag_ipv6
ip6frag_init	0xffffffffc0572250	0x0	nf_defrag_ipv6
__pfx_nf_ct_net_exit	0xffffffffc0572290	0x0	nf_defrag_ipv6
nf_ct_net_exit	0xffffffffc05722a0	0x0	nf_defrag_ipv6
__pfx_nf_ct_net_pre_exit	0xffffffffc0572310	0x0	nf_defrag_ipv6
nf_ct_net_pre_exit	0xffffffffc0572320	0x0	nf_defrag_ipv6
__pfx_nf_ct_net_init	0xffffffffc0572350	0x0	nf_defrag_ipv6
nf_ct_net_init	0xffffffffc0572360	0x0	nf_defrag_ipv6
__pfx_ip6frag_obj_cmpfn	0xffffffffc05724b0	0x0	nf_defrag_ipv6
ip6frag_obj_cmpfn	0xffffffffc05724c0	0x0	nf_defrag_ipv6
__pfx_nf_ct_frag6_reasm.constprop.0	0xffffffffc05724f0	0x0	nf_defrag_ipv6
nf_ct_frag6_reasm.constprop.0	0xffffffffc0572500	0x0	nf_defrag_ipv6
__pfx_ip6frag_obj_hashfn	0xffffffffc0572740	0x0	nf_defrag_ipv6
ip6frag_obj_hashfn	0xffffffffc0572750	0x0	nf_defrag_ipv6
__pfx_nf_ct_frag6_queue	0xffffffffc0572820	0x0	nf_defrag_ipv6
nf_ct_frag6_queue	0xffffffffc0572830	0x0	nf_defrag_ipv6
__pfx_nf_ct_frag6_gather	0xffffffffc0572d20	0x0	nf_defrag_ipv6
nf_ct_frag6_gather	0xffffffffc0572d30	0x0	nf_defrag_ipv6
__pfx_ip6frag_expire_frag_queue	0xffffffffc0573100	0x0	nf_defrag_ipv6
ip6frag_expire_frag_queue	0xffffffffc0573110	0x0	nf_defrag_ipv6
__pfx_nf_ct_frag6_expire	0xffffffffc05732e0	0x0	nf_defrag_ipv6
nf_ct_frag6_expire	0xffffffffc05732f0	0x0	nf_defrag_ipv6
__pfx_ip6frag_key_hashfn	0xffffffffc0573310	0x0	nf_defrag_ipv6
ip6frag_key_hashfn	0xffffffffc0573320	0x0	nf_defrag_ipv6
__pfx_nf_ct_frag6_init	0xffffffffc05733f0	0x0	nf_defrag_ipv6
nf_ct_frag6_init	0xffffffffc0573400	0x0	nf_defrag_ipv6
__pfx_nf_ct_frag6_cleanup	0xffffffffc05734c0	0x0	nf_defrag_ipv6
nf_ct_frag6_cleanup	0xffffffffc05734d0	0x0	nf_defrag_ipv6
__pfx_nf_defrag_fini	0xffffffffc0573500	0x0	nf_defrag_ipv6
__pfx_cleanup_module	0xffffffffc0573500	0x0	nf_defrag_ipv6
nf_defrag_fini	0xffffffffc0573510	0x0	nf_defrag_ipv6
cleanup_module	0xffffffffc0573510	0x0	nf_defrag_ipv6
ip6frag_expire_frag_queue.cold	0xffffffffc0573536	0x0	nf_defrag_ipv6
__pfx_xfrm_aalg_get_byidx	0xffffffffc0574000	0x0	xfrm_algo
xfrm_aalg_get_byidx	0xffffffffc0574010	0x0	xfrm_algo
__pfx_xfrm_ealg_get_byidx	0xffffffffc0574060	0x0	xfrm_algo
xfrm_ealg_get_byidx	0xffffffffc0574070	0x0	xfrm_algo
__pfx_xfrm_count_pfkey_auth_supported	0xffffffffc05740c0	0x0	xfrm_algo
xfrm_count_pfkey_auth_supported	0xffffffffc05740d0	0x0	xfrm_algo
__pfx_xfrm_count_pfkey_enc_supported	0xffffffffc0574160	0x0	xfrm_algo
xfrm_count_pfkey_enc_supported	0xffffffffc0574170	0x0	xfrm_algo
__pfx_crypto_has_acomp	0xffffffffc0574200	0x0	xfrm_algo
crypto_has_acomp	0xffffffffc0574210	0x0	xfrm_algo
__pfx_xfrm_probe_algs	0xffffffffc0574230	0x0	xfrm_algo
xfrm_probe_algs	0xffffffffc0574240	0x0	xfrm_algo
__pfx_xfrm_aalg_get_byid	0xffffffffc05744c0	0x0	xfrm_algo
xfrm_aalg_get_byid	0xffffffffc05744d0	0x0	xfrm_algo
__pfx_xfrm_ealg_get_byid	0xffffffffc0574550	0x0	xfrm_algo
xfrm_ealg_get_byid	0xffffffffc0574560	0x0	xfrm_algo
__pfx_xfrm_calg_get_byid	0xffffffffc05745e0	0x0	xfrm_algo
xfrm_calg_get_byid	0xffffffffc05745f0	0x0	xfrm_algo
__pfx_xfrm_aalg_get_byname	0xffffffffc0574680	0x0	xfrm_algo
xfrm_aalg_get_byname	0xffffffffc0574690	0x0	xfrm_algo
__pfx_xfrm_ealg_get_byname	0xffffffffc0574780	0x0	xfrm_algo
xfrm_ealg_get_byname	0xffffffffc0574790	0x0	xfrm_algo
__pfx_xfrm_calg_get_byname	0xffffffffc0574880	0x0	xfrm_algo
xfrm_calg_get_byname	0xffffffffc0574890	0x0	xfrm_algo
__pfx_xfrm_aead_get_byname	0xffffffffc0574970	0x0	xfrm_algo
xfrm_aead_get_byname	0xffffffffc0574980	0x0	xfrm_algo
__pfx___nf_conntrack_hash_insert	0xffffffffc0575000	0x0	nf_conntrack
__nf_conntrack_hash_insert	0xffffffffc0575010	0x0	nf_conntrack
__pfx_nf_ct_port_nlattr_to_tuple	0xffffffffc0575080	0x0	nf_conntrack
nf_ct_port_nlattr_to_tuple	0xffffffffc0575090	0x0	nf_conntrack
__pfx_kill_all	0xffffffffc05750e0	0x0	nf_conntrack
kill_all	0xffffffffc05750f0	0x0	nf_conntrack
__pfx_ipv6_get_l4proto	0xffffffffc0575110	0x0	nf_conntrack
ipv6_get_l4proto	0xffffffffc0575120	0x0	nf_conntrack
__pfx___nf_ct_change_status	0xffffffffc05751f0	0x0	nf_conntrack
__nf_ct_change_status	0xffffffffc0575200	0x0	nf_conntrack
__pfx_nf_ct_change_status_common	0xffffffffc0575260	0x0	nf_conntrack
nf_ct_change_status_common	0xffffffffc0575270	0x0	nf_conntrack
__pfx_nf_ct_invert_tuple	0xffffffffc05752c0	0x0	nf_conntrack
nf_ct_invert_tuple	0xffffffffc05752d0	0x0	nf_conntrack
__pfx_nf_ct_get_id	0xffffffffc0575390	0x0	nf_conntrack
nf_ct_get_id	0xffffffffc05753a0	0x0	nf_conntrack
__pfx_nf_conntrack_get_id	0xffffffffc0575480	0x0	nf_conntrack
nf_conntrack_get_id	0xffffffffc0575490	0x0	nf_conntrack
__pfx_hash_conntrack_raw	0xffffffffc05754b0	0x0	nf_conntrack
hash_conntrack_raw	0xffffffffc05754c0	0x0	nf_conntrack
__pfx_nf_ct_tmpl_free	0xffffffffc05755c0	0x0	nf_conntrack
nf_ct_tmpl_free	0xffffffffc05755d0	0x0	nf_conntrack
__pfx_nf_conntrack_free	0xffffffffc0575600	0x0	nf_conntrack
nf_conntrack_free	0xffffffffc0575610	0x0	nf_conntrack
__pfx_nf_ct_port_tuple_to_nlattr	0xffffffffc0575690	0x0	nf_conntrack
nf_ct_port_tuple_to_nlattr	0xffffffffc05756a0	0x0	nf_conntrack
__pfx_nf_ct_port_nlattr_tuple_size	0xffffffffc0575730	0x0	nf_conntrack
nf_ct_port_nlattr_tuple_size	0xffffffffc0575740	0x0	nf_conntrack
__pfx_nf_ct_alloc_hashtable	0xffffffffc0575780	0x0	nf_conntrack
nf_ct_alloc_hashtable	0xffffffffc0575790	0x0	nf_conntrack
__pfx_nf_conntrack_set_closing	0xffffffffc0575820	0x0	nf_conntrack
nf_conntrack_set_closing	0xffffffffc0575830	0x0	nf_conntrack
__pfx_nf_ct_tmpl_alloc	0xffffffffc0575850	0x0	nf_conntrack
nf_ct_tmpl_alloc	0xffffffffc0575860	0x0	nf_conntrack
__pfx_nf_ct_get_tuple	0xffffffffc0575930	0x0	nf_conntrack
nf_ct_get_tuple	0xffffffffc0575940	0x0	nf_conntrack
__pfx_ipv4_get_l4proto	0xffffffffc0575b90	0x0	nf_conntrack
ipv4_get_l4proto	0xffffffffc0575ba0	0x0	nf_conntrack
__pfx_nf_ct_get_tuplepr	0xffffffffc0575c90	0x0	nf_conntrack
nf_ct_get_tuplepr	0xffffffffc0575ca0	0x0	nf_conntrack
__pfx_nf_conntrack_attach	0xffffffffc0575d50	0x0	nf_conntrack
nf_conntrack_attach	0xffffffffc0575d60	0x0	nf_conntrack
__pfx___nf_ct_change_timeout	0xffffffffc0575df0	0x0	nf_conntrack
__nf_ct_change_timeout	0xffffffffc0575e00	0x0	nf_conntrack
__pfx_nf_ct_acct_add	0xffffffffc0575e70	0x0	nf_conntrack
nf_ct_acct_add	0xffffffffc0575e80	0x0	nf_conntrack
__pfx___nf_conntrack_insert_prepare	0xffffffffc0575f00	0x0	nf_conntrack
__nf_conntrack_insert_prepare	0xffffffffc0575f10	0x0	nf_conntrack
__pfx___nf_ct_refresh_acct	0xffffffffc0575f90	0x0	nf_conntrack
__nf_ct_refresh_acct	0xffffffffc0575fa0	0x0	nf_conntrack
__pfx_nf_ct_destroy	0xffffffffc0576050	0x0	nf_conntrack
nf_ct_destroy	0xffffffffc0576060	0x0	nf_conntrack
__pfx___nf_ct_resolve_clash	0xffffffffc0576110	0x0	nf_conntrack
__nf_ct_resolve_clash	0xffffffffc0576120	0x0	nf_conntrack
__pfx_nf_ct_resolve_clash	0xffffffffc0576540	0x0	nf_conntrack
nf_ct_resolve_clash	0xffffffffc0576550	0x0	nf_conntrack
__pfx_nf_conntrack_double_unlock	0xffffffffc05767b0	0x0	nf_conntrack
nf_conntrack_double_unlock	0xffffffffc05767c0	0x0	nf_conntrack
__pfx_nf_conntrack_lock	0xffffffffc0576810	0x0	nf_conntrack
nf_conntrack_lock	0xffffffffc0576820	0x0	nf_conntrack
__pfx_nf_conntrack_double_lock	0xffffffffc0576890	0x0	nf_conntrack
nf_conntrack_double_lock	0xffffffffc05768a0	0x0	nf_conntrack
__pfx___nf_ct_delete_from_lists	0xffffffffc0576960	0x0	nf_conntrack
__nf_ct_delete_from_lists	0xffffffffc0576970	0x0	nf_conntrack
__pfx_nf_conntrack_hash_check_insert	0xffffffffc0576ab0	0x0	nf_conntrack
nf_conntrack_hash_check_insert	0xffffffffc0576ac0	0x0	nf_conntrack
__pfx_nf_ct_delete	0xffffffffc0576ed0	0x0	nf_conntrack
nf_ct_delete	0xffffffffc0576ee0	0x0	nf_conntrack
__pfx_nf_ct_gc_expired.part.0	0xffffffffc0577110	0x0	nf_conntrack
nf_ct_gc_expired.part.0	0xffffffffc0577120	0x0	nf_conntrack
__pfx_nf_ct_gc_expired	0xffffffffc05771b0	0x0	nf_conntrack
nf_ct_gc_expired	0xffffffffc05771c0	0x0	nf_conntrack
__pfx_nf_conntrack_tuple_taken	0xffffffffc0577210	0x0	nf_conntrack
nf_conntrack_tuple_taken	0xffffffffc0577220	0x0	nf_conntrack
__pfx___nf_conntrack_find_get	0xffffffffc05774a0	0x0	nf_conntrack
__nf_conntrack_find_get	0xffffffffc05774b0	0x0	nf_conntrack
__pfx_nf_conntrack_find_get	0xffffffffc0577810	0x0	nf_conntrack
nf_conntrack_find_get	0xffffffffc0577820	0x0	nf_conntrack
__pfx_nf_conntrack_get_tuple_skb	0xffffffffc05778b0	0x0	nf_conntrack
nf_conntrack_get_tuple_skb	0xffffffffc05778c0	0x0	nf_conntrack
__pfx_nf_ct_kill_acct	0xffffffffc0577a70	0x0	nf_conntrack
nf_ct_kill_acct	0xffffffffc0577a80	0x0	nf_conntrack
__pfx_early_drop	0xffffffffc0577b00	0x0	nf_conntrack
early_drop	0xffffffffc0577b10	0x0	nf_conntrack
__pfx___nf_conntrack_alloc	0xffffffffc0577d60	0x0	nf_conntrack
__nf_conntrack_alloc	0xffffffffc0577d70	0x0	nf_conntrack
__pfx_nf_conntrack_alloc	0xffffffffc0577f30	0x0	nf_conntrack
nf_conntrack_alloc	0xffffffffc0577f40	0x0	nf_conntrack
__pfx_init_conntrack.isra.0	0xffffffffc0577f60	0x0	nf_conntrack
init_conntrack.isra.0	0xffffffffc0577f70	0x0	nf_conntrack
__pfx_resolve_normal_ct	0xffffffffc0578420	0x0	nf_conntrack
resolve_normal_ct	0xffffffffc0578430	0x0	nf_conntrack
__pfx_nf_conntrack_in	0xffffffffc0578670	0x0	nf_conntrack
nf_conntrack_in	0xffffffffc0578680	0x0	nf_conntrack
__pfx_nf_ct_iterate_cleanup	0xffffffffc0578ba0	0x0	nf_conntrack
nf_ct_iterate_cleanup	0xffffffffc0578bb0	0x0	nf_conntrack
__pfx_nf_ct_iterate_cleanup_net	0xffffffffc0578d90	0x0	nf_conntrack
nf_ct_iterate_cleanup_net	0xffffffffc0578da0	0x0	nf_conntrack
__pfx_nf_ct_iterate_destroy	0xffffffffc0578df0	0x0	nf_conntrack
nf_ct_iterate_destroy	0xffffffffc0578e00	0x0	nf_conntrack
__pfx___nf_conntrack_confirm	0xffffffffc0578ee0	0x0	nf_conntrack
__nf_conntrack_confirm	0xffffffffc0578ef0	0x0	nf_conntrack
__pfx_nf_confirm_cthelper	0xffffffffc05794f0	0x0	nf_conntrack
nf_confirm_cthelper	0xffffffffc0579500	0x0	nf_conntrack
__pfx_nf_conntrack_update	0xffffffffc05796e0	0x0	nf_conntrack
nf_conntrack_update	0xffffffffc05796f0	0x0	nf_conntrack
__pfx_gc_worker	0xffffffffc0579730	0x0	nf_conntrack
gc_worker	0xffffffffc0579740	0x0	nf_conntrack
__pfx_nf_conntrack_cleanup_start	0xffffffffc0579cc0	0x0	nf_conntrack
nf_conntrack_cleanup_start	0xffffffffc0579cd0	0x0	nf_conntrack
__pfx_nf_conntrack_cleanup_end	0xffffffffc0579cf0	0x0	nf_conntrack
nf_conntrack_cleanup_end	0xffffffffc0579d00	0x0	nf_conntrack
__pfx_nf_conntrack_cleanup_net_list	0xffffffffc0579d50	0x0	nf_conntrack
nf_conntrack_cleanup_net_list	0xffffffffc0579d60	0x0	nf_conntrack
__pfx_nf_conntrack_cleanup_net	0xffffffffc0579e90	0x0	nf_conntrack
nf_conntrack_cleanup_net	0xffffffffc0579ea0	0x0	nf_conntrack
__pfx_nf_conntrack_hash_resize	0xffffffffc0579f00	0x0	nf_conntrack
nf_conntrack_hash_resize	0xffffffffc0579f10	0x0	nf_conntrack
__pfx_nf_conntrack_set_hashsize	0xffffffffc057a180	0x0	nf_conntrack
nf_conntrack_set_hashsize	0xffffffffc057a190	0x0	nf_conntrack
__pfx_nf_conntrack_init_start	0xffffffffc057a220	0x0	nf_conntrack
nf_conntrack_init_start	0xffffffffc057a230	0x0	nf_conntrack
__pfx_nf_conntrack_init_end	0xffffffffc057a4c0	0x0	nf_conntrack
nf_conntrack_init_end	0xffffffffc057a4d0	0x0	nf_conntrack
__pfx_nf_conntrack_init_net	0xffffffffc057a4f0	0x0	nf_conntrack
nf_conntrack_init_net	0xffffffffc057a500	0x0	nf_conntrack
__pfx_nf_conntrack_count	0xffffffffc057a5b0	0x0	nf_conntrack
nf_conntrack_count	0xffffffffc057a5c0	0x0	nf_conntrack
__pfx_nf_conntrack_hash_sysctl	0xffffffffc057a5f0	0x0	nf_conntrack
nf_conntrack_hash_sysctl	0xffffffffc057a600	0x0	nf_conntrack
__pfx_nf_conntrack_pernet_init	0xffffffffc057a650	0x0	nf_conntrack
nf_conntrack_pernet_init	0xffffffffc057a660	0x0	nf_conntrack
__pfx_nf_conntrack_log_invalid_sysctl	0xffffffffc057a9d0	0x0	nf_conntrack
nf_conntrack_log_invalid_sysctl	0xffffffffc057a9e0	0x0	nf_conntrack
__pfx_nf_conntrack_pernet_exit	0xffffffffc057aa40	0x0	nf_conntrack
nf_conntrack_pernet_exit	0xffffffffc057aa50	0x0	nf_conntrack
__pfx_nf_ct_expect_dst_hash	0xffffffffc057aae0	0x0	nf_conntrack
nf_ct_expect_dst_hash	0xffffffffc057aaf0	0x0	nf_conntrack
__pfx_nf_ct_expect_alloc	0xffffffffc057ac10	0x0	nf_conntrack
nf_ct_expect_alloc	0xffffffffc057ac20	0x0	nf_conntrack
__pfx_nf_ct_expect_free_rcu	0xffffffffc057ac60	0x0	nf_conntrack
nf_ct_expect_free_rcu	0xffffffffc057ac70	0x0	nf_conntrack
__pfx_nf_ct_expect_init	0xffffffffc057aca0	0x0	nf_conntrack
nf_ct_expect_init	0xffffffffc057acb0	0x0	nf_conntrack
__pfx_nf_ct_exp_equal	0xffffffffc057af00	0x0	nf_conntrack
nf_ct_exp_equal	0xffffffffc057af10	0x0	nf_conntrack
__pfx___nf_ct_expect_find	0xffffffffc057b060	0x0	nf_conntrack
__nf_ct_expect_find	0xffffffffc057b070	0x0	nf_conntrack
__pfx_nf_ct_expect_put	0xffffffffc057b100	0x0	nf_conntrack
nf_ct_expect_put	0xffffffffc057b110	0x0	nf_conntrack
__pfx_nf_ct_expect_find_get	0xffffffffc057b170	0x0	nf_conntrack
nf_ct_expect_find_get	0xffffffffc057b180	0x0	nf_conntrack
__pfx_nf_ct_unlink_expect_report	0xffffffffc057b1f0	0x0	nf_conntrack
nf_ct_unlink_expect_report	0xffffffffc057b200	0x0	nf_conntrack
__pfx_nf_ct_remove_expect	0xffffffffc057b370	0x0	nf_conntrack
nf_ct_remove_expect	0xffffffffc057b380	0x0	nf_conntrack
__pfx_nf_ct_expectation_timed_out	0xffffffffc057b3d0	0x0	nf_conntrack
nf_ct_expectation_timed_out	0xffffffffc057b3e0	0x0	nf_conntrack
__pfx_nf_ct_expect_iterate_destroy	0xffffffffc057b430	0x0	nf_conntrack
nf_ct_expect_iterate_destroy	0xffffffffc057b440	0x0	nf_conntrack
__pfx_nf_ct_expect_iterate_net	0xffffffffc057b500	0x0	nf_conntrack
nf_ct_expect_iterate_net	0xffffffffc057b510	0x0	nf_conntrack
__pfx_nf_ct_remove_expectations	0xffffffffc057b5f0	0x0	nf_conntrack
nf_ct_remove_expectations	0xffffffffc057b600	0x0	nf_conntrack
__pfx_nf_ct_unexpect_related	0xffffffffc057b6b0	0x0	nf_conntrack
nf_ct_unexpect_related	0xffffffffc057b6c0	0x0	nf_conntrack
__pfx_nf_ct_expect_insert	0xffffffffc057b720	0x0	nf_conntrack
nf_ct_expect_insert	0xffffffffc057b730	0x0	nf_conntrack
__pfx___nf_ct_expect_check	0xffffffffc057b8e0	0x0	nf_conntrack
__nf_ct_expect_check	0xffffffffc057b8f0	0x0	nf_conntrack
__pfx_nf_ct_expect_related_report	0xffffffffc057bed0	0x0	nf_conntrack
nf_ct_expect_related_report	0xffffffffc057bee0	0x0	nf_conntrack
__pfx_nf_ct_find_expectation	0xffffffffc057bf80	0x0	nf_conntrack
nf_ct_find_expectation	0xffffffffc057bf90	0x0	nf_conntrack
__pfx_nf_conntrack_expect_pernet_init	0xffffffffc057c100	0x0	nf_conntrack
nf_conntrack_expect_pernet_init	0xffffffffc057c110	0x0	nf_conntrack
__pfx_nf_conntrack_expect_pernet_fini	0xffffffffc057c130	0x0	nf_conntrack
nf_conntrack_expect_pernet_fini	0xffffffffc057c140	0x0	nf_conntrack
__pfx_nf_conntrack_expect_init	0xffffffffc057c150	0x0	nf_conntrack
nf_conntrack_expect_init	0xffffffffc057c160	0x0	nf_conntrack
__pfx_nf_conntrack_expect_fini	0xffffffffc057c250	0x0	nf_conntrack
nf_conntrack_expect_fini	0xffffffffc057c260	0x0	nf_conntrack
__pfx_nf_ct_helper_expectfn_register	0xffffffffc057c290	0x0	nf_conntrack
nf_ct_helper_expectfn_register	0xffffffffc057c2a0	0x0	nf_conntrack
__pfx_nf_ct_helper_expectfn_unregister	0xffffffffc057c2f0	0x0	nf_conntrack
nf_ct_helper_expectfn_unregister	0xffffffffc057c300	0x0	nf_conntrack
__pfx_nf_ct_helper_expectfn_find_by_symbol	0xffffffffc057c350	0x0	nf_conntrack
nf_ct_helper_expectfn_find_by_symbol	0xffffffffc057c360	0x0	nf_conntrack
__pfx_expect_iter_me	0xffffffffc057c3a0	0x0	nf_conntrack
expect_iter_me	0xffffffffc057c3b0	0x0	nf_conntrack
__pfx___nf_conntrack_helper_find	0xffffffffc057c3d0	0x0	nf_conntrack
__nf_conntrack_helper_find	0xffffffffc057c3e0	0x0	nf_conntrack
__pfx_nf_ct_helper_expectfn_find_by_name	0xffffffffc057c480	0x0	nf_conntrack
nf_ct_helper_expectfn_find_by_name	0xffffffffc057c490	0x0	nf_conntrack
__pfx_nf_conntrack_helper_put	0xffffffffc057c4f0	0x0	nf_conntrack
nf_conntrack_helper_put	0xffffffffc057c500	0x0	nf_conntrack
__pfx_nf_nat_helper_register	0xffffffffc057c550	0x0	nf_conntrack
nf_nat_helper_register	0xffffffffc057c560	0x0	nf_conntrack
__pfx_nf_nat_helper_unregister	0xffffffffc057c5b0	0x0	nf_conntrack
nf_nat_helper_unregister	0xffffffffc057c5c0	0x0	nf_conntrack
__pfx_nf_conntrack_helper_unregister	0xffffffffc057c610	0x0	nf_conntrack
nf_conntrack_helper_unregister	0xffffffffc057c620	0x0	nf_conntrack
__pfx_nf_conntrack_helpers_unregister	0xffffffffc057c6a0	0x0	nf_conntrack
nf_conntrack_helpers_unregister	0xffffffffc057c6b0	0x0	nf_conntrack
__pfx_nf_ct_helper_init	0xffffffffc057c700	0x0	nf_conntrack
nf_ct_helper_init	0xffffffffc057c710	0x0	nf_conntrack
__pfx_nf_ct_helper_ext_add	0xffffffffc057c7d0	0x0	nf_conntrack
nf_ct_helper_ext_add	0xffffffffc057c7e0	0x0	nf_conntrack
__pfx_nf_conntrack_helper_register	0xffffffffc057c840	0x0	nf_conntrack
nf_conntrack_helper_register	0xffffffffc057c850	0x0	nf_conntrack
__pfx_nf_conntrack_helper_try_module_get	0xffffffffc057ca50	0x0	nf_conntrack
nf_conntrack_helper_try_module_get	0xffffffffc057ca60	0x0	nf_conntrack
__pfx_nf_conntrack_helpers_register	0xffffffffc057cb20	0x0	nf_conntrack
nf_conntrack_helpers_register	0xffffffffc057cb30	0x0	nf_conntrack
__pfx_nf_nat_helper_put	0xffffffffc057cbd0	0x0	nf_conntrack
nf_nat_helper_put	0xffffffffc057cbe0	0x0	nf_conntrack
__pfx_unhelp	0xffffffffc057cc50	0x0	nf_conntrack
unhelp	0xffffffffc057cc60	0x0	nf_conntrack
__pfx_nf_ct_helper_log	0xffffffffc057ccf0	0x0	nf_conntrack
nf_ct_helper_log	0xffffffffc057cd00	0x0	nf_conntrack
__pfx_nf_nat_helper_try_module_get	0xffffffffc057cde0	0x0	nf_conntrack
nf_nat_helper_try_module_get	0xffffffffc057cdf0	0x0	nf_conntrack
__pfx___nf_ct_try_assign_helper	0xffffffffc057cf10	0x0	nf_conntrack
__nf_ct_try_assign_helper	0xffffffffc057cf20	0x0	nf_conntrack
__pfx_nf_ct_helper_destroy	0xffffffffc057d060	0x0	nf_conntrack
nf_ct_helper_destroy	0xffffffffc057d070	0x0	nf_conntrack
__pfx_nf_conntrack_helper_init	0xffffffffc057d0d0	0x0	nf_conntrack
nf_conntrack_helper_init	0xffffffffc057d0e0	0x0	nf_conntrack
__pfx_nf_conntrack_helper_fini	0xffffffffc057d140	0x0	nf_conntrack
nf_conntrack_helper_fini	0xffffffffc057d150	0x0	nf_conntrack
__pfx_nf_ct_l4proto_find	0xffffffffc057d180	0x0	nf_conntrack
nf_ct_l4proto_find	0xffffffffc057d190	0x0	nf_conntrack
__pfx_nf_l4proto_log_invalid	0xffffffffc057d220	0x0	nf_conntrack
nf_l4proto_log_invalid	0xffffffffc057d230	0x0	nf_conntrack
__pfx_nf_ct_l4proto_log_invalid	0xffffffffc057d310	0x0	nf_conntrack
nf_ct_l4proto_log_invalid	0xffffffffc057d320	0x0	nf_conntrack
__pfx_nf_ct_bridge_register	0xffffffffc057d3e0	0x0	nf_conntrack
nf_ct_bridge_register	0xffffffffc057d3f0	0x0	nf_conntrack
__pfx_nf_ct_bridge_unregister	0xffffffffc057d440	0x0	nf_conntrack
nf_ct_bridge_unregister	0xffffffffc057d450	0x0	nf_conntrack
__pfx_nf_ct_netns_do_get	0xffffffffc057d490	0x0	nf_conntrack
nf_ct_netns_do_get	0xffffffffc057d4a0	0x0	nf_conntrack
__pfx_ipv4_conntrack_in	0xffffffffc057d6d0	0x0	nf_conntrack
ipv4_conntrack_in	0xffffffffc057d6e0	0x0	nf_conntrack
__pfx_nf_ct_netns_do_put	0xffffffffc057d700	0x0	nf_conntrack
nf_ct_netns_do_put	0xffffffffc057d710	0x0	nf_conntrack
__pfx_nf_ct_tcp_fixup	0xffffffffc057d810	0x0	nf_conntrack
nf_ct_tcp_fixup	0xffffffffc057d820	0x0	nf_conntrack
__pfx_nf_ct_netns_put	0xffffffffc057d860	0x0	nf_conntrack
nf_ct_netns_put	0xffffffffc057d870	0x0	nf_conntrack
__pfx_ipv4_conntrack_local	0xffffffffc057d8d0	0x0	nf_conntrack
ipv4_conntrack_local	0xffffffffc057d8e0	0x0	nf_conntrack
__pfx_ipv6_conntrack_local	0xffffffffc057d970	0x0	nf_conntrack
ipv6_conntrack_local	0xffffffffc057d980	0x0	nf_conntrack
__pfx_ipv6_conntrack_in	0xffffffffc057d9a0	0x0	nf_conntrack
ipv6_conntrack_in	0xffffffffc057d9b0	0x0	nf_conntrack
__pfx_getorigdst	0xffffffffc057d9d0	0x0	nf_conntrack
getorigdst	0xffffffffc057d9e0	0x0	nf_conntrack
__pfx_ipv6_getorigdst	0xffffffffc057db60	0x0	nf_conntrack
ipv6_getorigdst	0xffffffffc057db70	0x0	nf_conntrack
__pfx_nf_ct_netns_get	0xffffffffc057ddb0	0x0	nf_conntrack
nf_ct_netns_get	0xffffffffc057ddc0	0x0	nf_conntrack
__pfx_nf_confirm	0xffffffffc057deb0	0x0	nf_conntrack
nf_confirm	0xffffffffc057dec0	0x0	nf_conntrack
__pfx_nf_conntrack_proto_init	0xffffffffc057e1c0	0x0	nf_conntrack
nf_conntrack_proto_init	0xffffffffc057e1d0	0x0	nf_conntrack
__pfx_nf_conntrack_proto_fini	0xffffffffc057e220	0x0	nf_conntrack
nf_conntrack_proto_fini	0xffffffffc057e230	0x0	nf_conntrack
__pfx_nf_conntrack_proto_pernet_init	0xffffffffc057e260	0x0	nf_conntrack
nf_conntrack_proto_pernet_init	0xffffffffc057e270	0x0	nf_conntrack
__pfx_generic_timeout_nlattr_to_obj	0xffffffffc057e2c0	0x0	nf_conntrack
generic_timeout_nlattr_to_obj	0xffffffffc057e2d0	0x0	nf_conntrack
__pfx_generic_timeout_obj_to_nlattr	0xffffffffc057e320	0x0	nf_conntrack
generic_timeout_obj_to_nlattr	0xffffffffc057e330	0x0	nf_conntrack
__pfx_nf_conntrack_generic_init_net	0xffffffffc057e3a0	0x0	nf_conntrack
nf_conntrack_generic_init_net	0xffffffffc057e3b0	0x0	nf_conntrack
__pfx_tcp_can_early_drop	0xffffffffc057e3d0	0x0	nf_conntrack
tcp_can_early_drop	0xffffffffc057e3e0	0x0	nf_conntrack
__pfx_tcp_timeout_nlattr_to_obj	0xffffffffc057e400	0x0	nf_conntrack
tcp_timeout_nlattr_to_obj	0xffffffffc057e410	0x0	nf_conntrack
__pfx_nf_tcp_log_invalid	0xffffffffc057e5b0	0x0	nf_conntrack
nf_tcp_log_invalid	0xffffffffc057e5c0	0x0	nf_conntrack
__pfx_tcp_timeout_obj_to_nlattr	0xffffffffc057e680	0x0	nf_conntrack
tcp_timeout_obj_to_nlattr	0xffffffffc057e690	0x0	nf_conntrack
__pfx_tcp_nlattr_tuple_size	0xffffffffc057e900	0x0	nf_conntrack
tcp_nlattr_tuple_size	0xffffffffc057e910	0x0	nf_conntrack
__pfx_tcp_to_nlattr	0xffffffffc057e950	0x0	nf_conntrack
tcp_to_nlattr	0xffffffffc057e960	0x0	nf_conntrack
__pfx_nlattr_to_tcp	0xffffffffc057eb00	0x0	nf_conntrack
nlattr_to_tcp	0xffffffffc057eb10	0x0	nf_conntrack
__pfx_tcp_options	0xffffffffc057ec70	0x0	nf_conntrack
tcp_options	0xffffffffc057ec80	0x0	nf_conntrack
__pfx_tcp_in_window	0xffffffffc057edd0	0x0	nf_conntrack
tcp_in_window	0xffffffffc057ede0	0x0	nf_conntrack
__pfx_tcp_new	0xffffffffc057f710	0x0	nf_conntrack
tcp_new	0xffffffffc057f720	0x0	nf_conntrack
__pfx_nf_conntrack_tcp_set_closing	0xffffffffc057f980	0x0	nf_conntrack
nf_conntrack_tcp_set_closing	0xffffffffc057f990	0x0	nf_conntrack
__pfx_nf_conntrack_tcp_packet	0xffffffffc057fae0	0x0	nf_conntrack
nf_conntrack_tcp_packet	0xffffffffc057faf0	0x0	nf_conntrack
__pfx_nf_conntrack_tcp_init_net	0xffffffffc0580d70	0x0	nf_conntrack
nf_conntrack_tcp_init_net	0xffffffffc0580d80	0x0	nf_conntrack
__pfx_udp_timeout_nlattr_to_obj	0xffffffffc0580e10	0x0	nf_conntrack
udp_timeout_nlattr_to_obj	0xffffffffc0580e20	0x0	nf_conntrack
__pfx_udp_timeout_obj_to_nlattr	0xffffffffc0580e80	0x0	nf_conntrack
udp_timeout_obj_to_nlattr	0xffffffffc0580e90	0x0	nf_conntrack
__pfx_nf_conntrack_udp_packet	0xffffffffc0580f40	0x0	nf_conntrack
nf_conntrack_udp_packet	0xffffffffc0580f50	0x0	nf_conntrack
__pfx_nf_conntrack_udplite_packet	0xffffffffc0581220	0x0	nf_conntrack
nf_conntrack_udplite_packet	0xffffffffc0581230	0x0	nf_conntrack
__pfx_nf_conntrack_udp_init_net	0xffffffffc05814e0	0x0	nf_conntrack
nf_conntrack_udp_init_net	0xffffffffc05814f0	0x0	nf_conntrack
__pfx_icmp_nlattr_to_tuple	0xffffffffc0581520	0x0	nf_conntrack
icmp_nlattr_to_tuple	0xffffffffc0581530	0x0	nf_conntrack
__pfx_icmp_timeout_nlattr_to_obj	0xffffffffc05815d0	0x0	nf_conntrack
icmp_timeout_nlattr_to_obj	0xffffffffc05815e0	0x0	nf_conntrack
__pfx_icmp_timeout_obj_to_nlattr	0xffffffffc0581630	0x0	nf_conntrack
icmp_timeout_obj_to_nlattr	0xffffffffc0581640	0x0	nf_conntrack
__pfx_icmp_tuple_to_nlattr	0xffffffffc05816b0	0x0	nf_conntrack
icmp_tuple_to_nlattr	0xffffffffc05816c0	0x0	nf_conntrack
__pfx_icmp_nlattr_tuple_size	0xffffffffc0581770	0x0	nf_conntrack
icmp_nlattr_tuple_size	0xffffffffc0581780	0x0	nf_conntrack
__pfx_icmp_pkt_to_tuple	0xffffffffc05817c0	0x0	nf_conntrack
icmp_pkt_to_tuple	0xffffffffc05817d0	0x0	nf_conntrack
__pfx_nf_conntrack_invert_icmp_tuple	0xffffffffc0581870	0x0	nf_conntrack
nf_conntrack_invert_icmp_tuple	0xffffffffc0581880	0x0	nf_conntrack
__pfx_nf_conntrack_icmp_packet	0xffffffffc0581920	0x0	nf_conntrack
nf_conntrack_icmp_packet	0xffffffffc0581930	0x0	nf_conntrack
__pfx_nf_conntrack_inet_error	0xffffffffc0581a50	0x0	nf_conntrack
nf_conntrack_inet_error	0xffffffffc0581a60	0x0	nf_conntrack
__pfx_nf_conntrack_icmpv4_error	0xffffffffc0581cf0	0x0	nf_conntrack
nf_conntrack_icmpv4_error	0xffffffffc0581d00	0x0	nf_conntrack
__pfx_nf_conntrack_icmp_init_net	0xffffffffc0581eb0	0x0	nf_conntrack
nf_conntrack_icmp_init_net	0xffffffffc0581ec0	0x0	nf_conntrack
__pfx___nf_ct_ext_find	0xffffffffc0581ee0	0x0	nf_conntrack
__nf_ct_ext_find	0xffffffffc0581ef0	0x0	nf_conntrack
__pfx_nf_ct_ext_add	0xffffffffc0581f90	0x0	nf_conntrack
nf_ct_ext_add	0xffffffffc0581fa0	0x0	nf_conntrack
__pfx_nf_ct_ext_bump_genid	0xffffffffc05821b0	0x0	nf_conntrack
nf_ct_ext_bump_genid	0xffffffffc05821c0	0x0	nf_conntrack
__pfx_nf_conntrack_acct_pernet_init	0xffffffffc0582200	0x0	nf_conntrack
nf_conntrack_acct_pernet_init	0xffffffffc0582210	0x0	nf_conntrack
__pfx_nf_ct_seq_offset	0xffffffffc0582250	0x0	nf_conntrack
nf_ct_seq_offset	0xffffffffc0582260	0x0	nf_conntrack
__pfx_nf_ct_seqadj_init	0xffffffffc0582310	0x0	nf_conntrack
nf_ct_seqadj_init	0xffffffffc0582320	0x0	nf_conntrack
__pfx_nf_ct_seqadj_set	0xffffffffc05823a0	0x0	nf_conntrack
nf_ct_seqadj_set	0xffffffffc05823b0	0x0	nf_conntrack
__pfx_nf_ct_tcp_seqadj_set	0xffffffffc05824b0	0x0	nf_conntrack
nf_ct_tcp_seqadj_set	0xffffffffc05824c0	0x0	nf_conntrack
__pfx_nf_ct_seq_adjust	0xffffffffc0582510	0x0	nf_conntrack
nf_ct_seq_adjust	0xffffffffc0582520	0x0	nf_conntrack
__pfx_icmpv6_nlattr_to_tuple	0xffffffffc0582940	0x0	nf_conntrack
icmpv6_nlattr_to_tuple	0xffffffffc0582950	0x0	nf_conntrack
__pfx_icmpv6_timeout_nlattr_to_obj	0xffffffffc0582a00	0x0	nf_conntrack
icmpv6_timeout_nlattr_to_obj	0xffffffffc0582a10	0x0	nf_conntrack
__pfx_icmpv6_timeout_obj_to_nlattr	0xffffffffc0582a60	0x0	nf_conntrack
icmpv6_timeout_obj_to_nlattr	0xffffffffc0582a70	0x0	nf_conntrack
__pfx_icmpv6_tuple_to_nlattr	0xffffffffc0582ae0	0x0	nf_conntrack
icmpv6_tuple_to_nlattr	0xffffffffc0582af0	0x0	nf_conntrack
__pfx_icmpv6_nlattr_tuple_size	0xffffffffc0582ba0	0x0	nf_conntrack
icmpv6_nlattr_tuple_size	0xffffffffc0582bb0	0x0	nf_conntrack
__pfx_nf_conntrack_icmpv6_redirect	0xffffffffc0582bf0	0x0	nf_conntrack
nf_conntrack_icmpv6_redirect	0xffffffffc0582c00	0x0	nf_conntrack
__pfx_icmpv6_pkt_to_tuple	0xffffffffc0582e10	0x0	nf_conntrack
icmpv6_pkt_to_tuple	0xffffffffc0582e20	0x0	nf_conntrack
__pfx_nf_conntrack_invert_icmpv6_tuple	0xffffffffc0582ec0	0x0	nf_conntrack
nf_conntrack_invert_icmpv6_tuple	0xffffffffc0582ed0	0x0	nf_conntrack
__pfx_nf_conntrack_icmpv6_packet	0xffffffffc0582f80	0x0	nf_conntrack
nf_conntrack_icmpv6_packet	0xffffffffc0582f90	0x0	nf_conntrack
__pfx_nf_conntrack_icmpv6_error	0xffffffffc0583120	0x0	nf_conntrack
nf_conntrack_icmpv6_error	0xffffffffc0583130	0x0	nf_conntrack
__pfx_nf_conntrack_icmpv6_init_net	0xffffffffc0583320	0x0	nf_conntrack
nf_conntrack_icmpv6_init_net	0xffffffffc0583330	0x0	nf_conntrack
__pfx_nf_ct_untimeout	0xffffffffc0583350	0x0	nf_conntrack
nf_ct_untimeout	0xffffffffc0583360	0x0	nf_conntrack
__pfx_nf_ct_set_timeout	0xffffffffc05833c0	0x0	nf_conntrack
nf_ct_set_timeout	0xffffffffc05833d0	0x0	nf_conntrack
__pfx_nf_ct_destroy_timeout	0xffffffffc0583590	0x0	nf_conntrack
nf_ct_destroy_timeout	0xffffffffc05835a0	0x0	nf_conntrack
__pfx_untimeout	0xffffffffc0583610	0x0	nf_conntrack
untimeout	0xffffffffc0583620	0x0	nf_conntrack
__pfx_nf_conntrack_tstamp_pernet_init	0xffffffffc0583690	0x0	nf_conntrack
nf_conntrack_tstamp_pernet_init	0xffffffffc05836a0	0x0	nf_conntrack
__pfx_nf_conn_pernet_ecache	0xffffffffc05836e0	0x0	nf_conntrack
nf_conn_pernet_ecache	0xffffffffc05836f0	0x0	nf_conntrack
__pfx___nf_conntrack_eventmask_report	0xffffffffc0583720	0x0	nf_conntrack
__nf_conntrack_eventmask_report	0xffffffffc0583730	0x0	nf_conntrack
__pfx_nf_conntrack_register_notifier	0xffffffffc05837d0	0x0	nf_conntrack
nf_conntrack_register_notifier	0xffffffffc05837e0	0x0	nf_conntrack
__pfx_nf_conntrack_unregister_notifier	0xffffffffc0583830	0x0	nf_conntrack
nf_conntrack_unregister_notifier	0xffffffffc0583840	0x0	nf_conntrack
__pfx_nf_ct_ecache_ext_add	0xffffffffc0583880	0x0	nf_conntrack
nf_ct_ecache_ext_add	0xffffffffc0583890	0x0	nf_conntrack
__pfx_nf_ct_deliver_cached_events	0xffffffffc0583970	0x0	nf_conntrack
nf_ct_deliver_cached_events	0xffffffffc0583980	0x0	nf_conntrack
__pfx_nf_conntrack_eventmask_report	0xffffffffc0583a40	0x0	nf_conntrack
nf_conntrack_eventmask_report	0xffffffffc0583a50	0x0	nf_conntrack
__pfx_ecache_work_evict_list	0xffffffffc0583b80	0x0	nf_conntrack
ecache_work_evict_list	0xffffffffc0583b90	0x0	nf_conntrack
__pfx_ecache_work	0xffffffffc0583da0	0x0	nf_conntrack
ecache_work	0xffffffffc0583db0	0x0	nf_conntrack
__pfx_nf_ct_expect_event_report	0xffffffffc0583e00	0x0	nf_conntrack
nf_ct_expect_event_report	0xffffffffc0583e10	0x0	nf_conntrack
__pfx_nf_conntrack_ecache_work	0xffffffffc0583ef0	0x0	nf_conntrack
nf_conntrack_ecache_work	0xffffffffc0583f00	0x0	nf_conntrack
__pfx_nf_conntrack_ecache_pernet_init	0xffffffffc0583f90	0x0	nf_conntrack
nf_conntrack_ecache_pernet_init	0xffffffffc0583fa0	0x0	nf_conntrack
__pfx_nf_conntrack_ecache_pernet_fini	0xffffffffc0584020	0x0	nf_conntrack
nf_conntrack_ecache_pernet_fini	0xffffffffc0584030	0x0	nf_conntrack
__pfx_nf_connlabels_get	0xffffffffc0584060	0x0	nf_conntrack
nf_connlabels_get	0xffffffffc0584070	0x0	nf_conntrack
__pfx_nf_connlabels_put	0xffffffffc05840b0	0x0	nf_conntrack
nf_connlabels_put	0xffffffffc05840c0	0x0	nf_conntrack
__pfx_nf_connlabels_replace	0xffffffffc05840f0	0x0	nf_conntrack
nf_connlabels_replace	0xffffffffc0584100	0x0	nf_conntrack
__pfx_nf_ct_add_helper	0xffffffffc0584290	0x0	nf_conntrack
nf_ct_add_helper	0xffffffffc05842a0	0x0	nf_conntrack
__pfx_nf_ct_handle_fragments	0xffffffffc0584360	0x0	nf_conntrack
nf_ct_handle_fragments	0xffffffffc0584370	0x0	nf_conntrack
__pfx_nf_ct_helper	0xffffffffc05844a0	0x0	nf_conntrack
nf_ct_helper	0xffffffffc05844b0	0x0	nf_conntrack
__pfx_nf_ct_skb_network_trim	0xffffffffc0584690	0x0	nf_conntrack
nf_ct_skb_network_trim	0xffffffffc05846a0	0x0	nf_conntrack
__pfx_sctp_can_early_drop	0xffffffffc0584790	0x0	nf_conntrack
sctp_can_early_drop	0xffffffffc05847a0	0x0	nf_conntrack
__pfx_sctp_new_state	0xffffffffc05847c0	0x0	nf_conntrack
sctp_new_state	0xffffffffc05847d0	0x0	nf_conntrack
__pfx_sctp_timeout_nlattr_to_obj	0xffffffffc0584960	0x0	nf_conntrack
sctp_timeout_nlattr_to_obj	0xffffffffc0584970	0x0	nf_conntrack
__pfx_sctp_timeout_obj_to_nlattr	0xffffffffc0584a10	0x0	nf_conntrack
sctp_timeout_obj_to_nlattr	0xffffffffc0584a20	0x0	nf_conntrack
__pfx_sctp_to_nlattr	0xffffffffc0584ab0	0x0	nf_conntrack
sctp_to_nlattr	0xffffffffc0584ac0	0x0	nf_conntrack
__pfx_nlattr_to_sctp	0xffffffffc0584c00	0x0	nf_conntrack
nlattr_to_sctp	0xffffffffc0584c10	0x0	nf_conntrack
__pfx_sctp_new	0xffffffffc0584d10	0x0	nf_conntrack
sctp_new	0xffffffffc0584d20	0x0	nf_conntrack
__pfx_nf_conntrack_sctp_packet	0xffffffffc0584f70	0x0	nf_conntrack
nf_conntrack_sctp_packet	0xffffffffc0584f80	0x0	nf_conntrack
__pfx_nf_conntrack_sctp_init_net	0xffffffffc0585cb0	0x0	nf_conntrack
nf_conntrack_sctp_init_net	0xffffffffc0585cc0	0x0	nf_conntrack
__pfx_gre_key_cmpfn	0xffffffffc0585d20	0x0	nf_conntrack
gre_key_cmpfn	0xffffffffc0585d30	0x0	nf_conntrack
__pfx_gre_timeout_nlattr_to_obj	0xffffffffc0585d90	0x0	nf_conntrack
gre_timeout_nlattr_to_obj	0xffffffffc0585da0	0x0	nf_conntrack
__pfx_gre_timeout_obj_to_nlattr	0xffffffffc0585e00	0x0	nf_conntrack
gre_timeout_obj_to_nlattr	0xffffffffc0585e10	0x0	nf_conntrack
__pfx_nf_ct_gre_keymap_destroy	0xffffffffc0585ec0	0x0	nf_conntrack
nf_ct_gre_keymap_destroy	0xffffffffc0585ed0	0x0	nf_conntrack
__pfx_nf_ct_gre_keymap_add	0xffffffffc0586060	0x0	nf_conntrack
nf_ct_gre_keymap_add	0xffffffffc0586070	0x0	nf_conntrack
__pfx_gre_pkt_to_tuple	0xffffffffc05862b0	0x0	nf_conntrack
gre_pkt_to_tuple	0xffffffffc05862c0	0x0	nf_conntrack
__pfx_nf_conntrack_gre_packet	0xffffffffc0586480	0x0	nf_conntrack
nf_conntrack_gre_packet	0xffffffffc0586490	0x0	nf_conntrack
__pfx_nf_conntrack_gre_init_net	0xffffffffc0586620	0x0	nf_conntrack
nf_conntrack_gre_init_net	0xffffffffc0586630	0x0	nf_conntrack
__pfx__nf_conntrack_btf_struct_access	0xffffffffc0586670	0x0	nf_conntrack
_nf_conntrack_btf_struct_access	0xffffffffc0586680	0x0	nf_conntrack
__pfx_bpf_nf_ct_tuple_parse	0xffffffffc0586760	0x0	nf_conntrack
bpf_nf_ct_tuple_parse	0xffffffffc0586770	0x0	nf_conntrack
__pfx___bpf_nf_ct_alloc_entry.constprop.0	0xffffffffc0586870	0x0	nf_conntrack
__bpf_nf_ct_alloc_entry.constprop.0	0xffffffffc0586880	0x0	nf_conntrack
__pfx___bpf_nf_ct_lookup	0xffffffffc0586b40	0x0	nf_conntrack
__bpf_nf_ct_lookup	0xffffffffc0586b50	0x0	nf_conntrack
__pfx_bpf_xdp_ct_alloc	0xffffffffc0586d60	0x0	nf_conntrack
bpf_xdp_ct_alloc	0xffffffffc0586d70	0x0	nf_conntrack
__pfx_bpf_xdp_ct_lookup	0xffffffffc0586db0	0x0	nf_conntrack
bpf_xdp_ct_lookup	0xffffffffc0586dc0	0x0	nf_conntrack
__pfx_bpf_skb_ct_alloc	0xffffffffc0586e00	0x0	nf_conntrack
bpf_skb_ct_alloc	0xffffffffc0586e10	0x0	nf_conntrack
__pfx_bpf_skb_ct_lookup	0xffffffffc0586e70	0x0	nf_conntrack
bpf_skb_ct_lookup	0xffffffffc0586e80	0x0	nf_conntrack
__pfx_bpf_ct_insert_entry	0xffffffffc0586ee0	0x0	nf_conntrack
bpf_ct_insert_entry	0xffffffffc0586ef0	0x0	nf_conntrack
__pfx_bpf_ct_release	0xffffffffc0586f40	0x0	nf_conntrack
bpf_ct_release	0xffffffffc0586f50	0x0	nf_conntrack
__pfx_bpf_ct_set_timeout	0xffffffffc0586fa0	0x0	nf_conntrack
bpf_ct_set_timeout	0xffffffffc0586fb0	0x0	nf_conntrack
__pfx_bpf_ct_change_timeout	0xffffffffc0587000	0x0	nf_conntrack
bpf_ct_change_timeout	0xffffffffc0587010	0x0	nf_conntrack
__pfx_bpf_ct_set_status	0xffffffffc0587040	0x0	nf_conntrack
bpf_ct_set_status	0xffffffffc0587050	0x0	nf_conntrack
__pfx_bpf_ct_change_status	0xffffffffc0587070	0x0	nf_conntrack
bpf_ct_change_status	0xffffffffc0587080	0x0	nf_conntrack
__pfx_register_nf_conntrack_bpf	0xffffffffc05870a0	0x0	nf_conntrack
register_nf_conntrack_bpf	0xffffffffc05870b0	0x0	nf_conntrack
__pfx_cleanup_nf_conntrack_bpf	0xffffffffc0587120	0x0	nf_conntrack
cleanup_nf_conntrack_bpf	0xffffffffc0587130	0x0	nf_conntrack
nf_ct_resolve_clash.cold	0xffffffffc0587162	0x0	nf_conntrack
nf_conntrack_lock.cold	0xffffffffc05871c2	0x0	nf_conntrack
nf_conntrack_hash_check_insert.cold	0xffffffffc05871d7	0x0	nf_conntrack
nf_ct_delete.cold	0xffffffffc0587274	0x0	nf_conntrack
nf_conntrack_tuple_taken.cold	0xffffffffc0587289	0x0	nf_conntrack
__nf_conntrack_find_get.cold	0xffffffffc05872c3	0x0	nf_conntrack
__nf_conntrack_alloc.cold	0xffffffffc058732f	0x0	nf_conntrack
__nf_conntrack_confirm.cold	0xffffffffc0587343	0x0	nf_conntrack
gc_worker.cold	0xffffffffc05873f3	0x0	nf_conntrack
nf_conntrack_hash_resize.cold	0xffffffffc058742c	0x0	nf_conntrack
nf_conntrack_pernet_init.cold	0xffffffffc058744a	0x0	nf_conntrack
nf_conntrack_pernet_exit.cold	0xffffffffc058745f	0x0	nf_conntrack
ipv6_getorigdst.cold	0xffffffffc0587474	0x0	nf_conntrack
tcp_in_window.cold	0xffffffffc058748d	0x0	nf_conntrack
nf_conntrack_acct_pernet_init.cold	0xffffffffc0587541	0x0	nf_conntrack
nf_ct_seqadj_set.cold	0xffffffffc0587555	0x0	nf_conntrack
nf_conntrack_tstamp_pernet_init.cold	0xffffffffc0587569	0x0	nf_conntrack
nf_ct_expect_event_report.cold	0xffffffffc058757d	0x0	nf_conntrack
nf_ct_helper.cold	0xffffffffc0587596	0x0	nf_conntrack
__pfx_nf_conntrack_standalone_fini	0xffffffffc0587640	0x0	nf_conntrack
__pfx_cleanup_module	0xffffffffc0587640	0x0	nf_conntrack
nf_conntrack_standalone_fini	0xffffffffc0587650	0x0	nf_conntrack
cleanup_module	0xffffffffc0587650	0x0	nf_conntrack
__pfx_conntrack_mt_destroy	0xffffffffc0588000	0x0	xt_conntrack
conntrack_mt_destroy	0xffffffffc0588010	0x0	xt_conntrack
__pfx_conntrack_mt_check	0xffffffffc0588030	0x0	xt_conntrack
conntrack_mt_check	0xffffffffc0588040	0x0	xt_conntrack
__pfx_conntrack_mt.isra.0	0xffffffffc05880a0	0x0	xt_conntrack
conntrack_mt.isra.0	0xffffffffc05880b0	0x0	xt_conntrack
__pfx_conntrack_mt_v1	0xffffffffc0588680	0x0	xt_conntrack
conntrack_mt_v1	0xffffffffc0588690	0x0	xt_conntrack
__pfx_conntrack_mt_v2	0xffffffffc05886c0	0x0	xt_conntrack
conntrack_mt_v2	0xffffffffc05886d0	0x0	xt_conntrack
__pfx_conntrack_mt_v3	0xffffffffc0588700	0x0	xt_conntrack
conntrack_mt_v3	0xffffffffc0588710	0x0	xt_conntrack
__pfx_conntrack_mt_exit	0xffffffffc0588740	0x0	xt_conntrack
__pfx_cleanup_module	0xffffffffc0588740	0x0	xt_conntrack
conntrack_mt_exit	0xffffffffc0588750	0x0	xt_conntrack
cleanup_module	0xffffffffc0588750	0x0	xt_conntrack
__pfx_value_read	0xffffffffc0589000	0x0	ib_core
value_read	0xffffffffc0589010	0x0	ib_core
__pfx_value_write	0xffffffffc0589090	0x0	ib_core
value_write	0xffffffffc05890a0	0x0	ib_core
__pfx_ib_pack	0xffffffffc0589110	0x0	ib_core
ib_pack	0xffffffffc0589120	0x0	ib_core
__pfx_ib_unpack	0xffffffffc0589320	0x0	ib_core
ib_unpack	0xffffffffc0589330	0x0	ib_core
__pfx_ib_ud_header_init	0xffffffffc05894c0	0x0	ib_core
ib_ud_header_init	0xffffffffc05894d0	0x0	ib_core
__pfx_ib_ud_header_pack	0xffffffffc05896d0	0x0	ib_core
ib_ud_header_pack	0xffffffffc05896e0	0x0	ib_core
__pfx_ib_ud_ip4_csum	0xffffffffc05898b0	0x0	ib_core
ib_ud_ip4_csum	0xffffffffc05898c0	0x0	ib_core
__pfx_ib_event_msg	0xffffffffc0589950	0x0	ib_core
ib_event_msg	0xffffffffc0589960	0x0	ib_core
__pfx_ib_wc_status_msg	0xffffffffc05899e0	0x0	ib_core
ib_wc_status_msg	0xffffffffc05899f0	0x0	ib_core
__pfx_ib_rate_to_mult	0xffffffffc0589a70	0x0	ib_core
ib_rate_to_mult	0xffffffffc0589a80	0x0	ib_core
__pfx_mult_to_ib_rate	0xffffffffc0589ab0	0x0	ib_core
mult_to_ib_rate	0xffffffffc0589ac0	0x0	ib_core
__pfx_ib_rate_to_mbps	0xffffffffc0589c60	0x0	ib_core
ib_rate_to_mbps	0xffffffffc0589c70	0x0	ib_core
__pfx_rdma_node_get_transport	0xffffffffc0589ca0	0x0	ib_core
rdma_node_get_transport	0xffffffffc0589cb0	0x0	ib_core
__pfx_rdma_move_grh_sgid_attr	0xffffffffc0589d00	0x0	ib_core
rdma_move_grh_sgid_attr	0xffffffffc0589d10	0x0	ib_core
__pfx_rdma_query_ah	0xffffffffc0589d50	0x0	ib_core
rdma_query_ah	0xffffffffc0589d60	0x0	ib_core
__pfx_ib_modify_srq	0xffffffffc0589da0	0x0	ib_core
ib_modify_srq	0xffffffffc0589db0	0x0	ib_core
__pfx_ib_query_srq	0xffffffffc0589de0	0x0	ib_core
ib_query_srq	0xffffffffc0589df0	0x0	ib_core
__pfx___ib_shared_qp_event_handler	0xffffffffc0589e20	0x0	ib_core
__ib_shared_qp_event_handler	0xffffffffc0589e30	0x0	ib_core
__pfx_ib_qp_usecnt_inc	0xffffffffc0589ed0	0x0	ib_core
ib_qp_usecnt_inc	0xffffffffc0589ee0	0x0	ib_core
__pfx_ib_qp_usecnt_dec	0xffffffffc0589f40	0x0	ib_core
ib_qp_usecnt_dec	0xffffffffc0589f50	0x0	ib_core
__pfx_ib_modify_qp_is_ok	0xffffffffc0589fb0	0x0	ib_core
ib_modify_qp_is_ok	0xffffffffc0589fc0	0x0	ib_core
__pfx_ib_query_qp	0xffffffffc058a1a0	0x0	ib_core
ib_query_qp	0xffffffffc058a1b0	0x0	ib_core
__pfx_rdma_set_cq_moderation	0xffffffffc058a200	0x0	ib_core
rdma_set_cq_moderation	0xffffffffc058a210	0x0	ib_core
__pfx_ib_resize_cq	0xffffffffc058a250	0x0	ib_core
ib_resize_cq	0xffffffffc058a260	0x0	ib_core
__pfx_ib_advise_mr	0xffffffffc058a2a0	0x0	ib_core
ib_advise_mr	0xffffffffc058a2b0	0x0	ib_core
__pfx_ib_destroy_wq_user	0xffffffffc058a2f0	0x0	ib_core
ib_destroy_wq_user	0xffffffffc058a300	0x0	ib_core
__pfx_ib_check_mr_status	0xffffffffc058a350	0x0	ib_core
ib_check_mr_status	0xffffffffc058a360	0x0	ib_core
__pfx_ib_set_vf_link_state	0xffffffffc058a390	0x0	ib_core
ib_set_vf_link_state	0xffffffffc058a3a0	0x0	ib_core
__pfx_ib_get_vf_config	0xffffffffc058a3d0	0x0	ib_core
ib_get_vf_config	0xffffffffc058a3e0	0x0	ib_core
__pfx_ib_get_vf_stats	0xffffffffc058a410	0x0	ib_core
ib_get_vf_stats	0xffffffffc058a420	0x0	ib_core
__pfx_ib_set_vf_guid	0xffffffffc058a450	0x0	ib_core
ib_set_vf_guid	0xffffffffc058a460	0x0	ib_core
__pfx_ib_get_vf_guid	0xffffffffc058a490	0x0	ib_core
ib_get_vf_guid	0xffffffffc058a4a0	0x0	ib_core
__pfx_rdma_init_netdev	0xffffffffc058a4d0	0x0	ib_core
rdma_init_netdev	0xffffffffc058a4e0	0x0	ib_core
__pfx_ib_create_wq	0xffffffffc058a590	0x0	ib_core
ib_create_wq	0xffffffffc058a5a0	0x0	ib_core
__pfx_ib_dealloc_xrcd_user	0xffffffffc058a630	0x0	ib_core
ib_dealloc_xrcd_user	0xffffffffc058a640	0x0	ib_core
__pfx_ib_map_mr_sg_pi	0xffffffffc058a6a0	0x0	ib_core
ib_map_mr_sg_pi	0xffffffffc058a6b0	0x0	ib_core
__pfx_ib_map_mr_sg	0xffffffffc058a700	0x0	ib_core
ib_map_mr_sg	0xffffffffc058a710	0x0	ib_core
__pfx_ib_sg_to_pages	0xffffffffc058a750	0x0	ib_core
ib_sg_to_pages	0xffffffffc058a760	0x0	ib_core
__pfx___rdma_block_iter_next	0xffffffffc058a920	0x0	ib_core
__rdma_block_iter_next	0xffffffffc058a930	0x0	ib_core
__pfx_ib_dealloc_pd_user	0xffffffffc058aa20	0x0	ib_core
ib_dealloc_pd_user	0xffffffffc058aa30	0x0	ib_core
__pfx_rdma_copy_ah_attr	0xffffffffc058aab0	0x0	ib_core
rdma_copy_ah_attr	0xffffffffc058aac0	0x0	ib_core
__pfx_rdma_fill_sgid_attr	0xffffffffc058ab20	0x0	ib_core
rdma_fill_sgid_attr	0xffffffffc058ab30	0x0	ib_core
__pfx_rdma_destroy_ah_attr	0xffffffffc058abf0	0x0	ib_core
rdma_destroy_ah_attr	0xffffffffc058ac00	0x0	ib_core
__pfx_rdma_replace_ah_attr	0xffffffffc058ac30	0x0	ib_core
rdma_replace_ah_attr	0xffffffffc058ac40	0x0	ib_core
__pfx_rdma_move_ah_attr	0xffffffffc058acc0	0x0	ib_core
rdma_move_ah_attr	0xffffffffc058acd0	0x0	ib_core
__pfx_rdma_destroy_ah_user	0xffffffffc058ad50	0x0	ib_core
rdma_destroy_ah_user	0xffffffffc058ad60	0x0	ib_core
__pfx_ib_get_gids_from_rdma_hdr	0xffffffffc058ade0	0x0	ib_core
ib_get_gids_from_rdma_hdr	0xffffffffc058adf0	0x0	ib_core
__pfx_find_gid_index	0xffffffffc058ae80	0x0	ib_core
find_gid_index	0xffffffffc058ae90	0x0	ib_core
__pfx___ib_qp_event_handler	0xffffffffc058af00	0x0	ib_core
__ib_qp_event_handler	0xffffffffc058af10	0x0	ib_core
__pfx_ib_drain_qp_done	0xffffffffc058af60	0x0	ib_core
ib_drain_qp_done	0xffffffffc058af70	0x0	ib_core
__pfx_ib_close_qp	0xffffffffc058af90	0x0	ib_core
ib_close_qp	0xffffffffc058afa0	0x0	ib_core
__pfx_ib_destroy_qp_user	0xffffffffc058b050	0x0	ib_core
ib_destroy_qp_user	0xffffffffc058b060	0x0	ib_core
__pfx_ib_reg_user_mr	0xffffffffc058b200	0x0	ib_core
ib_reg_user_mr	0xffffffffc058b210	0x0	ib_core
__pfx_ib_dereg_mr_user	0xffffffffc058b2f0	0x0	ib_core
ib_dereg_mr_user	0xffffffffc058b300	0x0	ib_core
__pfx_ib_alloc_mr	0xffffffffc058b3c0	0x0	ib_core
ib_alloc_mr	0xffffffffc058b3d0	0x0	ib_core
__pfx_rdma_alloc_netdev	0xffffffffc058b4e0	0x0	ib_core
rdma_alloc_netdev	0xffffffffc058b4f0	0x0	ib_core
__pfx___rdma_block_iter_start	0xffffffffc058b5b0	0x0	ib_core
__rdma_block_iter_start	0xffffffffc058b5c0	0x0	ib_core
__pfx_ipv6_eth_mc_map	0xffffffffc058b600	0x0	ib_core
ipv6_eth_mc_map	0xffffffffc058b610	0x0	ib_core
__pfx_rdma_get_ll_mac	0xffffffffc058b630	0x0	ib_core
rdma_get_ll_mac	0xffffffffc058b640	0x0	ib_core
__pfx_create_qp	0xffffffffc058b670	0x0	ib_core
create_qp	0xffffffffc058b680	0x0	ib_core
__pfx_ib_create_qp_kernel	0xffffffffc058b920	0x0	ib_core
ib_create_qp_kernel	0xffffffffc058b930	0x0	ib_core
__pfx_rdma_free_hw_stats_struct	0xffffffffc058ba00	0x0	ib_core
rdma_free_hw_stats_struct	0xffffffffc058ba10	0x0	ib_core
__pfx_ib_destroy_srq_user	0xffffffffc058ba50	0x0	ib_core
ib_destroy_srq_user	0xffffffffc058ba60	0x0	ib_core
__pfx_ib_destroy_cq_user	0xffffffffc058baf0	0x0	ib_core
ib_destroy_cq_user	0xffffffffc058bb00	0x0	ib_core
__pfx_ib_get_rdma_header_version	0xffffffffc058bb80	0x0	ib_core
ib_get_rdma_header_version	0xffffffffc058bb90	0x0	ib_core
__pfx_rdma_port_get_link_layer	0xffffffffc058bc50	0x0	ib_core
rdma_port_get_link_layer	0xffffffffc058bc60	0x0	ib_core
__pfx_ib_resolve_unicast_gid_dmac.isra.0	0xffffffffc058bca0	0x0	ib_core
ib_resolve_unicast_gid_dmac.isra.0	0xffffffffc058bcb0	0x0	ib_core
__pfx_ib_resolve_eth_dmac.isra.0	0xffffffffc058bd40	0x0	ib_core
ib_resolve_eth_dmac.isra.0	0xffffffffc058bd50	0x0	ib_core
__pfx_ib_init_ah_attr_from_wc	0xffffffffc058bdd0	0x0	ib_core
ib_init_ah_attr_from_wc	0xffffffffc058bde0	0x0	ib_core
__pfx___ib_open_qp	0xffffffffc058c1b0	0x0	ib_core
__ib_open_qp	0xffffffffc058c1c0	0x0	ib_core
__pfx_ib_open_qp	0xffffffffc058c320	0x0	ib_core
ib_open_qp	0xffffffffc058c330	0x0	ib_core
__pfx_ib_create_qp_user	0xffffffffc058c3c0	0x0	ib_core
ib_create_qp_user	0xffffffffc058c3d0	0x0	ib_core
__pfx_rdma_modify_ah	0xffffffffc058c500	0x0	ib_core
rdma_modify_ah	0xffffffffc058c510	0x0	ib_core
__pfx_ib_alloc_mr_integrity	0xffffffffc058c600	0x0	ib_core
ib_alloc_mr_integrity	0xffffffffc058c610	0x0	ib_core
__pfx_rdma_alloc_hw_stats_struct	0xffffffffc058c7b0	0x0	ib_core
rdma_alloc_hw_stats_struct	0xffffffffc058c7c0	0x0	ib_core
__pfx_ib_get_eth_speed	0xffffffffc058c890	0x0	ib_core
ib_get_eth_speed	0xffffffffc058c8a0	0x0	ib_core
__pfx__ib_modify_qp	0xffffffffc058cbb0	0x0	ib_core
_ib_modify_qp	0xffffffffc058cbc0	0x0	ib_core
__pfx_ib_modify_qp_with_udata	0xffffffffc058cfd0	0x0	ib_core
ib_modify_qp_with_udata	0xffffffffc058cfe0	0x0	ib_core
__pfx_ib_modify_qp	0xffffffffc058d000	0x0	ib_core
ib_modify_qp	0xffffffffc058d010	0x0	ib_core
__pfx___ib_drain_srq	0xffffffffc058d030	0x0	ib_core
__ib_drain_srq	0xffffffffc058d040	0x0	ib_core
__pfx___ib_drain_sq	0xffffffffc058d1f0	0x0	ib_core
__ib_drain_sq	0xffffffffc058d200	0x0	ib_core
__pfx_ib_drain_sq	0xffffffffc058d400	0x0	ib_core
ib_drain_sq	0xffffffffc058d410	0x0	ib_core
__pfx___ib_drain_rq	0xffffffffc058d480	0x0	ib_core
__ib_drain_rq	0xffffffffc058d490	0x0	ib_core
__pfx_ib_drain_rq	0xffffffffc058d6a0	0x0	ib_core
ib_drain_rq	0xffffffffc058d6b0	0x0	ib_core
__pfx_ib_drain_qp	0xffffffffc058d720	0x0	ib_core
ib_drain_qp	0xffffffffc058d730	0x0	ib_core
__pfx_is_valid_mcast_lid	0xffffffffc058d770	0x0	ib_core
is_valid_mcast_lid	0xffffffffc058d780	0x0	ib_core
__pfx_ib_attach_mcast	0xffffffffc058d8e0	0x0	ib_core
ib_attach_mcast	0xffffffffc058d8f0	0x0	ib_core
__pfx_ib_detach_mcast	0xffffffffc058d9a0	0x0	ib_core
ib_detach_mcast	0xffffffffc058d9b0	0x0	ib_core
__pfx___ib_create_cq	0xffffffffc058da60	0x0	ib_core
__ib_create_cq	0xffffffffc058da70	0x0	ib_core
__pfx_ib_create_srq_user	0xffffffffc058db50	0x0	ib_core
ib_create_srq_user	0xffffffffc058db60	0x0	ib_core
__pfx___ib_alloc_pd	0xffffffffc058dcd0	0x0	ib_core
__ib_alloc_pd	0xffffffffc058dce0	0x0	ib_core
__pfx_ib_alloc_xrcd_user	0xffffffffc058de90	0x0	ib_core
ib_alloc_xrcd_user	0xffffffffc058dea0	0x0	ib_core
__pfx__rdma_create_ah	0xffffffffc058df70	0x0	ib_core
_rdma_create_ah	0xffffffffc058df80	0x0	ib_core
__pfx_rdma_create_ah	0xffffffffc058e110	0x0	ib_core
rdma_create_ah	0xffffffffc058e120	0x0	ib_core
__pfx_ib_create_ah_from_wc	0xffffffffc058e220	0x0	ib_core
ib_create_ah_from_wc	0xffffffffc058e230	0x0	ib_core
__pfx_rdma_create_user_ah	0xffffffffc058e2d0	0x0	ib_core
rdma_create_user_ah	0xffffffffc058e2e0	0x0	ib_core
__pfx___ib_process_cq	0xffffffffc058e390	0x0	ib_core
__ib_process_cq	0xffffffffc058e3a0	0x0	ib_core
__pfx_ib_process_cq_direct	0xffffffffc058e4e0	0x0	ib_core
ib_process_cq_direct	0xffffffffc058e4f0	0x0	ib_core
__pfx_ib_cq_poll_work	0xffffffffc058e550	0x0	ib_core
ib_cq_poll_work	0xffffffffc058e560	0x0	ib_core
__pfx_ib_cq_completion_workqueue	0xffffffffc058e5f0	0x0	ib_core
ib_cq_completion_workqueue	0xffffffffc058e600	0x0	ib_core
__pfx_ib_poll_handler	0xffffffffc058e660	0x0	ib_core
ib_poll_handler	0xffffffffc058e670	0x0	ib_core
__pfx_ib_cq_rdma_dim_work	0xffffffffc058e730	0x0	ib_core
ib_cq_rdma_dim_work	0xffffffffc058e740	0x0	ib_core
__pfx_ib_cq_completion_direct	0xffffffffc058e810	0x0	ib_core
ib_cq_completion_direct	0xffffffffc058e820	0x0	ib_core
__pfx_ib_free_cq	0xffffffffc058e880	0x0	ib_core
ib_free_cq	0xffffffffc058e890	0x0	ib_core
__pfx_ib_cq_completion_softirq	0xffffffffc058ea60	0x0	ib_core
ib_cq_completion_softirq	0xffffffffc058ea70	0x0	ib_core
__pfx___ib_alloc_cq	0xffffffffc058ead0	0x0	ib_core
__ib_alloc_cq	0xffffffffc058eae0	0x0	ib_core
__pfx___ib_alloc_cq_any	0xffffffffc058eeb0	0x0	ib_core
__ib_alloc_cq_any	0xffffffffc058eec0	0x0	ib_core
__pfx_ib_cq_pool_get.part.0	0xffffffffc058ef20	0x0	ib_core
ib_cq_pool_get.part.0	0xffffffffc058ef30	0x0	ib_core
__pfx_ib_cq_pool_get	0xffffffffc058f240	0x0	ib_core
ib_cq_pool_get	0xffffffffc058f250	0x0	ib_core
__pfx_ib_cq_pool_put	0xffffffffc058f280	0x0	ib_core
ib_cq_pool_put	0xffffffffc058f290	0x0	ib_core
__pfx_ib_cq_pool_cleanup	0xffffffffc058f2e0	0x0	ib_core
ib_cq_pool_cleanup	0xffffffffc058f2f0	0x0	ib_core
__pfx_rdma_rw_ctx_wrs	0xffffffffc058f430	0x0	ib_core
rdma_rw_ctx_wrs	0xffffffffc058f440	0x0	ib_core
__pfx_rdma_rw_ctx_post	0xffffffffc058f550	0x0	ib_core
rdma_rw_ctx_post	0xffffffffc058f560	0x0	ib_core
__pfx_rdma_rw_ctx_destroy_signature	0xffffffffc058f5c0	0x0	ib_core
rdma_rw_ctx_destroy_signature	0xffffffffc058f5d0	0x0	ib_core
__pfx_rdma_rw_ctx_destroy	0xffffffffc058f680	0x0	ib_core
rdma_rw_ctx_destroy	0xffffffffc058f690	0x0	ib_core
__pfx_rdma_rw_ctx_signature_init	0xffffffffc058f770	0x0	ib_core
rdma_rw_ctx_signature_init	0xffffffffc058f780	0x0	ib_core
__pfx_rdma_rw_mr_factor	0xffffffffc058fc30	0x0	ib_core
rdma_rw_mr_factor	0xffffffffc058fc40	0x0	ib_core
__pfx_rdma_rw_init_mr_wrs	0xffffffffc058fcc0	0x0	ib_core
rdma_rw_init_mr_wrs	0xffffffffc058fcd0	0x0	ib_core
__pfx_rdma_rw_ctx_init	0xffffffffc0590170	0x0	ib_core
rdma_rw_ctx_init	0xffffffffc0590180	0x0	ib_core
__pfx_rdma_rw_init_qp	0xffffffffc05905a0	0x0	ib_core
rdma_rw_init_qp	0xffffffffc05905b0	0x0	ib_core
__pfx_rdma_rw_init_mrs	0xffffffffc0590640	0x0	ib_core
rdma_rw_init_mrs	0xffffffffc0590650	0x0	ib_core
__pfx_rdma_rw_cleanup_mrs	0xffffffffc05907c0	0x0	ib_core
rdma_rw_cleanup_mrs	0xffffffffc05907d0	0x0	ib_core
__pfx_ib_port_state_to_str	0xffffffffc0590800	0x0	ib_core
ib_port_state_to_str	0xffffffffc0590810	0x0	ib_core
__pfx_port_attr_show	0xffffffffc05908a0	0x0	ib_core
port_attr_show	0xffffffffc05908b0	0x0	ib_core
__pfx_port_attr_store	0xffffffffc05908f0	0x0	ib_core
port_attr_store	0xffffffffc0590900	0x0	ib_core
__pfx_ib_port_sysfs_get_ibdev_kobj	0xffffffffc0590940	0x0	ib_core
ib_port_sysfs_get_ibdev_kobj	0xffffffffc0590950	0x0	ib_core
__pfx_hw_stat_device_show	0xffffffffc0590970	0x0	ib_core
hw_stat_device_show	0xffffffffc0590980	0x0	ib_core
__pfx_hw_stat_device_store	0xffffffffc05909d0	0x0	ib_core
hw_stat_device_store	0xffffffffc05909e0	0x0	ib_core
__pfx_hw_stat_port_show	0xffffffffc0590a30	0x0	ib_core
hw_stat_port_show	0xffffffffc0590a40	0x0	ib_core
__pfx_hw_stat_port_store	0xffffffffc0590aa0	0x0	ib_core
hw_stat_port_store	0xffffffffc0590ab0	0x0	ib_core
__pfx_gid_attr_show	0xffffffffc0590b10	0x0	ib_core
gid_attr_show	0xffffffffc0590b20	0x0	ib_core
__pfx_ib_port_gid_attr_release	0xffffffffc0590b70	0x0	ib_core
ib_port_gid_attr_release	0xffffffffc0590b80	0x0	ib_core
__pfx_set_stats_lifespan	0xffffffffc0590bc0	0x0	ib_core
set_stats_lifespan	0xffffffffc0590bd0	0x0	ib_core
__pfx_show_stats_lifespan	0xffffffffc0590c70	0x0	ib_core
show_stats_lifespan	0xffffffffc0590c80	0x0	ib_core
__pfx_node_desc_show	0xffffffffc0590cd0	0x0	ib_core
node_desc_show	0xffffffffc0590ce0	0x0	ib_core
__pfx_node_type_show	0xffffffffc0590d20	0x0	ib_core
node_type_show	0xffffffffc0590d30	0x0	ib_core
__pfx_show_hw_stats	0xffffffffc0590d80	0x0	ib_core
show_hw_stats	0xffffffffc0590d90	0x0	ib_core
__pfx_node_desc_store	0xffffffffc0590e50	0x0	ib_core
node_desc_store	0xffffffffc0590e60	0x0	ib_core
__pfx_fw_ver_show	0xffffffffc0590f20	0x0	ib_core
fw_ver_show	0xffffffffc0590f30	0x0	ib_core
__pfx_sys_image_guid_show	0xffffffffc0590fc0	0x0	ib_core
sys_image_guid_show	0xffffffffc0590fd0	0x0	ib_core
__pfx_node_guid_show	0xffffffffc0591040	0x0	ib_core
node_guid_show	0xffffffffc0591050	0x0	ib_core
__pfx_ib_port_unregister_client_groups	0xffffffffc05910c0	0x0	ib_core
ib_port_unregister_client_groups	0xffffffffc05910d0	0x0	ib_core
__pfx_phys_state_show	0xffffffffc0591100	0x0	ib_core
phys_state_show	0xffffffffc0591110	0x0	ib_core
__pfx_rate_show	0xffffffffc05911c0	0x0	ib_core
rate_show	0xffffffffc05911d0	0x0	ib_core
__pfx_cap_mask_show	0xffffffffc05913b0	0x0	ib_core
cap_mask_show	0xffffffffc05913c0	0x0	ib_core
__pfx_sm_sl_show	0xffffffffc0591440	0x0	ib_core
sm_sl_show	0xffffffffc0591450	0x0	ib_core
__pfx_sm_lid_show	0xffffffffc05914d0	0x0	ib_core
sm_lid_show	0xffffffffc05914e0	0x0	ib_core
__pfx_lid_mask_count_show	0xffffffffc0591560	0x0	ib_core
lid_mask_count_show	0xffffffffc0591570	0x0	ib_core
__pfx_lid_show	0xffffffffc05915f0	0x0	ib_core
lid_show	0xffffffffc0591600	0x0	ib_core
__pfx_state_show	0xffffffffc0591680	0x0	ib_core
state_show	0xffffffffc0591690	0x0	ib_core
__pfx_ib_port_register_client_groups	0xffffffffc0591720	0x0	ib_core
ib_port_register_client_groups	0xffffffffc0591730	0x0	ib_core
__pfx_show_port_pkey	0xffffffffc0591760	0x0	ib_core
show_port_pkey	0xffffffffc0591770	0x0	ib_core
__pfx_link_layer_show	0xffffffffc05917e0	0x0	ib_core
link_layer_show	0xffffffffc05917f0	0x0	ib_core
__pfx_ib_port_release	0xffffffffc0591840	0x0	ib_core
ib_port_release	0xffffffffc0591850	0x0	ib_core
__pfx_show_port_gid	0xffffffffc05918b0	0x0	ib_core
show_port_gid	0xffffffffc05918c0	0x0	ib_core
__pfx_show_port_gid_attr_gid_type	0xffffffffc0591970	0x0	ib_core
show_port_gid_attr_gid_type	0xffffffffc0591980	0x0	ib_core
__pfx_show_port_gid_attr_ndev	0xffffffffc05919f0	0x0	ib_core
show_port_gid_attr_ndev	0xffffffffc0591a00	0x0	ib_core
__pfx_get_perf_mad	0xffffffffc0591a80	0x0	ib_core
get_perf_mad	0xffffffffc0591a90	0x0	ib_core
__pfx_show_pma_counter	0xffffffffc0591c70	0x0	ib_core
show_pma_counter	0xffffffffc0591c80	0x0	ib_core
__pfx_alloc_port_table_group	0xffffffffc0591dd0	0x0	ib_core
alloc_port_table_group	0xffffffffc0591de0	0x0	ib_core
__pfx_setup_hw_port_stats	0xffffffffc0591f10	0x0	ib_core
setup_hw_port_stats	0xffffffffc0591f20	0x0	ib_core
__pfx_setup_port	0xffffffffc05921a0	0x0	ib_core
setup_port	0xffffffffc05921b0	0x0	ib_core
__pfx_ib_device_release_hw_stats	0xffffffffc0592520	0x0	ib_core
ib_device_release_hw_stats	0xffffffffc0592530	0x0	ib_core
__pfx_ib_setup_device_attrs	0xffffffffc0592570	0x0	ib_core
ib_setup_device_attrs	0xffffffffc0592580	0x0	ib_core
__pfx_ib_get_hw_stats_port	0xffffffffc0592840	0x0	ib_core
ib_get_hw_stats_port	0xffffffffc0592850	0x0	ib_core
__pfx_ib_free_port_attrs	0xffffffffc05928c0	0x0	ib_core
ib_free_port_attrs	0xffffffffc05928d0	0x0	ib_core
__pfx_ib_setup_port_attrs	0xffffffffc0592a30	0x0	ib_core
ib_setup_port_attrs	0xffffffffc0592a40	0x0	ib_core
__pfx_net_namespace	0xffffffffc0592c90	0x0	ib_core
net_namespace	0xffffffffc0592ca0	0x0	ib_core
__pfx_ib_get_device_fw_str	0xffffffffc0592cc0	0x0	ib_core
ib_get_device_fw_str	0xffffffffc0592cd0	0x0	ib_core
__pfx_prevent_dealloc_device	0xffffffffc0592d00	0x0	ib_core
prevent_dealloc_device	0xffffffffc0592d10	0x0	ib_core
__pfx_ib_modify_device	0xffffffffc0592d20	0x0	ib_core
ib_modify_device	0xffffffffc0592d30	0x0	ib_core
__pfx___ibdev_printk	0xffffffffc0592d60	0x0	ib_core
__ibdev_printk	0xffffffffc0592d70	0x0	ib_core
__pfx_ibdev_emerg	0xffffffffc0592e70	0x0	ib_core
ibdev_emerg	0xffffffffc0592e80	0x0	ib_core
__pfx_ibdev_alert	0xffffffffc0592f10	0x0	ib_core
ibdev_alert	0xffffffffc0592f20	0x0	ib_core
__pfx_ibdev_crit	0xffffffffc0592fb0	0x0	ib_core
ibdev_crit	0xffffffffc0592fc0	0x0	ib_core
__pfx_ibdev_err	0xffffffffc0593050	0x0	ib_core
ibdev_err	0xffffffffc0593060	0x0	ib_core
__pfx_ibdev_warn	0xffffffffc05930f0	0x0	ib_core
ibdev_warn	0xffffffffc0593100	0x0	ib_core
__pfx_ibdev_notice	0xffffffffc0593190	0x0	ib_core
ibdev_notice	0xffffffffc05931a0	0x0	ib_core
__pfx_ibdev_info	0xffffffffc0593230	0x0	ib_core
ibdev_info	0xffffffffc0593240	0x0	ib_core
__pfx_ib_port_immutable_read	0xffffffffc05932d0	0x0	ib_core
ib_port_immutable_read	0xffffffffc05932e0	0x0	ib_core
__pfx_ib_set_device_ops	0xffffffffc0593330	0x0	ib_core
ib_set_device_ops	0xffffffffc0593340	0x0	ib_core
__pfx_ib_dma_virt_map_sg	0xffffffffc05947d0	0x0	ib_core
ib_dma_virt_map_sg	0xffffffffc05947e0	0x0	ib_core
__pfx___ib_device_get_by_name	0xffffffffc0594860	0x0	ib_core
__ib_device_get_by_name	0xffffffffc0594870	0x0	ib_core
__pfx_ib_register_event_handler	0xffffffffc0594930	0x0	ib_core
ib_register_event_handler	0xffffffffc0594940	0x0	ib_core
__pfx_ib_unregister_event_handler	0xffffffffc05949a0	0x0	ib_core
ib_unregister_event_handler	0xffffffffc05949b0	0x0	ib_core
__pfx_compatdev_release	0xffffffffc0594a10	0x0	ib_core
compatdev_release	0xffffffffc0594a20	0x0	ib_core
__pfx_ib_device_uevent	0xffffffffc0594a40	0x0	ib_core
ib_device_uevent	0xffffffffc0594a50	0x0	ib_core
__pfx_ib_set_client_data	0xffffffffc0594a90	0x0	ib_core
ib_set_client_data	0xffffffffc0594aa0	0x0	ib_core
__pfx___ib_get_global_client_nl_info	0xffffffffc0594af0	0x0	ib_core
__ib_get_global_client_nl_info	0xffffffffc0594b00	0x0	ib_core
__pfx_ib_unregister_device_queued	0xffffffffc0594c20	0x0	ib_core
ib_unregister_device_queued	0xffffffffc0594c30	0x0	ib_core
__pfx_ib_find_gid	0xffffffffc0594ca0	0x0	ib_core
ib_find_gid	0xffffffffc0594cb0	0x0	ib_core
__pfx_ib_policy_change_task	0xffffffffc0594df0	0x0	ib_core
ib_policy_change_task	0xffffffffc0594e00	0x0	ib_core
__pfx_rdma_dev_access_netns	0xffffffffc0594f10	0x0	ib_core
rdma_dev_access_netns	0xffffffffc0594f20	0x0	ib_core
__pfx_rdma_dev_has_raw_cap	0xffffffffc0594f70	0x0	ib_core
rdma_dev_has_raw_cap	0xffffffffc0594f80	0x0	ib_core
__pfx_ib_query_pkey	0xffffffffc0594fd0	0x0	ib_core
ib_query_pkey	0xffffffffc0594fe0	0x0	ib_core
__pfx_ib_modify_port	0xffffffffc0595050	0x0	ib_core
ib_modify_port	0xffffffffc0595060	0x0	ib_core
__pfx_xan_find_marked.constprop.0	0xffffffffc0595100	0x0	ib_core
xan_find_marked.constprop.0	0xffffffffc0595110	0x0	ib_core
__pfx___ib_get_client_nl_info	0xffffffffc05951d0	0x0	ib_core
__ib_get_client_nl_info	0xffffffffc05951e0	0x0	ib_core
__pfx_ib_get_net_dev_by_params	0xffffffffc0595330	0x0	ib_core
ib_get_net_dev_by_params	0xffffffffc0595340	0x0	ib_core
__pfx_ib_security_change	0xffffffffc0595490	0x0	ib_core
ib_security_change	0xffffffffc05954a0	0x0	ib_core
__pfx_ib_find_pkey	0xffffffffc05954e0	0x0	ib_core
ib_find_pkey	0xffffffffc05954f0	0x0	ib_core
__pfx_ib_client_put	0xffffffffc0595630	0x0	ib_core
ib_client_put	0xffffffffc0595640	0x0	ib_core
__pfx_ib_device_put	0xffffffffc0595690	0x0	ib_core
ib_device_put	0xffffffffc05956a0	0x0	ib_core
__pfx_ib_del_sub_device_and_put	0xffffffffc0595700	0x0	ib_core
ib_del_sub_device_and_put	0xffffffffc0595710	0x0	ib_core
__pfx_remove_client_context	0xffffffffc05957b0	0x0	ib_core
remove_client_context	0xffffffffc05957c0	0x0	ib_core
__pfx_add_client_context	0xffffffffc05958a0	0x0	ib_core
add_client_context	0xffffffffc05958b0	0x0	ib_core
__pfx_remove_all_compat_devs	0xffffffffc0595a50	0x0	ib_core
remove_all_compat_devs	0xffffffffc0595a60	0x0	ib_core
__pfx_disable_device	0xffffffffc0595bd0	0x0	ib_core
disable_device	0xffffffffc0595be0	0x0	ib_core
__pfx_ib_unregister_client	0xffffffffc0595d50	0x0	ib_core
ib_unregister_client	0xffffffffc0595d60	0x0	ib_core
__pfx_ib_device_get_by_netdev	0xffffffffc0595ef0	0x0	ib_core
ib_device_get_by_netdev	0xffffffffc0595f00	0x0	ib_core
__pfx__ib_alloc_device	0xffffffffc0595fb0	0x0	ib_core
_ib_alloc_device	0xffffffffc0595fc0	0x0	ib_core
__pfx_ib_add_sub_device	0xffffffffc0596240	0x0	ib_core
ib_add_sub_device	0xffffffffc0596250	0x0	ib_core
__pfx_alloc_port_data	0xffffffffc0596370	0x0	ib_core
alloc_port_data	0xffffffffc0596380	0x0	ib_core
__pfx_setup_device	0xffffffffc0596490	0x0	ib_core
setup_device	0xffffffffc05964a0	0x0	ib_core
__pfx_ib_device_set_netdev	0xffffffffc0596680	0x0	ib_core
ib_device_set_netdev	0xffffffffc0596690	0x0	ib_core
__pfx_ib_device_get_by_name	0xffffffffc0596850	0x0	ib_core
ib_device_get_by_name	0xffffffffc0596860	0x0	ib_core
__pfx_free_netdevs	0xffffffffc05968f0	0x0	ib_core
free_netdevs	0xffffffffc0596900	0x0	ib_core
__pfx_ib_device_release	0xffffffffc0596a10	0x0	ib_core
ib_device_release	0xffffffffc0596a20	0x0	ib_core
__pfx_ib_dealloc_device	0xffffffffc0596ac0	0x0	ib_core
ib_dealloc_device	0xffffffffc0596ad0	0x0	ib_core
__pfx___ib_unregister_device	0xffffffffc0596ba0	0x0	ib_core
__ib_unregister_device	0xffffffffc0596bb0	0x0	ib_core
__pfx_ib_unregister_work	0xffffffffc0596d20	0x0	ib_core
ib_unregister_work	0xffffffffc0596d30	0x0	ib_core
__pfx_ib_unregister_device	0xffffffffc0596d60	0x0	ib_core
ib_unregister_device	0xffffffffc0596d70	0x0	ib_core
__pfx_ib_unregister_device_and_put	0xffffffffc0596db0	0x0	ib_core
ib_unregister_device_and_put	0xffffffffc0596dc0	0x0	ib_core
__pfx_ib_unregister_driver	0xffffffffc0596e10	0x0	ib_core
ib_unregister_driver	0xffffffffc0596e20	0x0	ib_core
__pfx_ib_register_client	0xffffffffc0596f30	0x0	ib_core
ib_register_client	0xffffffffc0596f40	0x0	ib_core
__pfx_ib_query_netdev_port	0xffffffffc05970d0	0x0	ib_core
ib_query_netdev_port	0xffffffffc05970e0	0x0	ib_core
__pfx_ib_dispatch_port_state_event	0xffffffffc0597220	0x0	ib_core
ib_dispatch_port_state_event	0xffffffffc0597230	0x0	ib_core
__pfx_ib_netdevice_event	0xffffffffc0597340	0x0	ib_core
ib_netdevice_event	0xffffffffc0597350	0x0	ib_core
__pfx_assign_name	0xffffffffc0597490	0x0	ib_core
assign_name	0xffffffffc05974a0	0x0	ib_core
__pfx_add_one_compat_dev	0xffffffffc05977d0	0x0	ib_core
add_one_compat_dev	0xffffffffc05977e0	0x0	ib_core
__pfx_enable_device_and_get	0xffffffffc0597ab0	0x0	ib_core
enable_device_and_get	0xffffffffc0597ac0	0x0	ib_core
__pfx_rdma_dev_change_netns	0xffffffffc0597c90	0x0	ib_core
rdma_dev_change_netns	0xffffffffc0597ca0	0x0	ib_core
__pfx_rdma_dev_exit_net	0xffffffffc0597de0	0x0	ib_core
rdma_dev_exit_net	0xffffffffc0597df0	0x0	ib_core
__pfx_rdma_dev_init_net	0xffffffffc0597fc0	0x0	ib_core
rdma_dev_init_net	0xffffffffc0597fd0	0x0	ib_core
__pfx_ib_device_get_netdev	0xffffffffc0598160	0x0	ib_core
ib_device_get_netdev	0xffffffffc0598170	0x0	ib_core
__pfx_iw_query_port	0xffffffffc0598210	0x0	ib_core
iw_query_port	0xffffffffc0598220	0x0	ib_core
__pfx_ib_query_port	0xffffffffc0598340	0x0	ib_core
ib_query_port	0xffffffffc0598350	0x0	ib_core
__pfx_ib_register_device	0xffffffffc0598460	0x0	ib_core
ib_register_device	0xffffffffc0598470	0x0	ib_core
__pfx_ib_device_get_by_index	0xffffffffc05986b0	0x0	ib_core
ib_device_get_by_index	0xffffffffc05986c0	0x0	ib_core
__pfx_ib_device_rename	0xffffffffc0598760	0x0	ib_core
ib_device_rename	0xffffffffc0598770	0x0	ib_core
__pfx_ib_device_set_dim	0xffffffffc0598a40	0x0	ib_core
ib_device_set_dim	0xffffffffc0598a50	0x0	ib_core
__pfx_rdma_compatdev_set	0xffffffffc0598a90	0x0	ib_core
rdma_compatdev_set	0xffffffffc0598aa0	0x0	ib_core
__pfx_ib_device_set_netns_put	0xffffffffc0598cc0	0x0	ib_core
ib_device_set_netns_put	0xffffffffc0598cd0	0x0	ib_core
__pfx_ib_get_client_nl_info	0xffffffffc0598e10	0x0	ib_core
ib_get_client_nl_info	0xffffffffc0598e20	0x0	ib_core
__pfx_ib_dispatch_event_clients	0xffffffffc0598ee0	0x0	ib_core
ib_dispatch_event_clients	0xffffffffc0598ef0	0x0	ib_core
__pfx_ib_enum_roce_netdev	0xffffffffc0598f70	0x0	ib_core
ib_enum_roce_netdev	0xffffffffc0598f80	0x0	ib_core
__pfx_ib_enum_all_roce_netdevs	0xffffffffc0599060	0x0	ib_core
ib_enum_all_roce_netdevs	0xffffffffc0599070	0x0	ib_core
__pfx_ib_enum_all_devs	0xffffffffc0599150	0x0	ib_core
ib_enum_all_devs	0xffffffffc0599160	0x0	ib_core
__pfx_ib_cache_gid_type_str	0xffffffffc0599270	0x0	ib_core
ib_cache_gid_type_str	0xffffffffc0599280	0x0	ib_core
__pfx_rdma_read_gid_hw_context	0xffffffffc05992f0	0x0	ib_core
rdma_read_gid_hw_context	0xffffffffc0599300	0x0	ib_core
__pfx_ib_get_cached_subnet_prefix	0xffffffffc0599320	0x0	ib_core
ib_get_cached_subnet_prefix	0xffffffffc0599330	0x0	ib_core
__pfx_rdma_read_gid_attr_ndev_rcu	0xffffffffc0599390	0x0	ib_core
rdma_read_gid_attr_ndev_rcu	0xffffffffc05993a0	0x0	ib_core
__pfx_rdma_is_zero_gid	0xffffffffc0599420	0x0	ib_core
rdma_is_zero_gid	0xffffffffc0599430	0x0	ib_core
__pfx_find_gid	0xffffffffc0599470	0x0	ib_core
find_gid	0xffffffffc0599480	0x0	ib_core
__pfx_ib_cache_gid_parse_type_str	0xffffffffc0599630	0x0	ib_core
ib_cache_gid_parse_type_str	0xffffffffc0599640	0x0	ib_core
__pfx_put_gid_ndev	0xffffffffc0599720	0x0	ib_core
put_gid_ndev	0xffffffffc0599730	0x0	ib_core
__pfx_free_gid_entry_locked	0xffffffffc0599770	0x0	ib_core
free_gid_entry_locked	0xffffffffc0599780	0x0	ib_core
__pfx_free_gid_work	0xffffffffc0599840	0x0	ib_core
free_gid_work	0xffffffffc0599850	0x0	ib_core
__pfx_ib_generic_event_task	0xffffffffc05998a0	0x0	ib_core
ib_generic_event_task	0xffffffffc05998b0	0x0	ib_core
__pfx_get_lower_dev_vlan	0xffffffffc05998e0	0x0	ib_core
get_lower_dev_vlan	0xffffffffc05998f0	0x0	ib_core
__pfx_rdma_read_gid_l2_fields	0xffffffffc0599930	0x0	ib_core
rdma_read_gid_l2_fields	0xffffffffc0599940	0x0	ib_core
__pfx_gid_table_reserve_default	0xffffffffc05999f0	0x0	ib_core
gid_table_reserve_default	0xffffffffc0599a00	0x0	ib_core
__pfx_gid_table_release_one	0xffffffffc0599a70	0x0	ib_core
gid_table_release_one	0xffffffffc0599a80	0x0	ib_core
__pfx_addrconf_addr_eui48_base	0xffffffffc0599be0	0x0	ib_core
addrconf_addr_eui48_base	0xffffffffc0599bf0	0x0	ib_core
__pfx_rdma_query_gid	0xffffffffc0599c20	0x0	ib_core
rdma_query_gid	0xffffffffc0599c30	0x0	ib_core
__pfx_rdma_query_gid_table	0xffffffffc0599cf0	0x0	ib_core
rdma_query_gid_table	0xffffffffc0599d00	0x0	ib_core
__pfx_ib_get_cached_pkey	0xffffffffc0599e40	0x0	ib_core
ib_get_cached_pkey	0xffffffffc0599e50	0x0	ib_core
__pfx_ib_find_cached_pkey	0xffffffffc0599f10	0x0	ib_core
ib_find_cached_pkey	0xffffffffc0599f20	0x0	ib_core
__pfx_ib_get_cached_lmc	0xffffffffc059a030	0x0	ib_core
ib_get_cached_lmc	0xffffffffc059a040	0x0	ib_core
__pfx_ib_get_cached_port_state	0xffffffffc059a0d0	0x0	ib_core
ib_get_cached_port_state	0xffffffffc059a0e0	0x0	ib_core
__pfx__gid_table_setup_one	0xffffffffc059a170	0x0	ib_core
_gid_table_setup_one	0xffffffffc059a180	0x0	ib_core
__pfx_ib_dispatch_event	0xffffffffc059a2e0	0x0	ib_core
ib_dispatch_event	0xffffffffc059a2f0	0x0	ib_core
__pfx_alloc_gid_entry	0xffffffffc059a400	0x0	ib_core
alloc_gid_entry	0xffffffffc059a410	0x0	ib_core
__pfx_rdma_put_gid_attr	0xffffffffc059a560	0x0	ib_core
rdma_put_gid_attr	0xffffffffc059a570	0x0	ib_core
__pfx_del_gid	0xffffffffc059a5d0	0x0	ib_core
del_gid	0xffffffffc059a5e0	0x0	ib_core
__pfx_gid_table_cleanup_one	0xffffffffc059a750	0x0	ib_core
gid_table_cleanup_one	0xffffffffc059a760	0x0	ib_core
__pfx__ib_cache_gid_del	0xffffffffc059a830	0x0	ib_core
_ib_cache_gid_del	0xffffffffc059a840	0x0	ib_core
__pfx_rdma_hold_gid_attr	0xffffffffc059a960	0x0	ib_core
rdma_hold_gid_attr	0xffffffffc059a970	0x0	ib_core
__pfx_add_modify_gid	0xffffffffc059a9c0	0x0	ib_core
add_modify_gid	0xffffffffc059a9d0	0x0	ib_core
__pfx___ib_cache_gid_add	0xffffffffc059abe0	0x0	ib_core
__ib_cache_gid_add	0xffffffffc059abf0	0x0	ib_core
__pfx_ib_cache_update.part.0	0xffffffffc059ada0	0x0	ib_core
ib_cache_update.part.0	0xffffffffc059adb0	0x0	ib_core
__pfx_ib_cache_event_task	0xffffffffc059b1e0	0x0	ib_core
ib_cache_event_task	0xffffffffc059b1f0	0x0	ib_core
__pfx_rdma_find_gid	0xffffffffc059b280	0x0	ib_core
rdma_find_gid	0xffffffffc059b290	0x0	ib_core
__pfx_rdma_find_gid_by_port	0xffffffffc059b400	0x0	ib_core
rdma_find_gid_by_port	0xffffffffc059b410	0x0	ib_core
__pfx_rdma_get_gid_attr	0xffffffffc059b580	0x0	ib_core
rdma_get_gid_attr	0xffffffffc059b590	0x0	ib_core
__pfx_ib_cache_gid_add	0xffffffffc059b680	0x0	ib_core
ib_cache_gid_add	0xffffffffc059b690	0x0	ib_core
__pfx_ib_cache_gid_del	0xffffffffc059b6b0	0x0	ib_core
ib_cache_gid_del	0xffffffffc059b6c0	0x0	ib_core
__pfx_ib_cache_gid_del_all_netdev_gids	0xffffffffc059b6e0	0x0	ib_core
ib_cache_gid_del_all_netdev_gids	0xffffffffc059b6f0	0x0	ib_core
__pfx_rdma_find_gid_by_filter	0xffffffffc059b810	0x0	ib_core
rdma_find_gid_by_filter	0xffffffffc059b820	0x0	ib_core
__pfx_ib_cache_gid_set_default_gid	0xffffffffc059b970	0x0	ib_core
ib_cache_gid_set_default_gid	0xffffffffc059b980	0x0	ib_core
__pfx_ib_cache_setup_one	0xffffffffc059baf0	0x0	ib_core
ib_cache_setup_one	0xffffffffc059bb00	0x0	ib_core
__pfx_ib_cache_release_one	0xffffffffc059bbb0	0x0	ib_core
ib_cache_release_one	0xffffffffc059bbc0	0x0	ib_core
__pfx_ib_cache_cleanup_one	0xffffffffc059bc30	0x0	ib_core
ib_cache_cleanup_one	0xffffffffc059bc40	0x0	ib_core
__pfx_rdma_nl_chk_listeners	0xffffffffc059bc80	0x0	ib_core
rdma_nl_chk_listeners	0xffffffffc059bc90	0x0	ib_core
__pfx_rdma_nl_register	0xffffffffc059bcc0	0x0	ib_core
rdma_nl_register	0xffffffffc059bcd0	0x0	ib_core
__pfx_rdma_nl_unregister	0xffffffffc059bd70	0x0	ib_core
rdma_nl_unregister	0xffffffffc059bd80	0x0	ib_core
__pfx_ibnl_put_attr	0xffffffffc059be10	0x0	ib_core
ibnl_put_attr	0xffffffffc059be20	0x0	ib_core
__pfx_rdma_nl_unicast	0xffffffffc059be70	0x0	ib_core
rdma_nl_unicast	0xffffffffc059be80	0x0	ib_core
__pfx_rdma_nl_unicast_wait	0xffffffffc059bec0	0x0	ib_core
rdma_nl_unicast_wait	0xffffffffc059bed0	0x0	ib_core
__pfx_rdma_nl_multicast	0xffffffffc059bf10	0x0	ib_core
rdma_nl_multicast	0xffffffffc059bf20	0x0	ib_core
__pfx_ibnl_put_msg	0xffffffffc059bf60	0x0	ib_core
ibnl_put_msg	0xffffffffc059bf70	0x0	ib_core
__pfx_rdma_nl_rcv_msg	0xffffffffc059bff0	0x0	ib_core
rdma_nl_rcv_msg	0xffffffffc059c000	0x0	ib_core
__pfx_rdma_nl_rcv_skb.constprop.0.isra.0	0xffffffffc059c2f0	0x0	ib_core
rdma_nl_rcv_skb.constprop.0.isra.0	0xffffffffc059c300	0x0	ib_core
__pfx_rdma_nl_rcv	0xffffffffc059c410	0x0	ib_core
rdma_nl_rcv	0xffffffffc059c420	0x0	ib_core
__pfx_rdma_nl_init	0xffffffffc059c440	0x0	ib_core
rdma_nl_init	0xffffffffc059c450	0x0	ib_core
__pfx_rdma_nl_exit	0xffffffffc059c4b0	0x0	ib_core
rdma_nl_exit	0xffffffffc059c4c0	0x0	ib_core
__pfx_rdma_nl_net_init	0xffffffffc059c530	0x0	ib_core
rdma_nl_net_init	0xffffffffc059c540	0x0	ib_core
__pfx_rdma_nl_net_exit	0xffffffffc059c5e0	0x0	ib_core
rdma_nl_net_exit	0xffffffffc059c5f0	0x0	ib_core
__pfx_rdma_protocol_roce_udp_encap	0xffffffffc059c610	0x0	ib_core
rdma_protocol_roce_udp_encap	0xffffffffc059c620	0x0	ib_core
__pfx_rdma_protocol_roce_eth_encap	0xffffffffc059c640	0x0	ib_core
rdma_protocol_roce_eth_encap	0xffffffffc059c650	0x0	ib_core
__pfx_is_eth_active_slave_of_bonding_rcu	0xffffffffc059c670	0x0	ib_core
is_eth_active_slave_of_bonding_rcu	0xffffffffc059c680	0x0	ib_core
__pfx_pass_all_filter	0xffffffffc059c6f0	0x0	ib_core
pass_all_filter	0xffffffffc059c700	0x0	ib_core
__pfx_rdma_roce_rescan_device	0xffffffffc059c720	0x0	ib_core
rdma_roce_rescan_device	0xffffffffc059c730	0x0	ib_core
__pfx_is_ndev_for_default_gid_filter	0xffffffffc059c760	0x0	ib_core
is_ndev_for_default_gid_filter	0xffffffffc059c770	0x0	ib_core
__pfx_is_upper_ndev_bond_master_filter	0xffffffffc059c7d0	0x0	ib_core
is_upper_ndev_bond_master_filter	0xffffffffc059c7e0	0x0	ib_core
__pfx_is_eth_port_of_netdev_filter	0xffffffffc059c820	0x0	ib_core
is_eth_port_of_netdev_filter	0xffffffffc059c830	0x0	ib_core
__pfx_netdev_upper_walk	0xffffffffc059c8b0	0x0	ib_core
netdev_upper_walk	0xffffffffc059c8c0	0x0	ib_core
__pfx_roce_del_all_netdev_gids	0xffffffffc059c960	0x0	ib_core
roce_del_all_netdev_gids	0xffffffffc059c970	0x0	ib_core
__pfx_del_netdev_ips	0xffffffffc059c990	0x0	ib_core
del_netdev_ips	0xffffffffc059c9a0	0x0	ib_core
__pfx_handle_netdev_upper	0xffffffffc059c9c0	0x0	ib_core
handle_netdev_upper	0xffffffffc059c9d0	0x0	ib_core
__pfx_add_netdev_upper_ips	0xffffffffc059cae0	0x0	ib_core
add_netdev_upper_ips	0xffffffffc059caf0	0x0	ib_core
__pfx_del_netdev_upper_ips	0xffffffffc059cb10	0x0	ib_core
del_netdev_upper_ips	0xffffffffc059cb20	0x0	ib_core
__pfx_netdevice_event_work_handler	0xffffffffc059cb40	0x0	ib_core
netdevice_event_work_handler	0xffffffffc059cb50	0x0	ib_core
__pfx_update_gid_event_work_handler	0xffffffffc059cce0	0x0	ib_core
update_gid_event_work_handler	0xffffffffc059ccf0	0x0	ib_core
__pfx_netdevice_queue_work	0xffffffffc059cd40	0x0	ib_core
netdevice_queue_work	0xffffffffc059cd50	0x0	ib_core
__pfx_netdevice_event	0xffffffffc059d010	0x0	ib_core
netdevice_event	0xffffffffc059d020	0x0	ib_core
__pfx_roce_gid_type_mask_support.part.0	0xffffffffc059d260	0x0	ib_core
roce_gid_type_mask_support.part.0	0xffffffffc059d270	0x0	ib_core
__pfx_roce_gid_type_mask_support	0xffffffffc059d2b0	0x0	ib_core
roce_gid_type_mask_support	0xffffffffc059d2c0	0x0	ib_core
__pfx_upper_device_filter	0xffffffffc059d300	0x0	ib_core
upper_device_filter	0xffffffffc059d310	0x0	ib_core
__pfx_addr_event.isra.0	0xffffffffc059d350	0x0	ib_core
addr_event.isra.0	0xffffffffc059d360	0x0	ib_core
__pfx_inetaddr_event	0xffffffffc059d4a0	0x0	ib_core
inetaddr_event	0xffffffffc059d4b0	0x0	ib_core
__pfx_inet6addr_event	0xffffffffc059d520	0x0	ib_core
inet6addr_event	0xffffffffc059d530	0x0	ib_core
__pfx_del_default_gids	0xffffffffc059d5b0	0x0	ib_core
del_default_gids	0xffffffffc059d5c0	0x0	ib_core
__pfx_add_default_gids	0xffffffffc059d630	0x0	ib_core
add_default_gids	0xffffffffc059d640	0x0	ib_core
__pfx_enum_netdev_ipv4_ips	0xffffffffc059d6a0	0x0	ib_core
enum_netdev_ipv4_ips	0xffffffffc059d6b0	0x0	ib_core
__pfx_callback_for_addr_gid_device_scan	0xffffffffc059d930	0x0	ib_core
callback_for_addr_gid_device_scan	0xffffffffc059d940	0x0	ib_core
__pfx_is_eth_port_inactive_slave_filter	0xffffffffc059da00	0x0	ib_core
is_eth_port_inactive_slave_filter	0xffffffffc059da10	0x0	ib_core
__pfx_enum_netdev_ipv6_ips	0xffffffffc059da90	0x0	ib_core
enum_netdev_ipv6_ips	0xffffffffc059daa0	0x0	ib_core
__pfx__add_netdev_ips	0xffffffffc059dde0	0x0	ib_core
_add_netdev_ips	0xffffffffc059ddf0	0x0	ib_core
__pfx_enum_all_gids_of_dev_cb	0xffffffffc059de30	0x0	ib_core
enum_all_gids_of_dev_cb	0xffffffffc059de40	0x0	ib_core
__pfx_rdma_roce_rescan_port	0xffffffffc059dfa0	0x0	ib_core
rdma_roce_rescan_port	0xffffffffc059dfb0	0x0	ib_core
__pfx_add_netdev_ips	0xffffffffc059e020	0x0	ib_core
add_netdev_ips	0xffffffffc059e030	0x0	ib_core
__pfx_del_netdev_default_ips_join	0xffffffffc059e070	0x0	ib_core
del_netdev_default_ips_join	0xffffffffc059e080	0x0	ib_core
__pfx_ib_mr_pool_get	0xffffffffc059e180	0x0	ib_core
ib_mr_pool_get	0xffffffffc059e190	0x0	ib_core
__pfx_ib_mr_pool_put	0xffffffffc059e210	0x0	ib_core
ib_mr_pool_put	0xffffffffc059e220	0x0	ib_core
__pfx_ib_mr_pool_destroy	0xffffffffc059e280	0x0	ib_core
ib_mr_pool_destroy	0xffffffffc059e290	0x0	ib_core
__pfx_ib_mr_pool_init	0xffffffffc059e330	0x0	ib_core
ib_mr_pool_init	0xffffffffc059e340	0x0	ib_core
__pfx_rdma_addr_size	0xffffffffc059e420	0x0	ib_core
rdma_addr_size	0xffffffffc059e430	0x0	ib_core
__pfx_rdma_addr_size_in6	0xffffffffc059e470	0x0	ib_core
rdma_addr_size_in6	0xffffffffc059e480	0x0	ib_core
__pfx_ib_nl_process_ip_rsep	0xffffffffc059e4b0	0x0	ib_core
ib_nl_process_ip_rsep	0xffffffffc059e4c0	0x0	ib_core
__pfx_rdma_find_ndev_for_src_ip_rcu	0xffffffffc059e610	0x0	ib_core
rdma_find_ndev_for_src_ip_rcu	0xffffffffc059e620	0x0	ib_core
__pfx_addr6_resolve	0xffffffffc059e6c0	0x0	ib_core
addr6_resolve	0xffffffffc059e6d0	0x0	ib_core
__pfx_rdma_addr_cancel	0xffffffffc059e7d0	0x0	ib_core
rdma_addr_cancel	0xffffffffc059e7e0	0x0	ib_core
__pfx_resolve_cb	0xffffffffc059e890	0x0	ib_core
resolve_cb	0xffffffffc059e8a0	0x0	ib_core
__pfx_rdma_copy_src_l2_addr	0xffffffffc059e8c0	0x0	ib_core
rdma_copy_src_l2_addr	0xffffffffc059e8d0	0x0	ib_core
__pfx_rdma_translate_ip	0xffffffffc059e950	0x0	ib_core
rdma_translate_ip	0xffffffffc059e960	0x0	ib_core
__pfx_neigh_ha_snapshot	0xffffffffc059e9e0	0x0	ib_core
neigh_ha_snapshot	0xffffffffc059e9f0	0x0	ib_core
__pfx_rdma_gid2ip	0xffffffffc059ea50	0x0	ib_core
rdma_gid2ip	0xffffffffc059ea60	0x0	ib_core
__pfx_fetch_ha	0xffffffffc059ead0	0x0	ib_core
fetch_ha	0xffffffffc059eae0	0x0	ib_core
__pfx_addr_resolve_neigh	0xffffffffc059ed90	0x0	ib_core
addr_resolve_neigh	0xffffffffc059eda0	0x0	ib_core
__pfx_addr_resolve	0xffffffffc059edf0	0x0	ib_core
addr_resolve	0xffffffffc059ee00	0x0	ib_core
__pfx_process_one_req	0xffffffffc059f160	0x0	ib_core
process_one_req	0xffffffffc059f170	0x0	ib_core
__pfx_rdma_addr_size_kss	0xffffffffc059f2e0	0x0	ib_core
rdma_addr_size_kss	0xffffffffc059f2f0	0x0	ib_core
__pfx_queue_req	0xffffffffc059f330	0x0	ib_core
queue_req	0xffffffffc059f340	0x0	ib_core
__pfx_rdma_resolve_ip	0xffffffffc059f3c0	0x0	ib_core
rdma_resolve_ip	0xffffffffc059f3d0	0x0	ib_core
__pfx_netevent_callback	0xffffffffc059f620	0x0	ib_core
netevent_callback	0xffffffffc059f630	0x0	ib_core
__pfx_ib_nl_handle_ip_res_resp	0xffffffffc059f6d0	0x0	ib_core
ib_nl_handle_ip_res_resp	0xffffffffc059f6e0	0x0	ib_core
__pfx_roce_resolve_route_from_path	0xffffffffc059f710	0x0	ib_core
roce_resolve_route_from_path	0xffffffffc059f720	0x0	ib_core
__pfx_rdma_addr_find_l2_eth_by_grh	0xffffffffc059f890	0x0	ib_core
rdma_addr_find_l2_eth_by_grh	0xffffffffc059f8a0	0x0	ib_core
__pfx_addr_init	0xffffffffc059fa70	0x0	ib_core
addr_init	0xffffffffc059fa80	0x0	ib_core
__pfx_addr_cleanup	0xffffffffc059fad0	0x0	ib_core
addr_cleanup	0xffffffffc059fae0	0x0	ib_core
__pfx_ib_nl_is_good_resolve_resp	0xffffffffc059fb20	0x0	ib_core
ib_nl_is_good_resolve_resp	0xffffffffc059fb30	0x0	ib_core
__pfx_ib_sa_path_rec_release	0xffffffffc059fbb0	0x0	ib_core
ib_sa_path_rec_release	0xffffffffc059fbc0	0x0	ib_core
__pfx_ib_sa_mcmember_rec_release	0xffffffffc059fbf0	0x0	ib_core
ib_sa_mcmember_rec_release	0xffffffffc059fc00	0x0	ib_core
__pfx_ib_classportinfo_cb	0xffffffffc059fc20	0x0	ib_core
ib_classportinfo_cb	0xffffffffc059fc30	0x0	ib_core
__pfx_ib_sa_unpack_path	0xffffffffc059fc50	0x0	ib_core
ib_sa_unpack_path	0xffffffffc059fc60	0x0	ib_core
__pfx_ib_sa_register_client	0xffffffffc059fc90	0x0	ib_core
ib_sa_register_client	0xffffffffc059fca0	0x0	ib_core
__pfx_ib_sa_unregister_client	0xffffffffc059fce0	0x0	ib_core
ib_sa_unregister_client	0xffffffffc059fcf0	0x0	ib_core
__pfx_ib_sa_cancel_query	0xffffffffc059fd30	0x0	ib_core
ib_sa_cancel_query	0xffffffffc059fd40	0x0	ib_core
__pfx_init_mad	0xffffffffc059fe80	0x0	ib_core
init_mad	0xffffffffc059fe90	0x0	ib_core
__pfx_ib_nl_set_path_rec_attrs	0xffffffffc059ff50	0x0	ib_core
ib_nl_set_path_rec_attrs	0xffffffffc059ff60	0x0	ib_core
__pfx_ib_nl_make_request	0xffffffffc05a0230	0x0	ib_core
ib_nl_make_request	0xffffffffc05a0240	0x0	ib_core
__pfx_send_mad	0xffffffffc05a0490	0x0	ib_core
send_mad	0xffffffffc05a04a0	0x0	ib_core
__pfx_recv_handler	0xffffffffc05a0600	0x0	ib_core
recv_handler	0xffffffffc05a0610	0x0	ib_core
__pfx_ib_sa_pack_path	0xffffffffc05a0690	0x0	ib_core
ib_sa_pack_path	0xffffffffc05a06a0	0x0	ib_core
__pfx_ib_sa_classport_info_rec_callback	0xffffffffc05a06d0	0x0	ib_core
ib_sa_classport_info_rec_callback	0xffffffffc05a06e0	0x0	ib_core
__pfx_ib_sa_mcmember_rec_callback.part.0	0xffffffffc05a0900	0x0	ib_core
ib_sa_mcmember_rec_callback.part.0	0xffffffffc05a0910	0x0	ib_core
__pfx_ib_sa_mcmember_rec_callback	0xffffffffc05a0940	0x0	ib_core
ib_sa_mcmember_rec_callback	0xffffffffc05a0950	0x0	ib_core
__pfx_ib_sa_guidinfo_rec_callback.part.0	0xffffffffc05a09f0	0x0	ib_core
ib_sa_guidinfo_rec_callback.part.0	0xffffffffc05a0a00	0x0	ib_core
__pfx_ib_sa_guidinfo_rec_callback	0xffffffffc05a0a30	0x0	ib_core
ib_sa_guidinfo_rec_callback	0xffffffffc05a0a40	0x0	ib_core
__pfx_free_sm_ah	0xffffffffc05a0ad0	0x0	ib_core
free_sm_ah	0xffffffffc05a0ae0	0x0	ib_core
__pfx_ib_sa_path_rec_callback	0xffffffffc05a0b50	0x0	ib_core
ib_sa_path_rec_callback	0xffffffffc05a0b60	0x0	ib_core
__pfx_ib_sa_guidinfo_rec_release	0xffffffffc05a0d60	0x0	ib_core
ib_sa_guidinfo_rec_release	0xffffffffc05a0d70	0x0	ib_core
__pfx_ib_sa_classport_info_rec_release	0xffffffffc05a0d90	0x0	ib_core
ib_sa_classport_info_rec_release	0xffffffffc05a0da0	0x0	ib_core
__pfx_ib_init_ah_attr_from_path	0xffffffffc05a0dc0	0x0	ib_core
ib_init_ah_attr_from_path	0xffffffffc05a0dd0	0x0	ib_core
__pfx_free_mad	0xffffffffc05a1100	0x0	ib_core
free_mad	0xffffffffc05a1110	0x0	ib_core
__pfx_ib_sa_remove_one	0xffffffffc05a1170	0x0	ib_core
ib_sa_remove_one	0xffffffffc05a1180	0x0	ib_core
__pfx_send_handler	0xffffffffc05a1270	0x0	ib_core
send_handler	0xffffffffc05a1280	0x0	ib_core
__pfx_ib_nl_request_timeout	0xffffffffc05a13a0	0x0	ib_core
ib_nl_request_timeout	0xffffffffc05a13b0	0x0	ib_core
__pfx_ib_nl_process_good_resolve_rsp	0xffffffffc05a1520	0x0	ib_core
ib_nl_process_good_resolve_rsp	0xffffffffc05a1530	0x0	ib_core
__pfx_update_sm_ah	0xffffffffc05a18b0	0x0	ib_core
update_sm_ah	0xffffffffc05a18c0	0x0	ib_core
__pfx_ib_sa_add_one	0xffffffffc05a1bc0	0x0	ib_core
ib_sa_add_one	0xffffffffc05a1bd0	0x0	ib_core
__pfx_ib_sa_event	0xffffffffc05a1f00	0x0	ib_core
ib_sa_event	0xffffffffc05a1f10	0x0	ib_core
__pfx_alloc_mad	0xffffffffc05a20c0	0x0	ib_core
alloc_mad	0xffffffffc05a20d0	0x0	ib_core
__pfx_ib_sa_guid_info_rec_query	0xffffffffc05a22e0	0x0	ib_core
ib_sa_guid_info_rec_query	0xffffffffc05a22f0	0x0	ib_core
__pfx_ib_sa_path_rec_get	0xffffffffc05a2540	0x0	ib_core
ib_sa_path_rec_get	0xffffffffc05a2550	0x0	ib_core
__pfx_update_ib_cpi	0xffffffffc05a2b20	0x0	ib_core
update_ib_cpi	0xffffffffc05a2b30	0x0	ib_core
__pfx_ib_nl_handle_set_timeout	0xffffffffc05a2db0	0x0	ib_core
ib_nl_handle_set_timeout	0xffffffffc05a2dc0	0x0	ib_core
__pfx_ib_nl_handle_resolve_resp	0xffffffffc05a2f70	0x0	ib_core
ib_nl_handle_resolve_resp	0xffffffffc05a2f80	0x0	ib_core
__pfx_ib_sa_mcmember_rec_query	0xffffffffc05a3100	0x0	ib_core
ib_sa_mcmember_rec_query	0xffffffffc05a3110	0x0	ib_core
__pfx_ib_sa_init	0xffffffffc05a3350	0x0	ib_core
ib_sa_init	0xffffffffc05a3360	0x0	ib_core
__pfx_ib_sa_cleanup	0xffffffffc05a3480	0x0	ib_core
ib_sa_cleanup	0xffffffffc05a3490	0x0	ib_core
__pfx_mcast_add_one	0xffffffffc05a34e0	0x0	ib_core
mcast_add_one	0xffffffffc05a34f0	0x0	ib_core
__pfx_send_leave	0xffffffffc05a3670	0x0	ib_core
send_leave	0xffffffffc05a3680	0x0	ib_core
__pfx_mcast_insert	0xffffffffc05a3770	0x0	ib_core
mcast_insert	0xffffffffc05a3780	0x0	ib_core
__pfx_ib_init_ah_from_mcmember	0xffffffffc05a3820	0x0	ib_core
ib_init_ah_from_mcmember	0xffffffffc05a3830	0x0	ib_core
__pfx_deref_member	0xffffffffc05a3990	0x0	ib_core
deref_member	0xffffffffc05a39a0	0x0	ib_core
__pfx_mcast_find.isra.0	0xffffffffc05a39f0	0x0	ib_core
mcast_find.isra.0	0xffffffffc05a3a00	0x0	ib_core
__pfx_ib_sa_get_mcmember_rec	0xffffffffc05a3a70	0x0	ib_core
ib_sa_get_mcmember_rec	0xffffffffc05a3a80	0x0	ib_core
__pfx_deref_port	0xffffffffc05a3b60	0x0	ib_core
deref_port	0xffffffffc05a3b70	0x0	ib_core
__pfx_mcast_remove_one	0xffffffffc05a3bc0	0x0	ib_core
mcast_remove_one	0xffffffffc05a3bd0	0x0	ib_core
__pfx_release_group	0xffffffffc05a3c80	0x0	ib_core
release_group	0xffffffffc05a3c90	0x0	ib_core
__pfx_cmp_rec	0xffffffffc05a3d10	0x0	ib_core
cmp_rec	0xffffffffc05a3d20	0x0	ib_core
__pfx_acquire_group	0xffffffffc05a3f50	0x0	ib_core
acquire_group	0xffffffffc05a3f60	0x0	ib_core
__pfx_ib_sa_join_multicast	0xffffffffc05a41b0	0x0	ib_core
ib_sa_join_multicast	0xffffffffc05a41c0	0x0	ib_core
__pfx_mcast_groups_event	0xffffffffc05a4420	0x0	ib_core
mcast_groups_event	0xffffffffc05a4430	0x0	ib_core
__pfx_mcast_event_handler	0xffffffffc05a44f0	0x0	ib_core
mcast_event_handler	0xffffffffc05a4500	0x0	ib_core
__pfx_ib_sa_free_multicast	0xffffffffc05a4590	0x0	ib_core
ib_sa_free_multicast	0xffffffffc05a45a0	0x0	ib_core
__pfx_mcast_work_handler	0xffffffffc05a46c0	0x0	ib_core
mcast_work_handler	0xffffffffc05a46d0	0x0	ib_core
__pfx_leave_handler	0xffffffffc05a4c00	0x0	ib_core
leave_handler	0xffffffffc05a4c10	0x0	ib_core
__pfx_join_handler	0xffffffffc05a4c70	0x0	ib_core
join_handler	0xffffffffc05a4c80	0x0	ib_core
__pfx_mcast_init	0xffffffffc05a4ee0	0x0	ib_core
mcast_init	0xffffffffc05a4ef0	0x0	ib_core
__pfx_mcast_cleanup	0xffffffffc05a4f70	0x0	ib_core
mcast_cleanup	0xffffffffc05a4f80	0x0	ib_core
__pfx___traceiter_ib_mad_error_handler	0xffffffffc05a4fc0	0x0	ib_core
__traceiter_ib_mad_error_handler	0xffffffffc05a4fd0	0x0	ib_core
__pfx___probestub_ib_mad_error_handler	0xffffffffc05a5020	0x0	ib_core
__probestub_ib_mad_error_handler	0xffffffffc05a5030	0x0	ib_core
__pfx___traceiter_ib_mad_ib_send_mad	0xffffffffc05a5040	0x0	ib_core
__traceiter_ib_mad_ib_send_mad	0xffffffffc05a5050	0x0	ib_core
__pfx___traceiter_ib_mad_send_done_resend	0xffffffffc05a50a0	0x0	ib_core
__traceiter_ib_mad_send_done_resend	0xffffffffc05a50b0	0x0	ib_core
__pfx___traceiter_ib_mad_send_done_handler	0xffffffffc05a5100	0x0	ib_core
__traceiter_ib_mad_send_done_handler	0xffffffffc05a5110	0x0	ib_core
__pfx___traceiter_ib_mad_recv_done_handler	0xffffffffc05a5160	0x0	ib_core
__traceiter_ib_mad_recv_done_handler	0xffffffffc05a5170	0x0	ib_core
__pfx___probestub_ib_mad_recv_done_handler	0xffffffffc05a51d0	0x0	ib_core
__probestub_ib_mad_recv_done_handler	0xffffffffc05a51e0	0x0	ib_core
__pfx___traceiter_ib_mad_recv_done_agent	0xffffffffc05a51f0	0x0	ib_core
__traceiter_ib_mad_recv_done_agent	0xffffffffc05a5200	0x0	ib_core
__pfx___probestub_ib_mad_recv_done_agent	0xffffffffc05a5240	0x0	ib_core
__probestub_ib_mad_recv_done_agent	0xffffffffc05a5250	0x0	ib_core
__pfx___traceiter_ib_mad_send_done_agent	0xffffffffc05a5260	0x0	ib_core
__traceiter_ib_mad_send_done_agent	0xffffffffc05a5270	0x0	ib_core
__pfx___traceiter_ib_mad_create_agent	0xffffffffc05a52b0	0x0	ib_core
__traceiter_ib_mad_create_agent	0xffffffffc05a52c0	0x0	ib_core
__pfx___traceiter_ib_mad_unregister_agent	0xffffffffc05a5300	0x0	ib_core
__traceiter_ib_mad_unregister_agent	0xffffffffc05a5310	0x0	ib_core
__pfx___traceiter_ib_mad_handle_opa_smi	0xffffffffc05a5350	0x0	ib_core
__traceiter_ib_mad_handle_opa_smi	0xffffffffc05a5360	0x0	ib_core
__pfx___traceiter_ib_mad_handle_out_opa_smi	0xffffffffc05a53a0	0x0	ib_core
__traceiter_ib_mad_handle_out_opa_smi	0xffffffffc05a53b0	0x0	ib_core
__pfx___traceiter_ib_mad_handle_ib_smi	0xffffffffc05a53f0	0x0	ib_core
__traceiter_ib_mad_handle_ib_smi	0xffffffffc05a5400	0x0	ib_core
__pfx___traceiter_ib_mad_handle_out_ib_smi	0xffffffffc05a5440	0x0	ib_core
__traceiter_ib_mad_handle_out_ib_smi	0xffffffffc05a5450	0x0	ib_core
__pfx_ib_response_mad	0xffffffffc05a5490	0x0	ib_core
ib_response_mad	0xffffffffc05a54a0	0x0	ib_core
__pfx_ib_mad_kernel_rmpp_agent	0xffffffffc05a54e0	0x0	ib_core
ib_mad_kernel_rmpp_agent	0xffffffffc05a54f0	0x0	ib_core
__pfx_ib_get_mad_data_offset	0xffffffffc05a5510	0x0	ib_core
ib_get_mad_data_offset	0xffffffffc05a5520	0x0	ib_core
__pfx_ib_is_mad_class_rmpp	0xffffffffc05a5570	0x0	ib_core
ib_is_mad_class_rmpp	0xffffffffc05a5580	0x0	ib_core
__pfx_ib_get_rmpp_segment	0xffffffffc05a55e0	0x0	ib_core
ib_get_rmpp_segment	0xffffffffc05a55f0	0x0	ib_core
__pfx_perf_trace_ib_mad_send_done_handler	0xffffffffc05a5680	0x0	ib_core
perf_trace_ib_mad_send_done_handler	0xffffffffc05a5690	0x0	ib_core
__pfx_perf_trace_ib_mad_recv_done_handler	0xffffffffc05a5830	0x0	ib_core
perf_trace_ib_mad_recv_done_handler	0xffffffffc05a5840	0x0	ib_core
__pfx_perf_trace_ib_mad_agent_template	0xffffffffc05a59c0	0x0	ib_core
perf_trace_ib_mad_agent_template	0xffffffffc05a59d0	0x0	ib_core
__pfx_trace_event_raw_event_ib_mad_send_done_handler	0xffffffffc05a5b00	0x0	ib_core
trace_event_raw_event_ib_mad_send_done_handler	0xffffffffc05a5b10	0x0	ib_core
__pfx_trace_event_raw_event_ib_mad_recv_done_handler	0xffffffffc05a5c80	0x0	ib_core
trace_event_raw_event_ib_mad_recv_done_handler	0xffffffffc05a5c90	0x0	ib_core
__pfx_trace_event_raw_event_ib_mad_agent_template	0xffffffffc05a5dd0	0x0	ib_core
trace_event_raw_event_ib_mad_agent_template	0xffffffffc05a5de0	0x0	ib_core
__pfx_trace_raw_output_ib_mad_send_template	0xffffffffc05a5eb0	0x0	ib_core
trace_raw_output_ib_mad_send_template	0xffffffffc05a5ec0	0x0	ib_core
__pfx_trace_raw_output_ib_mad_send_done_handler	0xffffffffc05a5fd0	0x0	ib_core
trace_raw_output_ib_mad_send_done_handler	0xffffffffc05a5fe0	0x0	ib_core
__pfx_trace_raw_output_ib_mad_recv_done_handler	0xffffffffc05a60b0	0x0	ib_core
trace_raw_output_ib_mad_recv_done_handler	0xffffffffc05a60c0	0x0	ib_core
__pfx_trace_raw_output_ib_mad_agent_template	0xffffffffc05a61a0	0x0	ib_core
trace_raw_output_ib_mad_agent_template	0xffffffffc05a61b0	0x0	ib_core
__pfx_trace_raw_output_ib_mad_opa_smi_template	0xffffffffc05a6230	0x0	ib_core
trace_raw_output_ib_mad_opa_smi_template	0xffffffffc05a6240	0x0	ib_core
__pfx_trace_raw_output_ib_mad_opa_ib_template	0xffffffffc05a62d0	0x0	ib_core
trace_raw_output_ib_mad_opa_ib_template	0xffffffffc05a62e0	0x0	ib_core
__pfx___bpf_trace_ib_mad_send_template	0xffffffffc05a6380	0x0	ib_core
__bpf_trace_ib_mad_send_template	0xffffffffc05a6390	0x0	ib_core
__pfx___bpf_trace_ib_mad_recv_done_handler	0xffffffffc05a63a0	0x0	ib_core
__bpf_trace_ib_mad_recv_done_handler	0xffffffffc05a63b0	0x0	ib_core
__pfx___bpf_trace_ib_mad_agent_template	0xffffffffc05a63c0	0x0	ib_core
__bpf_trace_ib_mad_agent_template	0xffffffffc05a63d0	0x0	ib_core
__pfx_ib_free_recv_mad	0xffffffffc05a63e0	0x0	ib_core
ib_free_recv_mad	0xffffffffc05a63f0	0x0	ib_core
__pfx_qp_event_handler	0xffffffffc05a6490	0x0	ib_core
qp_event_handler	0xffffffffc05a64a0	0x0	ib_core
__pfx_build_smp_wc	0xffffffffc05a64e0	0x0	ib_core
build_smp_wc	0xffffffffc05a64f0	0x0	ib_core
__pfx_method_in_use	0xffffffffc05a6550	0x0	ib_core
method_in_use	0xffffffffc05a6560	0x0	ib_core
__pfx_find_vendor_oui	0xffffffffc05a6610	0x0	ib_core
find_vendor_oui	0xffffffffc05a6620	0x0	ib_core
__pfx_remove_mad_reg_req	0xffffffffc05a66a0	0x0	ib_core
remove_mad_reg_req	0xffffffffc05a66b0	0x0	ib_core
__pfx_create_mad_qp	0xffffffffc05a6ce0	0x0	ib_core
create_mad_qp	0xffffffffc05a6cf0	0x0	ib_core
__pfx_handle_send_state	0xffffffffc05a6de0	0x0	ib_core
handle_send_state	0xffffffffc05a6df0	0x0	ib_core
__pfx_do_perf_trace_ib_mad_opa_smi_template	0xffffffffc05a6e80	0x0	ib_core
do_perf_trace_ib_mad_opa_smi_template	0xffffffffc05a6e90	0x0	ib_core
__pfx_perf_trace_ib_mad_opa_smi_template	0xffffffffc05a7030	0x0	ib_core
perf_trace_ib_mad_opa_smi_template	0xffffffffc05a7040	0x0	ib_core
__pfx_do_trace_event_raw_event_ib_mad_opa_smi_template	0xffffffffc05a7050	0x0	ib_core
do_trace_event_raw_event_ib_mad_opa_smi_template	0xffffffffc05a7060	0x0	ib_core
__pfx_trace_event_raw_event_ib_mad_opa_smi_template	0xffffffffc05a71c0	0x0	ib_core
trace_event_raw_event_ib_mad_opa_smi_template	0xffffffffc05a71d0	0x0	ib_core
__pfx_do_perf_trace_ib_mad_opa_ib_template	0xffffffffc05a71e0	0x0	ib_core
do_perf_trace_ib_mad_opa_ib_template	0xffffffffc05a71f0	0x0	ib_core
__pfx_perf_trace_ib_mad_opa_ib_template	0xffffffffc05a73b0	0x0	ib_core
perf_trace_ib_mad_opa_ib_template	0xffffffffc05a73c0	0x0	ib_core
__pfx_do_trace_event_raw_event_ib_mad_opa_ib_template	0xffffffffc05a73d0	0x0	ib_core
do_trace_event_raw_event_ib_mad_opa_ib_template	0xffffffffc05a73e0	0x0	ib_core
__pfx_trace_event_raw_event_ib_mad_opa_ib_template	0xffffffffc05a7560	0x0	ib_core
trace_event_raw_event_ib_mad_opa_ib_template	0xffffffffc05a7570	0x0	ib_core
__pfx_generate_unmatched_resp	0xffffffffc05a7580	0x0	ib_core
generate_unmatched_resp	0xffffffffc05a7590	0x0	ib_core
__pfx_handle_opa_smi	0xffffffffc05a7680	0x0	ib_core
handle_opa_smi	0xffffffffc05a7690	0x0	ib_core
__pfx_handle_ib_smi	0xffffffffc05a7830	0x0	ib_core
handle_ib_smi	0xffffffffc05a7840	0x0	ib_core
__pfx_alloc_send_rmpp_list.constprop.0	0xffffffffc05a79e0	0x0	ib_core
alloc_send_rmpp_list.constprop.0	0xffffffffc05a79f0	0x0	ib_core
__pfx___probestub_ib_mad_handle_out_ib_smi	0xffffffffc05a7b50	0x0	ib_core
__probestub_ib_mad_handle_out_ib_smi	0xffffffffc05a7b60	0x0	ib_core
__pfx___probestub_ib_mad_send_done_resend	0xffffffffc05a7b70	0x0	ib_core
__probestub_ib_mad_send_done_resend	0xffffffffc05a7b80	0x0	ib_core
__pfx_ib_mad_send_error.isra.0	0xffffffffc05a7b90	0x0	ib_core
ib_mad_send_error.isra.0	0xffffffffc05a7ba0	0x0	ib_core
__pfx_create_mad_addr_info.isra.0	0xffffffffc05a7d60	0x0	ib_core
create_mad_addr_info.isra.0	0xffffffffc05a7d70	0x0	ib_core
__pfx_do_perf_trace_ib_mad_send_template.isra.0	0xffffffffc05a7e10	0x0	ib_core
do_perf_trace_ib_mad_send_template.isra.0	0xffffffffc05a7e20	0x0	ib_core
__pfx_perf_trace_ib_mad_send_template	0xffffffffc05a8000	0x0	ib_core
perf_trace_ib_mad_send_template	0xffffffffc05a8010	0x0	ib_core
__pfx_trace_event_raw_event_ib_mad_send_template	0xffffffffc05a8020	0x0	ib_core
trace_event_raw_event_ib_mad_send_template	0xffffffffc05a8030	0x0	ib_core
__pfx___probestub_ib_mad_send_done_handler	0xffffffffc05a81b0	0x0	ib_core
__probestub_ib_mad_send_done_handler	0xffffffffc05a81c0	0x0	ib_core
__pfx___probestub_ib_mad_ib_send_mad	0xffffffffc05a81d0	0x0	ib_core
__probestub_ib_mad_ib_send_mad	0xffffffffc05a81e0	0x0	ib_core
__pfx___probestub_ib_mad_send_done_agent	0xffffffffc05a81f0	0x0	ib_core
__probestub_ib_mad_send_done_agent	0xffffffffc05a8200	0x0	ib_core
__pfx___probestub_ib_mad_create_agent	0xffffffffc05a8210	0x0	ib_core
__probestub_ib_mad_create_agent	0xffffffffc05a8220	0x0	ib_core
__pfx___probestub_ib_mad_unregister_agent	0xffffffffc05a8230	0x0	ib_core
__probestub_ib_mad_unregister_agent	0xffffffffc05a8240	0x0	ib_core
__pfx___probestub_ib_mad_handle_opa_smi	0xffffffffc05a8250	0x0	ib_core
__probestub_ib_mad_handle_opa_smi	0xffffffffc05a8260	0x0	ib_core
__pfx___probestub_ib_mad_handle_out_opa_smi	0xffffffffc05a8270	0x0	ib_core
__probestub_ib_mad_handle_out_opa_smi	0xffffffffc05a8280	0x0	ib_core
__pfx___probestub_ib_mad_handle_ib_smi	0xffffffffc05a8290	0x0	ib_core
__probestub_ib_mad_handle_ib_smi	0xffffffffc05a82a0	0x0	ib_core
__pfx___bpf_trace_ib_mad_send_done_handler	0xffffffffc05a82b0	0x0	ib_core
__bpf_trace_ib_mad_send_done_handler	0xffffffffc05a82c0	0x0	ib_core
__pfx___bpf_trace_ib_mad_opa_smi_template	0xffffffffc05a82d0	0x0	ib_core
__bpf_trace_ib_mad_opa_smi_template	0xffffffffc05a82e0	0x0	ib_core
__pfx___bpf_trace_ib_mad_opa_ib_template	0xffffffffc05a82f0	0x0	ib_core
__bpf_trace_ib_mad_opa_ib_template	0xffffffffc05a8300	0x0	ib_core
__pfx_cleanup_recv_queue.part.0	0xffffffffc05a8310	0x0	ib_core
cleanup_recv_queue.part.0	0xffffffffc05a8320	0x0	ib_core
__pfx_ib_mad_port_close	0xffffffffc05a83d0	0x0	ib_core
ib_mad_port_close	0xffffffffc05a83e0	0x0	ib_core
__pfx_ib_mad_remove_device	0xffffffffc05a8550	0x0	ib_core
ib_mad_remove_device	0xffffffffc05a8560	0x0	ib_core
__pfx_clear_mad_error_list	0xffffffffc05a8620	0x0	ib_core
clear_mad_error_list	0xffffffffc05a8630	0x0	ib_core
__pfx_local_completions	0xffffffffc05a8710	0x0	ib_core
local_completions	0xffffffffc05a8720	0x0	ib_core
__pfx_ib_free_send_mad	0xffffffffc05a8ac0	0x0	ib_core
ib_free_send_mad	0xffffffffc05a8ad0	0x0	ib_core
__pfx_ib_mad_post_receive_mads	0xffffffffc05a8bc0	0x0	ib_core
ib_mad_post_receive_mads	0xffffffffc05a8bd0	0x0	ib_core
__pfx_ib_mad_port_start	0xffffffffc05a8f20	0x0	ib_core
ib_mad_port_start	0xffffffffc05a8f30	0x0	ib_core
__pfx_ib_mad_port_open	0xffffffffc05a91e0	0x0	ib_core
ib_mad_port_open	0xffffffffc05a91f0	0x0	ib_core
__pfx_ib_mad_init_device	0xffffffffc05a9690	0x0	ib_core
ib_mad_init_device	0xffffffffc05a96a0	0x0	ib_core
__pfx_rcv_has_same_gid.isra.0	0xffffffffc05a9840	0x0	ib_core
rcv_has_same_gid.isra.0	0xffffffffc05a9850	0x0	ib_core
__pfx_add_nonoui_reg_req	0xffffffffc05a9ae0	0x0	ib_core
add_nonoui_reg_req	0xffffffffc05a9af0	0x0	ib_core
__pfx_ib_create_send_mad	0xffffffffc05a9e70	0x0	ib_core
ib_create_send_mad	0xffffffffc05a9e80	0x0	ib_core
__pfx_add_oui_reg_req	0xffffffffc05aa120	0x0	ib_core
add_oui_reg_req	0xffffffffc05aa130	0x0	ib_core
__pfx_find_mad_agent	0xffffffffc05aa9a0	0x0	ib_core
find_mad_agent	0xffffffffc05aa9b0	0x0	ib_core
__pfx_handle_outgoing_dr_smp	0xffffffffc05aacb0	0x0	ib_core
handle_outgoing_dr_smp	0xffffffffc05aacc0	0x0	ib_core
__pfx_ib_register_mad_agent	0xffffffffc05ab4d0	0x0	ib_core
ib_register_mad_agent	0xffffffffc05ab4e0	0x0	ib_core
__pfx_ib_send_mad	0xffffffffc05ac1a0	0x0	ib_core
ib_send_mad	0xffffffffc05ac1b0	0x0	ib_core
__pfx_change_mad_state	0xffffffffc05ac5c0	0x0	ib_core
change_mad_state	0xffffffffc05ac5d0	0x0	ib_core
__pfx_process_backlog_mads	0xffffffffc05ac810	0x0	ib_core
process_backlog_mads	0xffffffffc05ac820	0x0	ib_core
__pfx_timeout_sends	0xffffffffc05ac9b0	0x0	ib_core
timeout_sends	0xffffffffc05ac9c0	0x0	ib_core
__pfx_unregister_mad_agent	0xffffffffc05acc30	0x0	ib_core
unregister_mad_agent	0xffffffffc05acc40	0x0	ib_core
__pfx_ib_unregister_mad_agent	0xffffffffc05acf10	0x0	ib_core
ib_unregister_mad_agent	0xffffffffc05acf20	0x0	ib_core
__pfx_ib_post_send_mad	0xffffffffc05acf40	0x0	ib_core
ib_post_send_mad	0xffffffffc05acf50	0x0	ib_core
__pfx_ib_find_send_mad	0xffffffffc05ad2d0	0x0	ib_core
ib_find_send_mad	0xffffffffc05ad2e0	0x0	ib_core
__pfx_ib_mark_mad_done	0xffffffffc05ad490	0x0	ib_core
ib_mark_mad_done	0xffffffffc05ad4a0	0x0	ib_core
__pfx_ib_reset_mad_timeout	0xffffffffc05ad560	0x0	ib_core
ib_reset_mad_timeout	0xffffffffc05ad570	0x0	ib_core
__pfx_ib_modify_mad	0xffffffffc05ad5f0	0x0	ib_core
ib_modify_mad	0xffffffffc05ad600	0x0	ib_core
__pfx_ib_mad_complete_send_wr	0xffffffffc05ad850	0x0	ib_core
ib_mad_complete_send_wr	0xffffffffc05ad860	0x0	ib_core
__pfx_ib_mad_send_done	0xffffffffc05adad0	0x0	ib_core
ib_mad_send_done	0xffffffffc05adae0	0x0	ib_core
__pfx_ib_mad_complete_recv	0xffffffffc05addd0	0x0	ib_core
ib_mad_complete_recv	0xffffffffc05adde0	0x0	ib_core
__pfx_ib_mad_recv_done	0xffffffffc05ae070	0x0	ib_core
ib_mad_recv_done	0xffffffffc05ae080	0x0	ib_core
__pfx_ib_mad_init	0xffffffffc05ae660	0x0	ib_core
ib_mad_init	0xffffffffc05ae670	0x0	ib_core
__pfx_ib_mad_cleanup	0xffffffffc05ae700	0x0	ib_core
ib_mad_cleanup	0xffffffffc05ae710	0x0	ib_core
__pfx___smi_handle_dr_smp_send.part.0	0xffffffffc05ae730	0x0	ib_core
__smi_handle_dr_smp_send.part.0	0xffffffffc05ae740	0x0	ib_core
__pfx___smi_handle_dr_smp_recv.part.0	0xffffffffc05ae870	0x0	ib_core
__smi_handle_dr_smp_recv.part.0	0xffffffffc05ae880	0x0	ib_core
__pfx_smi_handle_dr_smp_send	0xffffffffc05ae9a0	0x0	ib_core
smi_handle_dr_smp_send	0xffffffffc05ae9b0	0x0	ib_core
__pfx_opa_smi_handle_dr_smp_send	0xffffffffc05aea20	0x0	ib_core
opa_smi_handle_dr_smp_send	0xffffffffc05aea30	0x0	ib_core
__pfx_smi_handle_dr_smp_recv	0xffffffffc05aeaa0	0x0	ib_core
smi_handle_dr_smp_recv	0xffffffffc05aeab0	0x0	ib_core
__pfx_opa_smi_handle_dr_smp_recv	0xffffffffc05aeb20	0x0	ib_core
opa_smi_handle_dr_smp_recv	0xffffffffc05aeb30	0x0	ib_core
__pfx_smi_check_forward_dr_smp	0xffffffffc05aeba0	0x0	ib_core
smi_check_forward_dr_smp	0xffffffffc05aebb0	0x0	ib_core
__pfx_opa_smi_check_forward_dr_smp	0xffffffffc05aec20	0x0	ib_core
opa_smi_check_forward_dr_smp	0xffffffffc05aec30	0x0	ib_core
__pfx_smi_get_fwd_port	0xffffffffc05aeca0	0x0	ib_core
smi_get_fwd_port	0xffffffffc05aecb0	0x0	ib_core
__pfx_opa_smi_get_fwd_port	0xffffffffc05aed40	0x0	ib_core
opa_smi_get_fwd_port	0xffffffffc05aed50	0x0	ib_core
__pfx___ib_get_agent_port	0xffffffffc05aede0	0x0	ib_core
__ib_get_agent_port	0xffffffffc05aedf0	0x0	ib_core
__pfx_agent_send_handler	0xffffffffc05aee60	0x0	ib_core
agent_send_handler	0xffffffffc05aee70	0x0	ib_core
__pfx_agent_send_response	0xffffffffc05aeee0	0x0	ib_core
agent_send_response	0xffffffffc05aeef0	0x0	ib_core
__pfx_ib_agent_port_open	0xffffffffc05af140	0x0	ib_core
ib_agent_port_open	0xffffffffc05af150	0x0	ib_core
__pfx_ib_agent_port_close	0xffffffffc05af2d0	0x0	ib_core
ib_agent_port_close	0xffffffffc05af2e0	0x0	ib_core
__pfx_create_rmpp_recv	0xffffffffc05af3b0	0x0	ib_core
create_rmpp_recv	0xffffffffc05af3c0	0x0	ib_core
__pfx_abort_send	0xffffffffc05af5a0	0x0	ib_core
abort_send	0xffffffffc05af5b0	0x0	ib_core
__pfx_send_next_seg	0xffffffffc05af6a0	0x0	ib_core
send_next_seg	0xffffffffc05af6b0	0x0	ib_core
__pfx_find_rmpp_recv.isra.0	0xffffffffc05af750	0x0	ib_core
find_rmpp_recv.isra.0	0xffffffffc05af760	0x0	ib_core
__pfx_format_ack.isra.0	0xffffffffc05af7e0	0x0	ib_core
format_ack.isra.0	0xffffffffc05af7f0	0x0	ib_core
__pfx_ack_recv	0xffffffffc05af870	0x0	ib_core
ack_recv	0xffffffffc05af880	0x0	ib_core
__pfx_complete_rmpp	0xffffffffc05af930	0x0	ib_core
complete_rmpp	0xffffffffc05af940	0x0	ib_core
__pfx_destroy_rmpp_recv	0xffffffffc05afa50	0x0	ib_core
destroy_rmpp_recv	0xffffffffc05afa60	0x0	ib_core
__pfx_recv_cleanup_handler	0xffffffffc05afb10	0x0	ib_core
recv_cleanup_handler	0xffffffffc05afb20	0x0	ib_core
__pfx_continue_rmpp	0xffffffffc05afb90	0x0	ib_core
continue_rmpp	0xffffffffc05afba0	0x0	ib_core
__pfx_start_rmpp	0xffffffffc05afed0	0x0	ib_core
start_rmpp	0xffffffffc05afee0	0x0	ib_core
__pfx_alloc_response_msg	0xffffffffc05b00c0	0x0	ib_core
alloc_response_msg	0xffffffffc05b00d0	0x0	ib_core
__pfx_nack_recv	0xffffffffc05b01b0	0x0	ib_core
nack_recv	0xffffffffc05b01c0	0x0	ib_core
__pfx_recv_timeout_handler	0xffffffffc05b0290	0x0	ib_core
recv_timeout_handler	0xffffffffc05b02a0	0x0	ib_core
__pfx_ack_ds_ack	0xffffffffc05b0350	0x0	ib_core
ack_ds_ack	0xffffffffc05b0360	0x0	ib_core
__pfx_process_rmpp_ack	0xffffffffc05b0420	0x0	ib_core
process_rmpp_ack	0xffffffffc05b0430	0x0	ib_core
__pfx_ib_cancel_rmpp_recvs	0xffffffffc05b0770	0x0	ib_core
ib_cancel_rmpp_recvs	0xffffffffc05b0780	0x0	ib_core
__pfx_ib_rmpp_send_handler	0xffffffffc05b0890	0x0	ib_core
ib_rmpp_send_handler	0xffffffffc05b08a0	0x0	ib_core
__pfx_ib_process_rmpp_recv_wc	0xffffffffc05b0920	0x0	ib_core
ib_process_rmpp_recv_wc	0xffffffffc05b0930	0x0	ib_core
__pfx_ib_send_rmpp_mad	0xffffffffc05b0a90	0x0	ib_core
ib_send_rmpp_mad	0xffffffffc05b0aa0	0x0	ib_core
__pfx_ib_process_rmpp_send_wc	0xffffffffc05b0c00	0x0	ib_core
ib_process_rmpp_send_wc	0xffffffffc05b0c10	0x0	ib_core
__pfx_ib_retry_rmpp	0xffffffffc05b0cc0	0x0	ib_core
ib_retry_rmpp	0xffffffffc05b0cd0	0x0	ib_core
__pfx_fill_res_qp_raw_entry	0xffffffffc05b0d30	0x0	ib_core
fill_res_qp_raw_entry	0xffffffffc05b0d40	0x0	ib_core
__pfx_fill_res_cq_raw_entry	0xffffffffc05b0d90	0x0	ib_core
fill_res_cq_raw_entry	0xffffffffc05b0da0	0x0	ib_core
__pfx_fill_res_mr_raw_entry	0xffffffffc05b0de0	0x0	ib_core
fill_res_mr_raw_entry	0xffffffffc05b0df0	0x0	ib_core
__pfx_fill_res_srq_raw_entry	0xffffffffc05b0e30	0x0	ib_core
fill_res_srq_raw_entry	0xffffffffc05b0e40	0x0	ib_core
__pfx_fill_stat_mr_entry	0xffffffffc05b0e80	0x0	ib_core
fill_stat_mr_entry	0xffffffffc05b0e90	0x0	ib_core
__pfx_rdma_link_unregister	0xffffffffc05b0f20	0x0	ib_core
rdma_link_unregister	0xffffffffc05b0f30	0x0	ib_core
__pfx_rdma_nl_notify_err_msg	0xffffffffc05b0f90	0x0	ib_core
rdma_nl_notify_err_msg	0xffffffffc05b0fa0	0x0	ib_core
__pfx_nldev_res_get_dumpit	0xffffffffc05b1150	0x0	ib_core
nldev_res_get_dumpit	0xffffffffc05b1160	0x0	ib_core
__pfx_nldev_get_dumpit	0xffffffffc05b1190	0x0	ib_core
nldev_get_dumpit	0xffffffffc05b11a0	0x0	ib_core
__pfx_rdma_nl_get_privileged_qkey	0xffffffffc05b11d0	0x0	ib_core
rdma_nl_get_privileged_qkey	0xffffffffc05b11e0	0x0	ib_core
__pfx_nldev_stat_set_counter_dynamic_doit	0xffffffffc05b1200	0x0	ib_core
nldev_stat_set_counter_dynamic_doit	0xffffffffc05b1210	0x0	ib_core
__pfx_fill_res_qp_entry_query.isra.0	0xffffffffc05b1360	0x0	ib_core
fill_res_qp_entry_query.isra.0	0xffffffffc05b1370	0x0	ib_core
__pfx_rdma_link_register	0xffffffffc05b1560	0x0	ib_core
rdma_link_register	0xffffffffc05b1570	0x0	ib_core
__pfx_nldev_sys_get_doit.part.0	0xffffffffc05b1600	0x0	ib_core
nldev_sys_get_doit.part.0	0xffffffffc05b1610	0x0	ib_core
__pfx_nldev_sys_get_doit	0xffffffffc05b17d0	0x0	ib_core
nldev_sys_get_doit	0xffffffffc05b17e0	0x0	ib_core
__pfx_nldev_deldev	0xffffffffc05b18a0	0x0	ib_core
nldev_deldev	0xffffffffc05b18b0	0x0	ib_core
__pfx_nldev_set_sys_set_doit	0xffffffffc05b1980	0x0	ib_core
nldev_set_sys_set_doit	0xffffffffc05b1990	0x0	ib_core
__pfx_nldev_dellink	0xffffffffc05b1a70	0x0	ib_core
nldev_dellink	0xffffffffc05b1a80	0x0	ib_core
__pfx_nldev_newdev	0xffffffffc05b1b70	0x0	ib_core
nldev_newdev	0xffffffffc05b1b80	0x0	ib_core
__pfx_nldev_set_doit	0xffffffffc05b1cc0	0x0	ib_core
nldev_set_doit	0xffffffffc05b1cd0	0x0	ib_core
__pfx_nldev_newlink	0xffffffffc05b1ec0	0x0	ib_core
nldev_newlink	0xffffffffc05b1ed0	0x0	ib_core
__pfx_rdma_nl_put_driver_u32	0xffffffffc05b2180	0x0	ib_core
rdma_nl_put_driver_u32	0xffffffffc05b2190	0x0	ib_core
__pfx_rdma_nl_put_driver_u64	0xffffffffc05b2220	0x0	ib_core
rdma_nl_put_driver_u64	0xffffffffc05b2230	0x0	ib_core
__pfx_fill_nldev_handle	0xffffffffc05b22d0	0x0	ib_core
fill_nldev_handle	0xffffffffc05b22e0	0x0	ib_core
__pfx_res_get_common_doit	0xffffffffc05b2380	0x0	ib_core
res_get_common_doit	0xffffffffc05b2390	0x0	ib_core
__pfx_nldev_res_get_srq_raw_doit	0xffffffffc05b2750	0x0	ib_core
nldev_res_get_srq_raw_doit	0xffffffffc05b2760	0x0	ib_core
__pfx_nldev_res_get_srq_doit	0xffffffffc05b2780	0x0	ib_core
nldev_res_get_srq_doit	0xffffffffc05b2790	0x0	ib_core
__pfx_nldev_res_get_ctx_doit	0xffffffffc05b27b0	0x0	ib_core
nldev_res_get_ctx_doit	0xffffffffc05b27c0	0x0	ib_core
__pfx_nldev_res_get_mr_raw_doit	0xffffffffc05b27e0	0x0	ib_core
nldev_res_get_mr_raw_doit	0xffffffffc05b27f0	0x0	ib_core
__pfx_nldev_res_get_cq_raw_doit	0xffffffffc05b2810	0x0	ib_core
nldev_res_get_cq_raw_doit	0xffffffffc05b2820	0x0	ib_core
__pfx_nldev_res_get_qp_raw_doit	0xffffffffc05b2840	0x0	ib_core
nldev_res_get_qp_raw_doit	0xffffffffc05b2850	0x0	ib_core
__pfx_nldev_res_get_pd_doit	0xffffffffc05b2870	0x0	ib_core
nldev_res_get_pd_doit	0xffffffffc05b2880	0x0	ib_core
__pfx_nldev_res_get_mr_doit	0xffffffffc05b28a0	0x0	ib_core
nldev_res_get_mr_doit	0xffffffffc05b28b0	0x0	ib_core
__pfx_nldev_res_get_cq_doit	0xffffffffc05b28d0	0x0	ib_core
nldev_res_get_cq_doit	0xffffffffc05b28e0	0x0	ib_core
__pfx_nldev_res_get_cm_id_doit	0xffffffffc05b2900	0x0	ib_core
nldev_res_get_cm_id_doit	0xffffffffc05b2910	0x0	ib_core
__pfx_nldev_res_get_qp_doit	0xffffffffc05b2930	0x0	ib_core
nldev_res_get_qp_doit	0xffffffffc05b2940	0x0	ib_core
__pfx_nldev_stat_del_doit	0xffffffffc05b2960	0x0	ib_core
nldev_stat_del_doit	0xffffffffc05b2970	0x0	ib_core
__pfx_nldev_stat_set_doit	0xffffffffc05b2c90	0x0	ib_core
nldev_stat_set_doit	0xffffffffc05b2ca0	0x0	ib_core
__pfx_fill_res_info	0xffffffffc05b3170	0x0	ib_core
fill_res_info	0xffffffffc05b3180	0x0	ib_core
__pfx__nldev_res_get_dumpit	0xffffffffc05b3380	0x0	ib_core
_nldev_res_get_dumpit	0xffffffffc05b3390	0x0	ib_core
__pfx_nldev_res_get_doit	0xffffffffc05b3460	0x0	ib_core
nldev_res_get_doit	0xffffffffc05b3470	0x0	ib_core
__pfx_stat_get_doit_qp	0xffffffffc05b3670	0x0	ib_core
stat_get_doit_qp	0xffffffffc05b3680	0x0	ib_core
__pfx_rdma_nl_put_driver_u32_hex	0xffffffffc05b3970	0x0	ib_core
rdma_nl_put_driver_u32_hex	0xffffffffc05b3980	0x0	ib_core
__pfx_rdma_nl_put_driver_u64_hex	0xffffffffc05b3a30	0x0	ib_core
rdma_nl_put_driver_u64_hex	0xffffffffc05b3a40	0x0	ib_core
__pfx_rdma_nl_stat_hwcounter_entry	0xffffffffc05b3af0	0x0	ib_core
rdma_nl_stat_hwcounter_entry	0xffffffffc05b3b00	0x0	ib_core
__pfx_rdma_nl_put_driver_string	0xffffffffc05b3c00	0x0	ib_core
rdma_nl_put_driver_string	0xffffffffc05b3c10	0x0	ib_core
__pfx_fill_res_range_qp_entry	0xffffffffc05b3c80	0x0	ib_core
fill_res_range_qp_entry	0xffffffffc05b3c90	0x0	ib_core
__pfx_fill_res_name_pid	0xffffffffc05b3db0	0x0	ib_core
fill_res_name_pid	0xffffffffc05b3dc0	0x0	ib_core
__pfx_fill_res_cm_id_entry	0xffffffffc05b3e80	0x0	ib_core
fill_res_cm_id_entry	0xffffffffc05b3e90	0x0	ib_core
__pfx_fill_res_ctx_entry	0xffffffffc05b4090	0x0	ib_core
fill_res_ctx_entry	0xffffffffc05b40a0	0x0	ib_core
__pfx_fill_res_pd_entry	0xffffffffc05b4140	0x0	ib_core
fill_res_pd_entry	0xffffffffc05b4150	0x0	ib_core
__pfx_fill_res_mr_entry	0xffffffffc05b42a0	0x0	ib_core
fill_res_mr_entry	0xffffffffc05b42b0	0x0	ib_core
__pfx_fill_res_cq_entry	0xffffffffc05b4410	0x0	ib_core
fill_res_cq_entry	0xffffffffc05b4420	0x0	ib_core
__pfx_fill_res_qp_entry	0xffffffffc05b45c0	0x0	ib_core
fill_res_qp_entry	0xffffffffc05b45d0	0x0	ib_core
__pfx_res_get_common_dumpit	0xffffffffc05b46f0	0x0	ib_core
res_get_common_dumpit	0xffffffffc05b4700	0x0	ib_core
__pfx_nldev_res_get_srq_raw_dumpit	0xffffffffc05b4d20	0x0	ib_core
nldev_res_get_srq_raw_dumpit	0xffffffffc05b4d30	0x0	ib_core
__pfx_nldev_res_get_srq_dumpit	0xffffffffc05b4d50	0x0	ib_core
nldev_res_get_srq_dumpit	0xffffffffc05b4d60	0x0	ib_core
__pfx_nldev_res_get_ctx_dumpit	0xffffffffc05b4d80	0x0	ib_core
nldev_res_get_ctx_dumpit	0xffffffffc05b4d90	0x0	ib_core
__pfx_nldev_res_get_mr_raw_dumpit	0xffffffffc05b4db0	0x0	ib_core
nldev_res_get_mr_raw_dumpit	0xffffffffc05b4dc0	0x0	ib_core
__pfx_nldev_res_get_cq_raw_dumpit	0xffffffffc05b4de0	0x0	ib_core
nldev_res_get_cq_raw_dumpit	0xffffffffc05b4df0	0x0	ib_core
__pfx_nldev_res_get_qp_raw_dumpit	0xffffffffc05b4e10	0x0	ib_core
nldev_res_get_qp_raw_dumpit	0xffffffffc05b4e20	0x0	ib_core
__pfx_nldev_stat_get_dumpit	0xffffffffc05b4e40	0x0	ib_core
nldev_stat_get_dumpit	0xffffffffc05b4e50	0x0	ib_core
__pfx_nldev_res_get_pd_dumpit	0xffffffffc05b4f40	0x0	ib_core
nldev_res_get_pd_dumpit	0xffffffffc05b4f50	0x0	ib_core
__pfx_nldev_res_get_mr_dumpit	0xffffffffc05b4f70	0x0	ib_core
nldev_res_get_mr_dumpit	0xffffffffc05b4f80	0x0	ib_core
__pfx_nldev_res_get_cq_dumpit	0xffffffffc05b4fa0	0x0	ib_core
nldev_res_get_cq_dumpit	0xffffffffc05b4fb0	0x0	ib_core
__pfx_nldev_res_get_cm_id_dumpit	0xffffffffc05b4fd0	0x0	ib_core
nldev_res_get_cm_id_dumpit	0xffffffffc05b4fe0	0x0	ib_core
__pfx_nldev_res_get_qp_dumpit	0xffffffffc05b5000	0x0	ib_core
nldev_res_get_qp_dumpit	0xffffffffc05b5010	0x0	ib_core
__pfx_fill_res_srq_qps	0xffffffffc05b5030	0x0	ib_core
fill_res_srq_qps	0xffffffffc05b5040	0x0	ib_core
__pfx_fill_res_srq_entry	0xffffffffc05b5230	0x0	ib_core
fill_res_srq_entry	0xffffffffc05b5240	0x0	ib_core
__pfx_stat_get_doit_default_counter.isra.0	0xffffffffc05b5370	0x0	ib_core
stat_get_doit_default_counter.isra.0	0xffffffffc05b5380	0x0	ib_core
__pfx_nldev_stat_get_doit	0xffffffffc05b5670	0x0	ib_core
nldev_stat_get_doit	0xffffffffc05b5680	0x0	ib_core
__pfx_fill_res_counter_entry	0xffffffffc05b5790	0x0	ib_core
fill_res_counter_entry	0xffffffffc05b57a0	0x0	ib_core
__pfx_nldev_stat_get_counter_status_doit	0xffffffffc05b5b60	0x0	ib_core
nldev_stat_get_counter_status_doit	0xffffffffc05b5b70	0x0	ib_core
__pfx_nldev_get_chardev	0xffffffffc05b5ff0	0x0	ib_core
nldev_get_chardev	0xffffffffc05b6000	0x0	ib_core
__pfx_fill_port_info	0xffffffffc05b63d0	0x0	ib_core
fill_port_info	0xffffffffc05b63e0	0x0	ib_core
__pfx_nldev_port_get_dumpit	0xffffffffc05b6670	0x0	ib_core
nldev_port_get_dumpit	0xffffffffc05b6680	0x0	ib_core
__pfx_nldev_port_get_doit	0xffffffffc05b6890	0x0	ib_core
nldev_port_get_doit	0xffffffffc05b68a0	0x0	ib_core
__pfx_fill_dev_info	0xffffffffc05b6ae0	0x0	ib_core
fill_dev_info	0xffffffffc05b6af0	0x0	ib_core
__pfx__nldev_get_dumpit	0xffffffffc05b6eb0	0x0	ib_core
_nldev_get_dumpit	0xffffffffc05b6ec0	0x0	ib_core
__pfx_nldev_get_doit	0xffffffffc05b6f90	0x0	ib_core
nldev_get_doit	0xffffffffc05b6fa0	0x0	ib_core
__pfx_rdma_nl_notify_event	0xffffffffc05b7170	0x0	ib_core
rdma_nl_notify_event	0xffffffffc05b7180	0x0	ib_core
__pfx_nldev_exit	0xffffffffc05b7620	0x0	ib_core
nldev_exit	0xffffffffc05b7630	0x0	ib_core
__pfx_rdma_restrack_new	0xffffffffc05b7650	0x0	ib_core
rdma_restrack_new	0xffffffffc05b7660	0x0	ib_core
__pfx_res_to_dev	0xffffffffc05b76b0	0x0	ib_core
res_to_dev	0xffffffffc05b76c0	0x0	ib_core
__pfx_rdma_restrack_get	0xffffffffc05b77b0	0x0	ib_core
rdma_restrack_get	0xffffffffc05b77c0	0x0	ib_core
__pfx_restrack_release	0xffffffffc05b7810	0x0	ib_core
restrack_release	0xffffffffc05b7820	0x0	ib_core
__pfx_rdma_restrack_del	0xffffffffc05b7890	0x0	ib_core
rdma_restrack_del	0xffffffffc05b78a0	0x0	ib_core
__pfx_rdma_restrack_attach_task	0xffffffffc05b79a0	0x0	ib_core
rdma_restrack_attach_task	0xffffffffc05b79b0	0x0	ib_core
__pfx_rdma_restrack_set_name	0xffffffffc05b7a70	0x0	ib_core
rdma_restrack_set_name	0xffffffffc05b7a80	0x0	ib_core
__pfx_rdma_restrack_parent_name	0xffffffffc05b7ab0	0x0	ib_core
rdma_restrack_parent_name	0xffffffffc05b7ac0	0x0	ib_core
__pfx_rdma_restrack_put	0xffffffffc05b7b20	0x0	ib_core
rdma_restrack_put	0xffffffffc05b7b30	0x0	ib_core
__pfx_rdma_restrack_get_byid	0xffffffffc05b7be0	0x0	ib_core
rdma_restrack_get_byid	0xffffffffc05b7bf0	0x0	ib_core
__pfx_rdma_restrack_count	0xffffffffc05b7c70	0x0	ib_core
rdma_restrack_count	0xffffffffc05b7c80	0x0	ib_core
__pfx_rdma_restrack_add	0xffffffffc05b7e30	0x0	ib_core
rdma_restrack_add	0xffffffffc05b7e40	0x0	ib_core
__pfx_rdma_restrack_init	0xffffffffc05b8010	0x0	ib_core
rdma_restrack_init	0xffffffffc05b8020	0x0	ib_core
__pfx_rdma_restrack_clean	0xffffffffc05b80c0	0x0	ib_core
rdma_restrack_clean	0xffffffffc05b80d0	0x0	ib_core
__pfx_counter_release	0xffffffffc05b8130	0x0	ib_core
counter_release	0xffffffffc05b8140	0x0	ib_core
__pfx_alloc_and_bind	0xffffffffc05b8270	0x0	ib_core
alloc_and_bind	0xffffffffc05b8280	0x0	ib_core
__pfx_rdma_counter_set_auto_mode	0xffffffffc05b8470	0x0	ib_core
rdma_counter_set_auto_mode	0xffffffffc05b8480	0x0	ib_core
__pfx_rdma_counter_modify	0xffffffffc05b85e0	0x0	ib_core
rdma_counter_modify	0xffffffffc05b85f0	0x0	ib_core
__pfx_rdma_counter_bind_qp_auto	0xffffffffc05b86e0	0x0	ib_core
rdma_counter_bind_qp_auto	0xffffffffc05b86f0	0x0	ib_core
__pfx_rdma_counter_unbind_qp	0xffffffffc05b8a00	0x0	ib_core
rdma_counter_unbind_qp	0xffffffffc05b8a10	0x0	ib_core
__pfx_rdma_counter_query_stats	0xffffffffc05b8af0	0x0	ib_core
rdma_counter_query_stats	0xffffffffc05b8b00	0x0	ib_core
__pfx_rdma_counter_get_hwstat_value	0xffffffffc05b8b60	0x0	ib_core
rdma_counter_get_hwstat_value	0xffffffffc05b8b70	0x0	ib_core
__pfx_rdma_counter_bind_qpn	0xffffffffc05b8d10	0x0	ib_core
rdma_counter_bind_qpn	0xffffffffc05b8d20	0x0	ib_core
__pfx_rdma_counter_bind_qpn_alloc	0xffffffffc05b8f50	0x0	ib_core
rdma_counter_bind_qpn_alloc	0xffffffffc05b8f60	0x0	ib_core
__pfx_rdma_counter_unbind_qpn	0xffffffffc05b90e0	0x0	ib_core
rdma_counter_unbind_qpn	0xffffffffc05b90f0	0x0	ib_core
__pfx_rdma_counter_get_mode	0xffffffffc05b9240	0x0	ib_core
rdma_counter_get_mode	0xffffffffc05b9250	0x0	ib_core
__pfx_rdma_counter_init	0xffffffffc05b92a0	0x0	ib_core
rdma_counter_init	0xffffffffc05b92b0	0x0	ib_core
__pfx_rdma_counter_release	0xffffffffc05b93c0	0x0	ib_core
rdma_counter_release	0xffffffffc05b93d0	0x0	ib_core
__pfx_rdma_umap_priv_init	0xffffffffc05b9440	0x0	ib_core
rdma_umap_priv_init	0xffffffffc05b9450	0x0	ib_core
__pfx_rdma_user_mmap_io	0xffffffffc05b9500	0x0	ib_core
rdma_user_mmap_io	0xffffffffc05b9510	0x0	ib_core
__pfx_rdma_user_mmap_entry_free	0xffffffffc05b9640	0x0	ib_core
rdma_user_mmap_entry_free	0xffffffffc05b9650	0x0	ib_core
__pfx_rdma_user_mmap_entry_put	0xffffffffc05b96f0	0x0	ib_core
rdma_user_mmap_entry_put	0xffffffffc05b9700	0x0	ib_core
__pfx_rdma_user_mmap_entry_remove	0xffffffffc05b9740	0x0	ib_core
rdma_user_mmap_entry_remove	0xffffffffc05b9750	0x0	ib_core
__pfx_rdma_user_mmap_entry_insert_range	0xffffffffc05b97d0	0x0	ib_core
rdma_user_mmap_entry_insert_range	0xffffffffc05b97e0	0x0	ib_core
__pfx_rdma_user_mmap_entry_insert	0xffffffffc05b9b00	0x0	ib_core
rdma_user_mmap_entry_insert	0xffffffffc05b9b10	0x0	ib_core
__pfx_rdma_user_mmap_entry_get_pgoff	0xffffffffc05b9b30	0x0	ib_core
rdma_user_mmap_entry_get_pgoff	0xffffffffc05b9b40	0x0	ib_core
__pfx_rdma_user_mmap_entry_get	0xffffffffc05b9c30	0x0	ib_core
rdma_user_mmap_entry_get	0xffffffffc05b9c40	0x0	ib_core
__pfx___traceiter_cq_schedule	0xffffffffc05b9cc0	0x0	ib_core
__traceiter_cq_schedule	0xffffffffc05b9cd0	0x0	ib_core
__pfx___probestub_cq_schedule	0xffffffffc05b9d10	0x0	ib_core
__probestub_cq_schedule	0xffffffffc05b9d20	0x0	ib_core
__pfx___traceiter_cq_reschedule	0xffffffffc05b9d30	0x0	ib_core
__traceiter_cq_reschedule	0xffffffffc05b9d40	0x0	ib_core
__pfx___traceiter_cq_process	0xffffffffc05b9d80	0x0	ib_core
__traceiter_cq_process	0xffffffffc05b9d90	0x0	ib_core
__pfx___traceiter_cq_poll	0xffffffffc05b9dd0	0x0	ib_core
__traceiter_cq_poll	0xffffffffc05b9de0	0x0	ib_core
__pfx___probestub_cq_poll	0xffffffffc05b9e40	0x0	ib_core
__probestub_cq_poll	0xffffffffc05b9e50	0x0	ib_core
__pfx___traceiter_cq_drain_complete	0xffffffffc05b9e60	0x0	ib_core
__traceiter_cq_drain_complete	0xffffffffc05b9e70	0x0	ib_core
__pfx___traceiter_cq_modify	0xffffffffc05b9eb0	0x0	ib_core
__traceiter_cq_modify	0xffffffffc05b9ec0	0x0	ib_core
__pfx___probestub_cq_modify	0xffffffffc05b9f20	0x0	ib_core
__probestub_cq_modify	0xffffffffc05b9f30	0x0	ib_core
__pfx___traceiter_cq_alloc	0xffffffffc05b9f40	0x0	ib_core
__traceiter_cq_alloc	0xffffffffc05b9f50	0x0	ib_core
__pfx___probestub_cq_alloc	0xffffffffc05b9fb0	0x0	ib_core
__probestub_cq_alloc	0xffffffffc05b9fc0	0x0	ib_core
__pfx___traceiter_cq_alloc_error	0xffffffffc05b9fd0	0x0	ib_core
__traceiter_cq_alloc_error	0xffffffffc05b9fe0	0x0	ib_core
__pfx___probestub_cq_alloc_error	0xffffffffc05ba040	0x0	ib_core
__probestub_cq_alloc_error	0xffffffffc05ba050	0x0	ib_core
__pfx___traceiter_cq_free	0xffffffffc05ba060	0x0	ib_core
__traceiter_cq_free	0xffffffffc05ba070	0x0	ib_core
__pfx___traceiter_mr_alloc	0xffffffffc05ba0b0	0x0	ib_core
__traceiter_mr_alloc	0xffffffffc05ba0c0	0x0	ib_core
__pfx___probestub_mr_alloc	0xffffffffc05ba120	0x0	ib_core
__probestub_mr_alloc	0xffffffffc05ba130	0x0	ib_core
__pfx___traceiter_mr_integ_alloc	0xffffffffc05ba140	0x0	ib_core
__traceiter_mr_integ_alloc	0xffffffffc05ba150	0x0	ib_core
__pfx___traceiter_mr_dereg	0xffffffffc05ba1b0	0x0	ib_core
__traceiter_mr_dereg	0xffffffffc05ba1c0	0x0	ib_core
__pfx_perf_trace_cq_schedule	0xffffffffc05ba200	0x0	ib_core
perf_trace_cq_schedule	0xffffffffc05ba210	0x0	ib_core
__pfx_perf_trace_cq_reschedule	0xffffffffc05ba320	0x0	ib_core
perf_trace_cq_reschedule	0xffffffffc05ba330	0x0	ib_core
__pfx_perf_trace_cq_poll	0xffffffffc05ba440	0x0	ib_core
perf_trace_cq_poll	0xffffffffc05ba450	0x0	ib_core
__pfx_perf_trace_cq_drain_complete	0xffffffffc05ba550	0x0	ib_core
perf_trace_cq_drain_complete	0xffffffffc05ba560	0x0	ib_core
__pfx_perf_trace_cq_modify	0xffffffffc05ba650	0x0	ib_core
perf_trace_cq_modify	0xffffffffc05ba660	0x0	ib_core
__pfx_perf_trace_cq_alloc	0xffffffffc05ba770	0x0	ib_core
perf_trace_cq_alloc	0xffffffffc05ba780	0x0	ib_core
__pfx_perf_trace_cq_alloc_error	0xffffffffc05ba890	0x0	ib_core
perf_trace_cq_alloc_error	0xffffffffc05ba8a0	0x0	ib_core
__pfx_perf_trace_cq_free	0xffffffffc05ba9b0	0x0	ib_core
perf_trace_cq_free	0xffffffffc05ba9c0	0x0	ib_core
__pfx_perf_trace_mr_dereg	0xffffffffc05baab0	0x0	ib_core
perf_trace_mr_dereg	0xffffffffc05baac0	0x0	ib_core
__pfx_perf_trace_cq_process	0xffffffffc05babb0	0x0	ib_core
perf_trace_cq_process	0xffffffffc05babc0	0x0	ib_core
__pfx_perf_trace_mr_alloc	0xffffffffc05bacf0	0x0	ib_core
perf_trace_mr_alloc	0xffffffffc05bad00	0x0	ib_core
__pfx_perf_trace_mr_integ_alloc	0xffffffffc05bae20	0x0	ib_core
perf_trace_mr_integ_alloc	0xffffffffc05bae30	0x0	ib_core
__pfx_trace_event_raw_event_cq_schedule	0xffffffffc05baf50	0x0	ib_core
trace_event_raw_event_cq_schedule	0xffffffffc05baf60	0x0	ib_core
__pfx_trace_event_raw_event_cq_reschedule	0xffffffffc05bb010	0x0	ib_core
trace_event_raw_event_cq_reschedule	0xffffffffc05bb020	0x0	ib_core
__pfx_trace_event_raw_event_cq_poll	0xffffffffc05bb0d0	0x0	ib_core
trace_event_raw_event_cq_poll	0xffffffffc05bb0e0	0x0	ib_core
__pfx_trace_event_raw_event_cq_drain_complete	0xffffffffc05bb190	0x0	ib_core
trace_event_raw_event_cq_drain_complete	0xffffffffc05bb1a0	0x0	ib_core
__pfx_trace_event_raw_event_cq_modify	0xffffffffc05bb240	0x0	ib_core
trace_event_raw_event_cq_modify	0xffffffffc05bb250	0x0	ib_core
__pfx_trace_event_raw_event_cq_alloc	0xffffffffc05bb310	0x0	ib_core
trace_event_raw_event_cq_alloc	0xffffffffc05bb320	0x0	ib_core
__pfx_trace_event_raw_event_cq_alloc_error	0xffffffffc05bb3e0	0x0	ib_core
trace_event_raw_event_cq_alloc_error	0xffffffffc05bb3f0	0x0	ib_core
__pfx_trace_event_raw_event_cq_free	0xffffffffc05bb4a0	0x0	ib_core
trace_event_raw_event_cq_free	0xffffffffc05bb4b0	0x0	ib_core
__pfx_trace_event_raw_event_mr_dereg	0xffffffffc05bb550	0x0	ib_core
trace_event_raw_event_mr_dereg	0xffffffffc05bb560	0x0	ib_core
__pfx_trace_event_raw_event_cq_process	0xffffffffc05bb600	0x0	ib_core
trace_event_raw_event_cq_process	0xffffffffc05bb610	0x0	ib_core
__pfx_trace_event_raw_event_mr_alloc	0xffffffffc05bb6f0	0x0	ib_core
trace_event_raw_event_mr_alloc	0xffffffffc05bb700	0x0	ib_core
__pfx_trace_event_raw_event_mr_integ_alloc	0xffffffffc05bb7d0	0x0	ib_core
trace_event_raw_event_mr_integ_alloc	0xffffffffc05bb7e0	0x0	ib_core
__pfx_trace_raw_output_cq_schedule	0xffffffffc05bb8b0	0x0	ib_core
trace_raw_output_cq_schedule	0xffffffffc05bb8c0	0x0	ib_core
__pfx_trace_raw_output_cq_reschedule	0xffffffffc05bb910	0x0	ib_core
trace_raw_output_cq_reschedule	0xffffffffc05bb920	0x0	ib_core
__pfx_trace_raw_output_cq_poll	0xffffffffc05bb970	0x0	ib_core
trace_raw_output_cq_poll	0xffffffffc05bb980	0x0	ib_core
__pfx_trace_raw_output_cq_drain_complete	0xffffffffc05bb9e0	0x0	ib_core
trace_raw_output_cq_drain_complete	0xffffffffc05bb9f0	0x0	ib_core
__pfx_trace_raw_output_cq_modify	0xffffffffc05bba40	0x0	ib_core
trace_raw_output_cq_modify	0xffffffffc05bba50	0x0	ib_core
__pfx_trace_raw_output_cq_free	0xffffffffc05bbab0	0x0	ib_core
trace_raw_output_cq_free	0xffffffffc05bbac0	0x0	ib_core
__pfx_trace_raw_output_mr_integ_alloc	0xffffffffc05bbb10	0x0	ib_core
trace_raw_output_mr_integ_alloc	0xffffffffc05bbb20	0x0	ib_core
__pfx_trace_raw_output_mr_dereg	0xffffffffc05bbb90	0x0	ib_core
trace_raw_output_mr_dereg	0xffffffffc05bbba0	0x0	ib_core
__pfx_trace_raw_output_cq_alloc	0xffffffffc05bbbf0	0x0	ib_core
trace_raw_output_cq_alloc	0xffffffffc05bbc00	0x0	ib_core
__pfx_trace_raw_output_cq_alloc_error	0xffffffffc05bbc80	0x0	ib_core
trace_raw_output_cq_alloc_error	0xffffffffc05bbc90	0x0	ib_core
__pfx_trace_raw_output_mr_alloc	0xffffffffc05bbd10	0x0	ib_core
trace_raw_output_mr_alloc	0xffffffffc05bbd20	0x0	ib_core
__pfx___bpf_trace_cq_schedule	0xffffffffc05bbdc0	0x0	ib_core
__bpf_trace_cq_schedule	0xffffffffc05bbdd0	0x0	ib_core
__pfx___bpf_trace_cq_poll	0xffffffffc05bbde0	0x0	ib_core
__bpf_trace_cq_poll	0xffffffffc05bbdf0	0x0	ib_core
__pfx___bpf_trace_cq_modify	0xffffffffc05bbe10	0x0	ib_core
__bpf_trace_cq_modify	0xffffffffc05bbe20	0x0	ib_core
__pfx___bpf_trace_cq_alloc	0xffffffffc05bbe40	0x0	ib_core
__bpf_trace_cq_alloc	0xffffffffc05bbe50	0x0	ib_core
__pfx___bpf_trace_cq_alloc_error	0xffffffffc05bbe70	0x0	ib_core
__bpf_trace_cq_alloc_error	0xffffffffc05bbe80	0x0	ib_core
__pfx___bpf_trace_mr_alloc	0xffffffffc05bbea0	0x0	ib_core
__bpf_trace_mr_alloc	0xffffffffc05bbeb0	0x0	ib_core
__pfx___bpf_trace_mr_integ_alloc	0xffffffffc05bbed0	0x0	ib_core
__bpf_trace_mr_integ_alloc	0xffffffffc05bbee0	0x0	ib_core
__pfx_trace_raw_output_cq_process	0xffffffffc05bbf00	0x0	ib_core
trace_raw_output_cq_process	0xffffffffc05bbf10	0x0	ib_core
__pfx___probestub_mr_integ_alloc	0xffffffffc05bbf90	0x0	ib_core
__probestub_mr_integ_alloc	0xffffffffc05bbfa0	0x0	ib_core
__pfx___probestub_cq_free	0xffffffffc05bbfb0	0x0	ib_core
__probestub_cq_free	0xffffffffc05bbfc0	0x0	ib_core
__pfx___probestub_mr_dereg	0xffffffffc05bbfd0	0x0	ib_core
__probestub_mr_dereg	0xffffffffc05bbfe0	0x0	ib_core
__pfx___probestub_cq_reschedule	0xffffffffc05bbff0	0x0	ib_core
__probestub_cq_reschedule	0xffffffffc05bc000	0x0	ib_core
__pfx___probestub_cq_process	0xffffffffc05bc010	0x0	ib_core
__probestub_cq_process	0xffffffffc05bc020	0x0	ib_core
__pfx___probestub_cq_drain_complete	0xffffffffc05bc030	0x0	ib_core
__probestub_cq_drain_complete	0xffffffffc05bc040	0x0	ib_core
__pfx___bpf_trace_cq_process	0xffffffffc05bc050	0x0	ib_core
__bpf_trace_cq_process	0xffffffffc05bc060	0x0	ib_core
__pfx___bpf_trace_cq_drain_complete	0xffffffffc05bc070	0x0	ib_core
__bpf_trace_cq_drain_complete	0xffffffffc05bc080	0x0	ib_core
__pfx___bpf_trace_cq_free	0xffffffffc05bc090	0x0	ib_core
__bpf_trace_cq_free	0xffffffffc05bc0a0	0x0	ib_core
__pfx___bpf_trace_mr_dereg	0xffffffffc05bc0b0	0x0	ib_core
__bpf_trace_mr_dereg	0xffffffffc05bc0c0	0x0	ib_core
__pfx___bpf_trace_cq_reschedule	0xffffffffc05bc0d0	0x0	ib_core
__bpf_trace_cq_reschedule	0xffffffffc05bc0e0	0x0	ib_core
__pfx_rdma_build_skb	0xffffffffc05bc0f0	0x0	ib_core
rdma_build_skb	0xffffffffc05bc100	0x0	ib_core
__pfx_rdma_lag_put_ah_roce_slave	0xffffffffc05bc380	0x0	ib_core
rdma_lag_put_ah_roce_slave	0xffffffffc05bc390	0x0	ib_core
__pfx_rdma_lag_get_ah_roce_slave	0xffffffffc05bc3b0	0x0	ib_core
rdma_lag_get_ah_roce_slave	0xffffffffc05bc3c0	0x0	ib_core
__pfx_enforce_qp_pkey_security	0xffffffffc05bc520	0x0	ib_core
enforce_qp_pkey_security	0xffffffffc05bc530	0x0	ib_core
__pfx_qp_to_error	0xffffffffc05bc5b0	0x0	ib_core
qp_to_error	0xffffffffc05bc5c0	0x0	ib_core
__pfx_ib_create_qp_security	0xffffffffc05bc720	0x0	ib_core
ib_create_qp_security	0xffffffffc05bc730	0x0	ib_core
__pfx_check_qp_port_pkey_settings	0xffffffffc05bc8a0	0x0	ib_core
check_qp_port_pkey_settings	0xffffffffc05bc8b0	0x0	ib_core
__pfx_get_pkey_idx_qp_list	0xffffffffc05bc9b0	0x0	ib_core
get_pkey_idx_qp_list	0xffffffffc05bc9c0	0x0	ib_core
__pfx_check_pkey_qps	0xffffffffc05bca40	0x0	ib_core
check_pkey_qps	0xffffffffc05bca50	0x0	ib_core
__pfx_port_pkey_list_insert	0xffffffffc05bcbf0	0x0	ib_core
port_pkey_list_insert	0xffffffffc05bcc00	0x0	ib_core
__pfx_ib_open_shared_qp_security	0xffffffffc05bcda0	0x0	ib_core
ib_open_shared_qp_security	0xffffffffc05bcdb0	0x0	ib_core
__pfx_ib_close_shared_qp_security	0xffffffffc05bceb0	0x0	ib_core
ib_close_shared_qp_security	0xffffffffc05bcec0	0x0	ib_core
__pfx_ib_destroy_qp_security_begin	0xffffffffc05bcf50	0x0	ib_core
ib_destroy_qp_security_begin	0xffffffffc05bcf60	0x0	ib_core
__pfx_ib_destroy_qp_security_abort	0xffffffffc05bd070	0x0	ib_core
ib_destroy_qp_security_abort	0xffffffffc05bd080	0x0	ib_core
__pfx_ib_destroy_qp_security_end	0xffffffffc05bd130	0x0	ib_core
ib_destroy_qp_security_end	0xffffffffc05bd140	0x0	ib_core
__pfx_ib_security_cache_change	0xffffffffc05bd1b0	0x0	ib_core
ib_security_cache_change	0xffffffffc05bd1c0	0x0	ib_core
__pfx_ib_security_release_port_pkey_list	0xffffffffc05bd240	0x0	ib_core
ib_security_release_port_pkey_list	0xffffffffc05bd250	0x0	ib_core
__pfx_ib_security_modify_qp	0xffffffffc05bd330	0x0	ib_core
ib_security_modify_qp	0xffffffffc05bd340	0x0	ib_core
__pfx_ib_mad_agent_security_change	0xffffffffc05bd7a0	0x0	ib_core
ib_mad_agent_security_change	0xffffffffc05bd7b0	0x0	ib_core
__pfx_ib_mad_agent_security_setup	0xffffffffc05bd830	0x0	ib_core
ib_mad_agent_security_setup	0xffffffffc05bd840	0x0	ib_core
__pfx_ib_mad_agent_security_cleanup	0xffffffffc05bd930	0x0	ib_core
ib_mad_agent_security_cleanup	0xffffffffc05bd940	0x0	ib_core
__pfx_ib_mad_enforce_security	0xffffffffc05bd9e0	0x0	ib_core
ib_mad_enforce_security	0xffffffffc05bd9f0	0x0	ib_core
__pfx_ib_rdmacg_try_charge	0xffffffffc05bdac0	0x0	ib_core
ib_rdmacg_try_charge	0xffffffffc05bdad0	0x0	ib_core
__pfx_ib_rdmacg_uncharge	0xffffffffc05bdaf0	0x0	ib_core
ib_rdmacg_uncharge	0xffffffffc05bdb00	0x0	ib_core
__pfx_ib_device_register_rdmacg	0xffffffffc05bdb20	0x0	ib_core
ib_device_register_rdmacg	0xffffffffc05bdb30	0x0	ib_core
__pfx_ib_device_unregister_rdmacg	0xffffffffc05bdb60	0x0	ib_core
ib_device_unregister_rdmacg	0xffffffffc05bdb70	0x0	ib_core
ib_pack.cold	0xffffffffc05bdb8b	0x0	ib_core
ib_unpack.cold	0xffffffffc05bdc86	0x0	ib_core
__rdma_block_iter_next.cold	0xffffffffc05bdd29	0x0	ib_core
create_qp.cold	0xffffffffc05bdd87	0x0	ib_core
__ib_drain_srq.cold	0xffffffffc05bdd9c	0x0	ib_core
__ib_drain_sq.cold	0xffffffffc05bddd9	0x0	ib_core
__ib_drain_rq.cold	0xffffffffc05bde19	0x0	ib_core
__ib_alloc_pd.cold	0xffffffffc05bde59	0x0	ib_core
ib_cq_completion_direct.cold	0xffffffffc05bde6d	0x0	ib_core
ib_free_cq.cold	0xffffffffc05bde82	0x0	ib_core
rdma_rw_ctx_signature_init.cold	0xffffffffc05bdeb2	0x0	ib_core
rdma_rw_mr_factor.cold	0xffffffffc05bdf09	0x0	ib_core
rdma_rw_init_mr_wrs.cold	0xffffffffc05bdf24	0x0	ib_core
rdma_rw_ctx_init.cold	0xffffffffc05bdfc4	0x0	ib_core
rdma_rw_init_qp.cold	0xffffffffc05bdfdf	0x0	ib_core
rdma_rw_init_mrs.cold	0xffffffffc05bdff4	0x0	ib_core
show_pma_counter.cold	0xffffffffc05be009	0x0	ib_core
rdma_dev_access_netns.cold	0xffffffffc05be027	0x0	ib_core
rdma_dev_has_raw_cap.cold	0xffffffffc05be042	0x0	ib_core
_ib_alloc_device.cold	0xffffffffc05be057	0x0	ib_core
add_one_compat_dev.cold	0xffffffffc05be06c	0x0	ib_core
ib_device_get_by_index.cold	0xffffffffc05be081	0x0	ib_core
rdma_compatdev_set.cold	0xffffffffc05be096	0x0	ib_core
ib_device_set_netns_put.cold	0xffffffffc05be0ab	0x0	ib_core
ib_enum_all_devs.cold	0xffffffffc05be0c0	0x0	ib_core
gid_table_reserve_default.cold	0xffffffffc05be0e5	0x0	ib_core
gid_table_release_one.cold	0xffffffffc05be10c	0x0	ib_core
ib_cache_event_task.cold	0xffffffffc05be135	0x0	ib_core
netdevice_event.cold	0xffffffffc05be153	0x0	ib_core
process_one_req.cold	0xffffffffc05be176	0x0	ib_core
rdma_resolve_ip.cold	0xffffffffc05be19c	0x0	ib_core
roce_resolve_route_from_path.cold	0xffffffffc05be1c2	0x0	ib_core
ib_sa_classport_info_rec_callback.cold	0xffffffffc05be1d7	0x0	ib_core
free_sm_ah.cold	0xffffffffc05be209	0x0	ib_core
update_sm_ah.cold	0xffffffffc05be21e	0x0	ib_core
ib_sa_path_rec_get.cold	0xffffffffc05be244	0x0	ib_core
update_ib_cpi.cold	0xffffffffc05be27d	0x0	ib_core
handle_send_state.cold	0xffffffffc05be2af	0x0	ib_core
ib_mad_port_close.cold	0xffffffffc05be2c4	0x0	ib_core
ib_mad_post_receive_mads.cold	0xffffffffc05be2d9	0x0	ib_core
ib_mad_port_open.cold	0xffffffffc05be2ed	0x0	ib_core
rcv_has_same_gid.isra.0.cold	0xffffffffc05be301	0x0	ib_core
ib_send_mad.cold	0xffffffffc05be32e	0x0	ib_core
change_mad_state.cold	0xffffffffc05be360	0x0	ib_core
timeout_sends.cold	0xffffffffc05be3b4	0x0	ib_core
unregister_mad_agent.cold	0xffffffffc05be3c9	0x0	ib_core
ib_mark_mad_done.cold	0xffffffffc05be3ec	0x0	ib_core
ib_modify_mad.cold	0xffffffffc05be431	0x0	ib_core
ib_mad_complete_send_wr.cold	0xffffffffc05be44e	0x0	ib_core
agent_send_handler.cold	0xffffffffc05be462	0x0	ib_core
agent_send_response.cold	0xffffffffc05be477	0x0	ib_core
destroy_rmpp_recv.cold	0xffffffffc05be48b	0x0	ib_core
alloc_response_msg.cold	0xffffffffc05be4a0	0x0	ib_core
nack_recv.cold	0xffffffffc05be4b5	0x0	ib_core
ack_ds_ack.cold	0xffffffffc05be4ca	0x0	ib_core
ib_rmpp_send_handler.cold	0xffffffffc05be4df	0x0	ib_core
rdma_nl_get_privileged_qkey.cold	0xffffffffc05be4f4	0x0	ib_core
nldev_sys_get_doit.part.0.cold	0xffffffffc05be518	0x0	ib_core
stat_get_doit_qp.cold	0xffffffffc05be540	0x0	ib_core
fill_res_name_pid.cold	0xffffffffc05be55c	0x0	ib_core
fill_res_ctx_entry.cold	0xffffffffc05be571	0x0	ib_core
fill_res_pd_entry.cold	0xffffffffc05be586	0x0	ib_core
fill_res_mr_entry.cold	0xffffffffc05be59b	0x0	ib_core
fill_res_cq_entry.cold	0xffffffffc05be5b0	0x0	ib_core
fill_res_qp_entry.cold	0xffffffffc05be5da	0x0	ib_core
res_to_dev.cold	0xffffffffc05be5f5	0x0	ib_core
rdma_restrack_del.cold	0xffffffffc05be60a	0x0	ib_core
rdma_restrack_parent_name.cold	0xffffffffc05be61f	0x0	ib_core
rdma_restrack_add.cold	0xffffffffc05be634	0x0	ib_core
rdma_counter_set_auto_mode.cold	0xffffffffc05be64d	0x0	ib_core
rdma_counter_bind_qp_auto.cold	0xffffffffc05be698	0x0	ib_core
rdma_counter_bind_qpn.cold	0xffffffffc05be6cb	0x0	ib_core
rdma_counter_get_mode.cold	0xffffffffc05be6fb	0x0	ib_core
rdma_user_mmap_entry_get_pgoff.cold	0xffffffffc05be717	0x0	ib_core
trace_raw_output_cq_process.cold	0xffffffffc05be72c	0x0	ib_core
qp_to_error.cold	0xffffffffc05be741	0x0	ib_core
check_pkey_qps.cold	0xffffffffc05be755	0x0	ib_core
ib_security_modify_qp.cold	0xffffffffc05be76e	0x0	ib_core
ib_mad_enforce_security.cold	0xffffffffc05be791	0x0	ib_core
__pfx_ib_core_cleanup	0xffffffffc05be9b0	0x0	ib_core
__pfx_cleanup_module	0xffffffffc05be9b0	0x0	ib_core
ib_core_cleanup	0xffffffffc05be9c0	0x0	ib_core
cleanup_module	0xffffffffc05be9c0	0x0	ib_core
__pfx_roce_gid_mgmt_cleanup	0xffffffffc05bea80	0x0	ib_core
roce_gid_mgmt_cleanup	0xffffffffc05bea90	0x0	ib_core
__SCT__tp_func_ib_mad_error_handler	0xffffffffc05beacc	0x0	ib_core
__SCT__tp_func_ib_mad_ib_send_mad	0xffffffffc05bead4	0x0	ib_core
__SCT__tp_func_ib_mad_send_done_resend	0xffffffffc05beadc	0x0	ib_core
__SCT__tp_func_ib_mad_send_done_handler	0xffffffffc05beae4	0x0	ib_core
__SCT__tp_func_ib_mad_recv_done_handler	0xffffffffc05beaec	0x0	ib_core
__SCT__tp_func_ib_mad_recv_done_agent	0xffffffffc05beaf4	0x0	ib_core
__SCT__tp_func_ib_mad_send_done_agent	0xffffffffc05beafc	0x0	ib_core
__SCT__tp_func_ib_mad_create_agent	0xffffffffc05beb04	0x0	ib_core
__SCT__tp_func_ib_mad_unregister_agent	0xffffffffc05beb0c	0x0	ib_core
__SCT__tp_func_ib_mad_handle_opa_smi	0xffffffffc05beb14	0x0	ib_core
__SCT__tp_func_ib_mad_handle_out_opa_smi	0xffffffffc05beb1c	0x0	ib_core
__SCT__tp_func_ib_mad_handle_ib_smi	0xffffffffc05beb24	0x0	ib_core
__SCT__tp_func_ib_mad_handle_out_ib_smi	0xffffffffc05beb2c	0x0	ib_core
__SCT__tp_func_cq_schedule	0xffffffffc05beb34	0x0	ib_core
__SCT__tp_func_cq_reschedule	0xffffffffc05beb3c	0x0	ib_core
__SCT__tp_func_cq_process	0xffffffffc05beb44	0x0	ib_core
__SCT__tp_func_cq_poll	0xffffffffc05beb4c	0x0	ib_core
__SCT__tp_func_cq_drain_complete	0xffffffffc05beb54	0x0	ib_core
__SCT__tp_func_cq_modify	0xffffffffc05beb5c	0x0	ib_core
__SCT__tp_func_cq_alloc	0xffffffffc05beb64	0x0	ib_core
__SCT__tp_func_cq_alloc_error	0xffffffffc05beb6c	0x0	ib_core
__SCT__tp_func_cq_free	0xffffffffc05beb74	0x0	ib_core
__SCT__tp_func_mr_alloc	0xffffffffc05beb7c	0x0	ib_core
__SCT__tp_func_mr_integ_alloc	0xffffffffc05beb84	0x0	ib_core
__SCT__tp_func_mr_dereg	0xffffffffc05beb8c	0x0	ib_core
__pfx_ib_uverbs_get_ucontext_file	0xffffffffc05bf000	0x0	ib_uverbs
ib_uverbs_get_ucontext_file	0xffffffffc05bf010	0x0	ib_uverbs
__pfx_ib_uverbs_async_event_fasync	0xffffffffc05bf050	0x0	ib_uverbs
ib_uverbs_async_event_fasync	0xffffffffc05bf060	0x0	ib_uverbs
__pfx_ib_uverbs_mmap	0xffffffffc05bf080	0x0	ib_uverbs
ib_uverbs_mmap	0xffffffffc05bf090	0x0	ib_uverbs
__pfx_rdma_umap_close	0xffffffffc05bf170	0x0	ib_uverbs
rdma_umap_close	0xffffffffc05bf180	0x0	ib_uverbs
__pfx_ib_uverbs_get_nl_info	0xffffffffc05bf200	0x0	ib_uverbs
ib_uverbs_get_nl_info	0xffffffffc05bf210	0x0	ib_uverbs
__pfx_ibdev_show	0xffffffffc05bf290	0x0	ib_uverbs
ibdev_show	0xffffffffc05bf2a0	0x0	ib_uverbs
__pfx_abi_version_show	0xffffffffc05bf330	0x0	ib_uverbs
abi_version_show	0xffffffffc05bf340	0x0	ib_uverbs
__pfx_ib_uverbs_release_dev	0xffffffffc05bf3c0	0x0	ib_uverbs
ib_uverbs_release_dev	0xffffffffc05bf3d0	0x0	ib_uverbs
__pfx_uverbs_devnode	0xffffffffc05bf410	0x0	ib_uverbs
uverbs_devnode	0xffffffffc05bf420	0x0	ib_uverbs
__pfx_ib_uverbs_write	0xffffffffc05bf460	0x0	ib_uverbs
ib_uverbs_write	0xffffffffc05bf470	0x0	ib_uverbs
__pfx_ib_uverbs_async_handler.part.0	0xffffffffc05bfa40	0x0	ib_uverbs
ib_uverbs_async_handler.part.0	0xffffffffc05bfa50	0x0	ib_uverbs
__pfx_ib_uverbs_event_handler	0xffffffffc05bfbb0	0x0	ib_uverbs
ib_uverbs_event_handler	0xffffffffc05bfbc0	0x0	ib_uverbs
__pfx_rdma_umap_open	0xffffffffc05bfbf0	0x0	ib_uverbs
rdma_umap_open	0xffffffffc05bfc00	0x0	ib_uverbs
__pfx_ib_uverbs_open	0xffffffffc05bfd10	0x0	ib_uverbs
ib_uverbs_open	0xffffffffc05bfd20	0x0	ib_uverbs
__pfx_ib_uverbs_comp_event_fasync	0xffffffffc05c0080	0x0	ib_uverbs
ib_uverbs_comp_event_fasync	0xffffffffc05c0090	0x0	ib_uverbs
__pfx_ib_uverbs_add_one	0xffffffffc05c00b0	0x0	ib_uverbs
ib_uverbs_add_one	0xffffffffc05c00c0	0x0	ib_uverbs
__pfx_rdma_umap_fault	0xffffffffc05c03a0	0x0	ib_uverbs
rdma_umap_fault	0xffffffffc05c03b0	0x0	ib_uverbs
__pfx_ib_uverbs_event_poll	0xffffffffc05c0580	0x0	ib_uverbs
ib_uverbs_event_poll	0xffffffffc05c0590	0x0	ib_uverbs
__pfx_ib_uverbs_async_event_poll	0xffffffffc05c0600	0x0	ib_uverbs
ib_uverbs_async_event_poll	0xffffffffc05c0610	0x0	ib_uverbs
__pfx_ib_uverbs_comp_event_poll	0xffffffffc05c0640	0x0	ib_uverbs
ib_uverbs_comp_event_poll	0xffffffffc05c0650	0x0	ib_uverbs
__pfx_ib_uverbs_event_read.isra.0	0xffffffffc05c0680	0x0	ib_uverbs
ib_uverbs_event_read.isra.0	0xffffffffc05c0690	0x0	ib_uverbs
__pfx_ib_uverbs_async_event_read	0xffffffffc05c08d0	0x0	ib_uverbs
ib_uverbs_async_event_read	0xffffffffc05c08e0	0x0	ib_uverbs
__pfx_ib_uverbs_comp_event_read	0xffffffffc05c0910	0x0	ib_uverbs
ib_uverbs_comp_event_read	0xffffffffc05c0920	0x0	ib_uverbs
__pfx_uverbs_dealloc_mw	0xffffffffc05c0950	0x0	ib_uverbs
uverbs_dealloc_mw	0xffffffffc05c0960	0x0	ib_uverbs
__pfx_ib_uverbs_release_uevent	0xffffffffc05c09b0	0x0	ib_uverbs
ib_uverbs_release_uevent	0xffffffffc05c09c0	0x0	ib_uverbs
__pfx_ib_uverbs_release_ucq	0xffffffffc05c0a80	0x0	ib_uverbs
ib_uverbs_release_ucq	0xffffffffc05c0a90	0x0	ib_uverbs
__pfx_ib_uverbs_detach_umcast	0xffffffffc05c0b60	0x0	ib_uverbs
ib_uverbs_detach_umcast	0xffffffffc05c0b70	0x0	ib_uverbs
__pfx_ib_uverbs_release_file	0xffffffffc05c0c10	0x0	ib_uverbs
ib_uverbs_release_file	0xffffffffc05c0c20	0x0	ib_uverbs
__pfx_ib_uverbs_close	0xffffffffc05c0d20	0x0	ib_uverbs
ib_uverbs_close	0xffffffffc05c0d30	0x0	ib_uverbs
__pfx_ib_uverbs_remove_one	0xffffffffc05c0de0	0x0	ib_uverbs
ib_uverbs_remove_one	0xffffffffc05c0df0	0x0	ib_uverbs
__pfx_ib_uverbs_comp_handler	0xffffffffc05c0fd0	0x0	ib_uverbs
ib_uverbs_comp_handler	0xffffffffc05c0fe0	0x0	ib_uverbs
__pfx_ib_uverbs_async_handler	0xffffffffc05c1110	0x0	ib_uverbs
ib_uverbs_async_handler	0xffffffffc05c1120	0x0	ib_uverbs
__pfx_ib_uverbs_cq_event_handler	0xffffffffc05c1140	0x0	ib_uverbs
ib_uverbs_cq_event_handler	0xffffffffc05c1150	0x0	ib_uverbs
__pfx_ib_uverbs_qp_event_handler	0xffffffffc05c1190	0x0	ib_uverbs
ib_uverbs_qp_event_handler	0xffffffffc05c11a0	0x0	ib_uverbs
__pfx_ib_uverbs_wq_event_handler	0xffffffffc05c11f0	0x0	ib_uverbs
ib_uverbs_wq_event_handler	0xffffffffc05c1200	0x0	ib_uverbs
__pfx_ib_uverbs_srq_event_handler	0xffffffffc05c1240	0x0	ib_uverbs
ib_uverbs_srq_event_handler	0xffffffffc05c1250	0x0	ib_uverbs
__pfx_ib_uverbs_init_event_queue	0xffffffffc05c1290	0x0	ib_uverbs
ib_uverbs_init_event_queue	0xffffffffc05c12a0	0x0	ib_uverbs
__pfx_ib_uverbs_init_async_event_file	0xffffffffc05c12f0	0x0	ib_uverbs
ib_uverbs_init_async_event_file	0xffffffffc05c1300	0x0	ib_uverbs
__pfx_uverbs_user_mmap_disassociate	0xffffffffc05c1400	0x0	ib_uverbs
uverbs_user_mmap_disassociate	0xffffffffc05c1410	0x0	ib_uverbs
__pfx_rdma_user_mmap_disassociate	0xffffffffc05c1600	0x0	ib_uverbs
rdma_user_mmap_disassociate	0xffffffffc05c1610	0x0	ib_uverbs
__pfx_flow_resources_add	0xffffffffc05c1690	0x0	ib_uverbs
flow_resources_add	0xffffffffc05c16a0	0x0	ib_uverbs
__pfx_alloc_wr	0xffffffffc05c1730	0x0	ib_uverbs
alloc_wr	0xffffffffc05c1740	0x0	ib_uverbs
__pfx_spec_filter_size	0xffffffffc05c1790	0x0	ib_uverbs
spec_filter_size	0xffffffffc05c17a0	0x0	ib_uverbs
__pfx_uverbs_request_start	0xffffffffc05c17f0	0x0	ib_uverbs
uverbs_request_start	0xffffffffc05c1800	0x0	ib_uverbs
__pfx_uverbs_request	0xffffffffc05c1890	0x0	ib_uverbs
uverbs_request	0xffffffffc05c18a0	0x0	ib_uverbs
__pfx_copy_ah_attr_to_uverbs	0xffffffffc05c1980	0x0	ib_uverbs
copy_ah_attr_to_uverbs	0xffffffffc05c1990	0x0	ib_uverbs
__pfx_ib_uverbs_flow_resources_free.part.0	0xffffffffc05c1a30	0x0	ib_uverbs
ib_uverbs_flow_resources_free.part.0	0xffffffffc05c1a40	0x0	ib_uverbs
__pfx_ib_uverbs_flow_resources_free	0xffffffffc05c1ac0	0x0	ib_uverbs
ib_uverbs_flow_resources_free	0xffffffffc05c1ad0	0x0	ib_uverbs
__pfx_rdma_ah_set_dgid_raw.constprop.0	0xffffffffc05c1af0	0x0	ib_uverbs
rdma_ah_set_dgid_raw.constprop.0	0xffffffffc05c1b00	0x0	ib_uverbs
__pfx_copy_wc_to_user.isra.0	0xffffffffc05c1b20	0x0	ib_uverbs
copy_wc_to_user.isra.0	0xffffffffc05c1b30	0x0	ib_uverbs
__pfx_uverbs_request_next	0xffffffffc05c1c10	0x0	ib_uverbs
uverbs_request_next	0xffffffffc05c1c20	0x0	ib_uverbs
__pfx_copy_ah_attr_from_uverbs	0xffffffffc05c1c90	0x0	ib_uverbs
copy_ah_attr_from_uverbs	0xffffffffc05c1ca0	0x0	ib_uverbs
__pfx_uverbs_request_finish.isra.0	0xffffffffc05c1e70	0x0	ib_uverbs
uverbs_request_finish.isra.0	0xffffffffc05c1e80	0x0	ib_uverbs
__pfx_ib_uverbs_unmarshall_recv	0xffffffffc05c1ef0	0x0	ib_uverbs
ib_uverbs_unmarshall_recv	0xffffffffc05c1f00	0x0	ib_uverbs
__pfx_uverbs_response	0xffffffffc05c2200	0x0	ib_uverbs
uverbs_response	0xffffffffc05c2210	0x0	ib_uverbs
__pfx_ib_uverbs_ex_query_device	0xffffffffc05c22f0	0x0	ib_uverbs
ib_uverbs_ex_query_device	0xffffffffc05c2300	0x0	ib_uverbs
__pfx_ib_uverbs_query_device	0xffffffffc05c2640	0x0	ib_uverbs
ib_uverbs_query_device	0xffffffffc05c2650	0x0	ib_uverbs
__pfx_ib_uverbs_query_port	0xffffffffc05c2870	0x0	ib_uverbs
ib_uverbs_query_port	0xffffffffc05c2880	0x0	ib_uverbs
__pfx_ib_uverbs_ex_destroy_flow	0xffffffffc05c29d0	0x0	ib_uverbs
ib_uverbs_ex_destroy_flow	0xffffffffc05c29e0	0x0	ib_uverbs
__pfx_ib_uverbs_ex_destroy_rwq_ind_table	0xffffffffc05c2a90	0x0	ib_uverbs
ib_uverbs_ex_destroy_rwq_ind_table	0xffffffffc05c2aa0	0x0	ib_uverbs
__pfx_ib_uverbs_dealloc_pd	0xffffffffc05c2b50	0x0	ib_uverbs
ib_uverbs_dealloc_pd	0xffffffffc05c2b60	0x0	ib_uverbs
__pfx_ib_uverbs_dereg_mr	0xffffffffc05c2c00	0x0	ib_uverbs
ib_uverbs_dereg_mr	0xffffffffc05c2c10	0x0	ib_uverbs
__pfx_ib_uverbs_dealloc_mw	0xffffffffc05c2cb0	0x0	ib_uverbs
ib_uverbs_dealloc_mw	0xffffffffc05c2cc0	0x0	ib_uverbs
__pfx_ib_uverbs_destroy_ah	0xffffffffc05c2d60	0x0	ib_uverbs
ib_uverbs_destroy_ah	0xffffffffc05c2d70	0x0	ib_uverbs
__pfx_ib_uverbs_close_xrcd	0xffffffffc05c2e10	0x0	ib_uverbs
ib_uverbs_close_xrcd	0xffffffffc05c2e20	0x0	ib_uverbs
__pfx_ib_uverbs_ex_destroy_wq	0xffffffffc05c2ec0	0x0	ib_uverbs
ib_uverbs_ex_destroy_wq	0xffffffffc05c2ed0	0x0	ib_uverbs
__pfx_ib_uverbs_destroy_srq	0xffffffffc05c2fd0	0x0	ib_uverbs
ib_uverbs_destroy_srq	0xffffffffc05c2fe0	0x0	ib_uverbs
__pfx_ib_uverbs_destroy_qp	0xffffffffc05c30c0	0x0	ib_uverbs
ib_uverbs_destroy_qp	0xffffffffc05c30d0	0x0	ib_uverbs
__pfx_ib_uverbs_ex_modify_cq	0xffffffffc05c31b0	0x0	ib_uverbs
ib_uverbs_ex_modify_cq	0xffffffffc05c31c0	0x0	ib_uverbs
__pfx_ib_uverbs_destroy_cq	0xffffffffc05c32e0	0x0	ib_uverbs
ib_uverbs_destroy_cq	0xffffffffc05c32f0	0x0	ib_uverbs
__pfx_ib_uverbs_create_comp_channel	0xffffffffc05c33e0	0x0	ib_uverbs
ib_uverbs_create_comp_channel	0xffffffffc05c33f0	0x0	ib_uverbs
__pfx_ib_uverbs_req_notify_cq	0xffffffffc05c34d0	0x0	ib_uverbs
ib_uverbs_req_notify_cq	0xffffffffc05c34e0	0x0	ib_uverbs
__pfx_ib_uverbs_modify_srq	0xffffffffc05c35e0	0x0	ib_uverbs
ib_uverbs_modify_srq	0xffffffffc05c35f0	0x0	ib_uverbs
__pfx_ib_uverbs_resize_cq	0xffffffffc05c3710	0x0	ib_uverbs
ib_uverbs_resize_cq	0xffffffffc05c3720	0x0	ib_uverbs
__pfx_ib_uverbs_query_srq	0xffffffffc05c3840	0x0	ib_uverbs
ib_uverbs_query_srq	0xffffffffc05c3850	0x0	ib_uverbs
__pfx_ib_uverbs_ex_modify_wq	0xffffffffc05c3990	0x0	ib_uverbs
ib_uverbs_ex_modify_wq	0xffffffffc05c39a0	0x0	ib_uverbs
__pfx_ib_uverbs_detach_mcast	0xffffffffc05c3b00	0x0	ib_uverbs
ib_uverbs_detach_mcast	0xffffffffc05c3b10	0x0	ib_uverbs
__pfx_ib_uverbs_post_srq_recv	0xffffffffc05c3cc0	0x0	ib_uverbs
ib_uverbs_post_srq_recv	0xffffffffc05c3cd0	0x0	ib_uverbs
__pfx_ib_uverbs_post_recv	0xffffffffc05c3ec0	0x0	ib_uverbs
ib_uverbs_post_recv	0xffffffffc05c3ed0	0x0	ib_uverbs
__pfx_ib_uverbs_poll_cq	0xffffffffc05c40c0	0x0	ib_uverbs
ib_uverbs_poll_cq	0xffffffffc05c40d0	0x0	ib_uverbs
__pfx_ib_uverbs_open_qp	0xffffffffc05c42e0	0x0	ib_uverbs
ib_uverbs_open_qp	0xffffffffc05c42f0	0x0	ib_uverbs
__pfx_modify_qp	0xffffffffc05c4540	0x0	ib_uverbs
modify_qp	0xffffffffc05c4550	0x0	ib_uverbs
__pfx_ib_uverbs_ex_modify_qp	0xffffffffc05c4a50	0x0	ib_uverbs
ib_uverbs_ex_modify_qp	0xffffffffc05c4a60	0x0	ib_uverbs
__pfx_ib_uverbs_modify_qp	0xffffffffc05c4b30	0x0	ib_uverbs
ib_uverbs_modify_qp	0xffffffffc05c4b40	0x0	ib_uverbs
__pfx_ib_uverbs_query_qp	0xffffffffc05c4bd0	0x0	ib_uverbs
ib_uverbs_query_qp	0xffffffffc05c4be0	0x0	ib_uverbs
__pfx_flow_resources_alloc	0xffffffffc05c4ed0	0x0	ib_uverbs
flow_resources_alloc	0xffffffffc05c4ee0	0x0	ib_uverbs
__pfx_ib_uverbs_attach_mcast	0xffffffffc05c4fc0	0x0	ib_uverbs
ib_uverbs_attach_mcast	0xffffffffc05c4fd0	0x0	ib_uverbs
__pfx_ib_uverbs_ex_create_wq	0xffffffffc05c5200	0x0	ib_uverbs
ib_uverbs_ex_create_wq	0xffffffffc05c5210	0x0	ib_uverbs
__pfx_ib_uverbs_alloc_pd	0xffffffffc05c55c0	0x0	ib_uverbs
ib_uverbs_alloc_pd	0xffffffffc05c55d0	0x0	ib_uverbs
__pfx_ib_uverbs_open_xrcd	0xffffffffc05c5750	0x0	ib_uverbs
ib_uverbs_open_xrcd	0xffffffffc05c5760	0x0	ib_uverbs
__pfx_create_cq	0xffffffffc05c5b50	0x0	ib_uverbs
create_cq	0xffffffffc05c5b60	0x0	ib_uverbs
__pfx_ib_uverbs_ex_create_cq	0xffffffffc05c5e90	0x0	ib_uverbs
ib_uverbs_ex_create_cq	0xffffffffc05c5ea0	0x0	ib_uverbs
__pfx_ib_uverbs_create_cq	0xffffffffc05c5f30	0x0	ib_uverbs
ib_uverbs_create_cq	0xffffffffc05c5f40	0x0	ib_uverbs
__pfx_ib_uverbs_reg_mr	0xffffffffc05c6000	0x0	ib_uverbs
ib_uverbs_reg_mr	0xffffffffc05c6010	0x0	ib_uverbs
__pfx_ib_uverbs_alloc_mw	0xffffffffc05c62f0	0x0	ib_uverbs
ib_uverbs_alloc_mw	0xffffffffc05c6300	0x0	ib_uverbs
__pfx_kern_spec_to_ib_spec_action	0xffffffffc05c6530	0x0	ib_uverbs
kern_spec_to_ib_spec_action	0xffffffffc05c6540	0x0	ib_uverbs
__pfx_ib_uverbs_post_send	0xffffffffc05c6750	0x0	ib_uverbs
ib_uverbs_post_send	0xffffffffc05c6760	0x0	ib_uverbs
__pfx___uverbs_create_xsrq	0xffffffffc05c6f00	0x0	ib_uverbs
__uverbs_create_xsrq	0xffffffffc05c6f10	0x0	ib_uverbs
__pfx_ib_uverbs_create_xsrq	0xffffffffc05c7300	0x0	ib_uverbs
ib_uverbs_create_xsrq	0xffffffffc05c7310	0x0	ib_uverbs
__pfx_ib_uverbs_create_srq	0xffffffffc05c7390	0x0	ib_uverbs
ib_uverbs_create_srq	0xffffffffc05c73a0	0x0	ib_uverbs
__pfx_ib_uverbs_create_ah	0xffffffffc05c7470	0x0	ib_uverbs
ib_uverbs_create_ah	0xffffffffc05c7480	0x0	ib_uverbs
__pfx_ib_uverbs_rereg_mr	0xffffffffc05c77a0	0x0	ib_uverbs
ib_uverbs_rereg_mr	0xffffffffc05c77b0	0x0	ib_uverbs
__pfx_create_qp	0xffffffffc05c7b90	0x0	ib_uverbs
create_qp	0xffffffffc05c7ba0	0x0	ib_uverbs
__pfx_ib_uverbs_ex_create_qp	0xffffffffc05c85b0	0x0	ib_uverbs
ib_uverbs_ex_create_qp	0xffffffffc05c85c0	0x0	ib_uverbs
__pfx_ib_uverbs_create_qp	0xffffffffc05c8650	0x0	ib_uverbs
ib_uverbs_create_qp	0xffffffffc05c8660	0x0	ib_uverbs
__pfx_ib_uverbs_ex_create_rwq_ind_table	0xffffffffc05c8740	0x0	ib_uverbs
ib_uverbs_ex_create_rwq_ind_table	0xffffffffc05c8750	0x0	ib_uverbs
__pfx_uverbs_get_cleared_udata	0xffffffffc05c8ae0	0x0	ib_uverbs
uverbs_get_cleared_udata	0xffffffffc05c8af0	0x0	ib_uverbs
__pfx_ib_alloc_ucontext	0xffffffffc05c8b30	0x0	ib_uverbs
ib_alloc_ucontext	0xffffffffc05c8b40	0x0	ib_uverbs
__pfx_ib_init_ucontext	0xffffffffc05c8be0	0x0	ib_uverbs
ib_init_ucontext	0xffffffffc05c8bf0	0x0	ib_uverbs
__pfx_ib_uverbs_get_context	0xffffffffc05c8d50	0x0	ib_uverbs
ib_uverbs_get_context	0xffffffffc05c8d60	0x0	ib_uverbs
__pfx_ib_uverbs_dealloc_xrcd	0xffffffffc05c8eb0	0x0	ib_uverbs
ib_uverbs_dealloc_xrcd	0xffffffffc05c8ec0	0x0	ib_uverbs
__pfx_ib_uverbs_kern_spec_to_ib_spec_filter	0xffffffffc05c8f70	0x0	ib_uverbs
ib_uverbs_kern_spec_to_ib_spec_filter	0xffffffffc05c8f80	0x0	ib_uverbs
__pfx_ib_uverbs_ex_create_flow	0xffffffffc05c9780	0x0	ib_uverbs
ib_uverbs_ex_create_flow	0xffffffffc05c9790	0x0	ib_uverbs
__pfx_rdma_ah_conv_opa_to_ib	0xffffffffc05c9cc0	0x0	ib_uverbs
rdma_ah_conv_opa_to_ib	0xffffffffc05c9cd0	0x0	ib_uverbs
__pfx_ib_copy_ah_attr_to_user	0xffffffffc05c9e00	0x0	ib_uverbs
ib_copy_ah_attr_to_user	0xffffffffc05c9e10	0x0	ib_uverbs
__pfx_ib_copy_qp_attr_to_user	0xffffffffc05c9f80	0x0	ib_uverbs
ib_copy_qp_attr_to_user	0xffffffffc05c9f90	0x0	ib_uverbs
__pfx___ib_copy_path_rec_to_user	0xffffffffc05ca100	0x0	ib_uverbs
__ib_copy_path_rec_to_user	0xffffffffc05ca110	0x0	ib_uverbs
__pfx_ib_copy_path_rec_to_user	0xffffffffc05ca240	0x0	ib_uverbs
ib_copy_path_rec_to_user	0xffffffffc05ca250	0x0	ib_uverbs
__pfx_destroy_hw_fd_uobject	0xffffffffc05ca370	0x0	ib_uverbs
destroy_hw_fd_uobject	0xffffffffc05ca380	0x0	ib_uverbs
__pfx_remove_handle_fd_uobject	0xffffffffc05ca3b0	0x0	ib_uverbs
remove_handle_fd_uobject	0xffffffffc05ca3c0	0x0	ib_uverbs
__pfx_lookup_put_idr_uobject	0xffffffffc05ca3d0	0x0	ib_uverbs
lookup_put_idr_uobject	0xffffffffc05ca3e0	0x0	ib_uverbs
__pfx_uverbs_try_lock_object	0xffffffffc05ca3f0	0x0	ib_uverbs
uverbs_try_lock_object	0xffffffffc05ca400	0x0	ib_uverbs
__pfx_alloc_abort_idr_uobject	0xffffffffc05ca450	0x0	ib_uverbs
alloc_abort_idr_uobject	0xffffffffc05ca460	0x0	ib_uverbs
__pfx_alloc_commit_idr_uobject	0xffffffffc05ca4a0	0x0	ib_uverbs
alloc_commit_idr_uobject	0xffffffffc05ca4b0	0x0	ib_uverbs
__pfx_lookup_put_fd_uobject	0xffffffffc05ca4f0	0x0	ib_uverbs
lookup_put_fd_uobject	0xffffffffc05ca500	0x0	ib_uverbs
__pfx_alloc_abort_fd_uobject	0xffffffffc05ca530	0x0	ib_uverbs
alloc_abort_fd_uobject	0xffffffffc05ca540	0x0	ib_uverbs
__pfx_rdma_uattrs_has_raw_cap	0xffffffffc05ca570	0x0	ib_uverbs
rdma_uattrs_has_raw_cap	0xffffffffc05ca580	0x0	ib_uverbs
__pfx_destroy_hw_idr_uobject	0xffffffffc05ca5f0	0x0	ib_uverbs
destroy_hw_idr_uobject	0xffffffffc05ca600	0x0	ib_uverbs
__pfx_alloc_uobj	0xffffffffc05ca660	0x0	ib_uverbs
alloc_uobj	0xffffffffc05ca670	0x0	ib_uverbs
__pfx_lookup_get_idr_uobject.part.0	0xffffffffc05ca700	0x0	ib_uverbs
lookup_get_idr_uobject.part.0	0xffffffffc05ca710	0x0	ib_uverbs
__pfx_lookup_get_fd_uobject	0xffffffffc05ca790	0x0	ib_uverbs
lookup_get_fd_uobject	0xffffffffc05ca7a0	0x0	ib_uverbs
__pfx_alloc_commit_fd_uobject	0xffffffffc05ca860	0x0	ib_uverbs
alloc_commit_fd_uobject	0xffffffffc05ca870	0x0	ib_uverbs
__pfx_lookup_get_idr_uobject	0xffffffffc05ca8e0	0x0	ib_uverbs
lookup_get_idr_uobject	0xffffffffc05ca8f0	0x0	ib_uverbs
__pfx_uverbs_uobject_put	0xffffffffc05ca960	0x0	ib_uverbs
uverbs_uobject_put	0xffffffffc05ca970	0x0	ib_uverbs
__pfx_remove_handle_idr_uobject	0xffffffffc05ca9c0	0x0	ib_uverbs
remove_handle_idr_uobject	0xffffffffc05ca9d0	0x0	ib_uverbs
__pfx_alloc_begin_fd_uobject	0xffffffffc05caa50	0x0	ib_uverbs
alloc_begin_fd_uobject	0xffffffffc05caa60	0x0	ib_uverbs
__pfx_uverbs_destroy_uobject	0xffffffffc05cab50	0x0	ib_uverbs
uverbs_destroy_uobject	0xffffffffc05cab60	0x0	ib_uverbs
__pfx___uverbs_cleanup_ufile	0xffffffffc05cad80	0x0	ib_uverbs
__uverbs_cleanup_ufile	0xffffffffc05cad90	0x0	ib_uverbs
__pfx_uverbs_uobject_fd_release	0xffffffffc05caef0	0x0	ib_uverbs
uverbs_uobject_fd_release	0xffffffffc05caf00	0x0	ib_uverbs
__pfx_swap_idr_uobjects	0xffffffffc05cb020	0x0	ib_uverbs
swap_idr_uobjects	0xffffffffc05cb030	0x0	ib_uverbs
__pfx_alloc_begin_idr_uobject	0xffffffffc05cb100	0x0	ib_uverbs
alloc_begin_idr_uobject	0xffffffffc05cb110	0x0	ib_uverbs
__pfx_uobj_destroy	0xffffffffc05cb200	0x0	ib_uverbs
uobj_destroy	0xffffffffc05cb210	0x0	ib_uverbs
__pfx_rdma_lookup_get_uobject	0xffffffffc05cb280	0x0	ib_uverbs
rdma_lookup_get_uobject	0xffffffffc05cb290	0x0	ib_uverbs
__pfx_rdma_alloc_begin_uobject	0xffffffffc05cb3f0	0x0	ib_uverbs
rdma_alloc_begin_uobject	0xffffffffc05cb400	0x0	ib_uverbs
__pfx_rdma_alloc_commit_uobject	0xffffffffc05cb490	0x0	ib_uverbs
rdma_alloc_commit_uobject	0xffffffffc05cb4a0	0x0	ib_uverbs
__pfx_rdma_assign_uobject	0xffffffffc05cb560	0x0	ib_uverbs
rdma_assign_uobject	0xffffffffc05cb570	0x0	ib_uverbs
__pfx_rdma_alloc_abort_uobject	0xffffffffc05cb5c0	0x0	ib_uverbs
rdma_alloc_abort_uobject	0xffffffffc05cb5d0	0x0	ib_uverbs
__pfx_rdma_lookup_put_uobject	0xffffffffc05cb640	0x0	ib_uverbs
rdma_lookup_put_uobject	0xffffffffc05cb650	0x0	ib_uverbs
__pfx___uobj_get_destroy	0xffffffffc05cb6e0	0x0	ib_uverbs
__uobj_get_destroy	0xffffffffc05cb6f0	0x0	ib_uverbs
__pfx___uobj_perform_destroy	0xffffffffc05cb7b0	0x0	ib_uverbs
__uobj_perform_destroy	0xffffffffc05cb7c0	0x0	ib_uverbs
__pfx_setup_ufile_idr_uobject	0xffffffffc05cb7f0	0x0	ib_uverbs
setup_ufile_idr_uobject	0xffffffffc05cb800	0x0	ib_uverbs
__pfx_release_ufile_idr_uobject	0xffffffffc05cb830	0x0	ib_uverbs
release_ufile_idr_uobject	0xffffffffc05cb840	0x0	ib_uverbs
__pfx_uverbs_destroy_ufile_hw	0xffffffffc05cb920	0x0	ib_uverbs
uverbs_destroy_ufile_hw	0xffffffffc05cb930	0x0	ib_uverbs
__pfx_uverbs_get_uobject_from_file	0xffffffffc05cba30	0x0	ib_uverbs
uverbs_get_uobject_from_file	0xffffffffc05cba40	0x0	ib_uverbs
__pfx_uverbs_finalize_object	0xffffffffc05cbb50	0x0	ib_uverbs
uverbs_finalize_object	0xffffffffc05cbb60	0x0	ib_uverbs
__pfx_uverbs_destroy_def_handler	0xffffffffc05cbbe0	0x0	ib_uverbs
uverbs_destroy_def_handler	0xffffffffc05cbbf0	0x0	ib_uverbs
__pfx_uverbs_free_xrcd	0xffffffffc05cbc10	0x0	ib_uverbs
uverbs_free_xrcd	0xffffffffc05cbc20	0x0	ib_uverbs
__pfx_uverbs_free_rwq_ind_tbl	0xffffffffc05cbca0	0x0	ib_uverbs
uverbs_free_rwq_ind_tbl	0xffffffffc05cbcb0	0x0	ib_uverbs
__pfx_uverbs_free_flow	0xffffffffc05cbd50	0x0	ib_uverbs
uverbs_free_flow	0xffffffffc05cbd60	0x0	ib_uverbs
__pfx_uverbs_free_mw	0xffffffffc05cbdc0	0x0	ib_uverbs
uverbs_free_mw	0xffffffffc05cbdd0	0x0	ib_uverbs
__pfx_uverbs_free_ah	0xffffffffc05cbdf0	0x0	ib_uverbs
uverbs_free_ah	0xffffffffc05cbe00	0x0	ib_uverbs
__pfx_uverbs_free_pd	0xffffffffc05cbe20	0x0	ib_uverbs
uverbs_free_pd	0xffffffffc05cbe30	0x0	ib_uverbs
__pfx_ib_uverbs_free_event_queue	0xffffffffc05cbe60	0x0	ib_uverbs
ib_uverbs_free_event_queue	0xffffffffc05cbe70	0x0	ib_uverbs
__pfx_uverbs_completion_event_file_destroy_uobj	0xffffffffc05cbf70	0x0	ib_uverbs
uverbs_completion_event_file_destroy_uobj	0xffffffffc05cbf80	0x0	ib_uverbs
__pfx__uverbs_alloc	0xffffffffc05cbfa0	0x0	ib_uverbs
_uverbs_alloc	0xffffffffc05cbfb0	0x0	ib_uverbs
__pfx_uverbs_process_idrs_array	0xffffffffc05cc070	0x0	ib_uverbs
uverbs_process_idrs_array	0xffffffffc05cc080	0x0	ib_uverbs
__pfx_uverbs_process_attr	0xffffffffc05cc220	0x0	ib_uverbs
uverbs_process_attr	0xffffffffc05cc230	0x0	ib_uverbs
__pfx_bundle_destroy	0xffffffffc05cc570	0x0	ib_uverbs
bundle_destroy	0xffffffffc05cc580	0x0	ib_uverbs
__pfx_uverbs_finalize_uobj_create	0xffffffffc05cc750	0x0	ib_uverbs
uverbs_finalize_uobj_create	0xffffffffc05cc760	0x0	ib_uverbs
__pfx__uverbs_get_const_unsigned	0xffffffffc05cc7b0	0x0	ib_uverbs
_uverbs_get_const_unsigned	0xffffffffc05cc7c0	0x0	ib_uverbs
__pfx_uverbs_get_flags64	0xffffffffc05cc8b0	0x0	ib_uverbs
uverbs_get_flags64	0xffffffffc05cc8c0	0x0	ib_uverbs
__pfx__uverbs_get_const_signed	0xffffffffc05cc9c0	0x0	ib_uverbs
_uverbs_get_const_signed	0xffffffffc05cc9d0	0x0	ib_uverbs
__pfx_uverbs_get_flags32	0xffffffffc05ccae0	0x0	ib_uverbs
uverbs_get_flags32	0xffffffffc05ccaf0	0x0	ib_uverbs
__pfx_uverbs_copy_to	0xffffffffc05ccc00	0x0	ib_uverbs
uverbs_copy_to	0xffffffffc05ccc10	0x0	ib_uverbs
__pfx_uverbs_copy_to_struct_or_zero	0xffffffffc05ccd80	0x0	ib_uverbs
uverbs_copy_to_struct_or_zero	0xffffffffc05ccd90	0x0	ib_uverbs
__pfx_uapi_compute_bundle_size	0xffffffffc05cced0	0x0	ib_uverbs
uapi_compute_bundle_size	0xffffffffc05ccee0	0x0	ib_uverbs
__pfx_uverbs_fill_udata	0xffffffffc05ccf30	0x0	ib_uverbs
uverbs_fill_udata	0xffffffffc05ccf40	0x0	ib_uverbs
__pfx_ib_uverbs_run_method	0xffffffffc05cd180	0x0	ib_uverbs
ib_uverbs_run_method	0xffffffffc05cd190	0x0	ib_uverbs
__pfx_ib_uverbs_cmd_verbs	0xffffffffc05cd4c0	0x0	ib_uverbs
ib_uverbs_cmd_verbs	0xffffffffc05cd4d0	0x0	ib_uverbs
__pfx_ib_uverbs_ioctl	0xffffffffc05cd800	0x0	ib_uverbs
ib_uverbs_ioctl	0xffffffffc05cd810	0x0	ib_uverbs
__pfx_uverbs_output_written	0xffffffffc05cd930	0x0	ib_uverbs
uverbs_output_written	0xffffffffc05cd940	0x0	ib_uverbs
__pfx_uverbs_free_cq	0xffffffffc05cda40	0x0	ib_uverbs
uverbs_free_cq	0xffffffffc05cda50	0x0	ib_uverbs
__pfx_ib_uverbs_handler_UVERBS_METHOD_CQ_DESTROY	0xffffffffc05cdaa0	0x0	ib_uverbs
ib_uverbs_handler_UVERBS_METHOD_CQ_DESTROY	0xffffffffc05cdab0	0x0	ib_uverbs
__pfx__uverbs_copy_from	0xffffffffc05cdb30	0x0	ib_uverbs
_uverbs_copy_from	0xffffffffc05cdb40	0x0	ib_uverbs
__pfx_ib_uverbs_handler_UVERBS_METHOD_CQ_CREATE	0xffffffffc05cdbb0	0x0	ib_uverbs
ib_uverbs_handler_UVERBS_METHOD_CQ_CREATE	0xffffffffc05cdbc0	0x0	ib_uverbs
__pfx_uverbs_free_dmah	0xffffffffc05ce220	0x0	ib_uverbs
uverbs_free_dmah	0xffffffffc05ce230	0x0	ib_uverbs
__pfx__uverbs_copy_from	0xffffffffc05ce290	0x0	ib_uverbs
_uverbs_copy_from	0xffffffffc05ce2a0	0x0	ib_uverbs
__pfx_ib_uverbs_handler_UVERBS_METHOD_DMAH_ALLOC	0xffffffffc05ce310	0x0	ib_uverbs
ib_uverbs_handler_UVERBS_METHOD_DMAH_ALLOC	0xffffffffc05ce320	0x0	ib_uverbs
__pfx_uverbs_free_flow_action	0xffffffffc05ce500	0x0	ib_uverbs
uverbs_free_flow_action	0xffffffffc05ce510	0x0	ib_uverbs
__pfx_uverbs_free_dm	0xffffffffc05ce550	0x0	ib_uverbs
uverbs_free_dm	0xffffffffc05ce560	0x0	ib_uverbs
__pfx__uverbs_copy_from	0xffffffffc05ce5a0	0x0	ib_uverbs
_uverbs_copy_from	0xffffffffc05ce5b0	0x0	ib_uverbs
__pfx_ib_uverbs_handler_UVERBS_METHOD_DM_ALLOC	0xffffffffc05ce620	0x0	ib_uverbs
ib_uverbs_handler_UVERBS_METHOD_DM_ALLOC	0xffffffffc05ce630	0x0	ib_uverbs
__pfx_uverbs_free_mr	0xffffffffc05ce750	0x0	ib_uverbs
uverbs_free_mr	0xffffffffc05ce760	0x0	ib_uverbs
__pfx_ib_uverbs_handler_UVERBS_METHOD_QUERY_MR	0xffffffffc05ce780	0x0	ib_uverbs
ib_uverbs_handler_UVERBS_METHOD_QUERY_MR	0xffffffffc05ce790	0x0	ib_uverbs
__pfx_ib_uverbs_handler_UVERBS_METHOD_ADVISE_MR	0xffffffffc05ce860	0x0	ib_uverbs
ib_uverbs_handler_UVERBS_METHOD_ADVISE_MR	0xffffffffc05ce870	0x0	ib_uverbs
__pfx__uverbs_copy_from	0xffffffffc05ce9d0	0x0	ib_uverbs
_uverbs_copy_from	0xffffffffc05ce9e0	0x0	ib_uverbs
__pfx_ib_uverbs_handler_UVERBS_METHOD_REG_DMABUF_MR	0xffffffffc05cea50	0x0	ib_uverbs
ib_uverbs_handler_UVERBS_METHOD_REG_DMABUF_MR	0xffffffffc05cea60	0x0	ib_uverbs
__pfx_ib_uverbs_handler_UVERBS_METHOD_DM_MR_REG	0xffffffffc05ced10	0x0	ib_uverbs
ib_uverbs_handler_UVERBS_METHOD_DM_MR_REG	0xffffffffc05ced20	0x0	ib_uverbs
__pfx_ib_uverbs_handler_UVERBS_METHOD_REG_MR	0xffffffffc05cefc0	0x0	ib_uverbs
ib_uverbs_handler_UVERBS_METHOD_REG_MR	0xffffffffc05cefd0	0x0	ib_uverbs
__pfx_uverbs_free_counters	0xffffffffc05cf3e0	0x0	ib_uverbs
uverbs_free_counters	0xffffffffc05cf3f0	0x0	ib_uverbs
__pfx_ib_uverbs_handler_UVERBS_METHOD_COUNTERS_READ	0xffffffffc05cf440	0x0	ib_uverbs
ib_uverbs_handler_UVERBS_METHOD_COUNTERS_READ	0xffffffffc05cf450	0x0	ib_uverbs
__pfx_ib_uverbs_handler_UVERBS_METHOD_COUNTERS_CREATE	0xffffffffc05cf5b0	0x0	ib_uverbs
ib_uverbs_handler_UVERBS_METHOD_COUNTERS_CREATE	0xffffffffc05cf5c0	0x0	ib_uverbs
__pfx_ib_uverbs_notsupp	0xffffffffc05cf690	0x0	ib_uverbs
ib_uverbs_notsupp	0xffffffffc05cf6a0	0x0	ib_uverbs
__pfx_uapi_remove_range	0xffffffffc05cf6c0	0x0	ib_uverbs
uapi_remove_range	0xffffffffc05cf6d0	0x0	ib_uverbs
__pfx_uapi_finalize_ioctl_method	0xffffffffc05cf7a0	0x0	ib_uverbs
uapi_finalize_ioctl_method	0xffffffffc05cf7b0	0x0	ib_uverbs
__pfx_uapi_add_elm.part.0	0xffffffffc05cf930	0x0	ib_uverbs
uapi_add_elm.part.0	0xffffffffc05cf940	0x0	ib_uverbs
__pfx_uapi_finalize	0xffffffffc05cf9b0	0x0	ib_uverbs
uapi_finalize	0xffffffffc05cf9c0	0x0	ib_uverbs
__pfx_uapi_finalize_disable	0xffffffffc05cfbf0	0x0	ib_uverbs
uapi_finalize_disable	0xffffffffc05cfc00	0x0	ib_uverbs
__pfx_uapi_merge_method.isra.0	0xffffffffc05cfea0	0x0	ib_uverbs
uapi_merge_method.isra.0	0xffffffffc05cfeb0	0x0	ib_uverbs
__pfx_uapi_disable_elm.isra.0	0xffffffffc05d00f0	0x0	ib_uverbs
uapi_disable_elm.isra.0	0xffffffffc05d0100	0x0	ib_uverbs
__pfx_uapi_merge_def	0xffffffffc05d0260	0x0	ib_uverbs
uapi_merge_def	0xffffffffc05d0270	0x0	ib_uverbs
__pfx_uverbs_destroy_api	0xffffffffc05d0700	0x0	ib_uverbs
uverbs_destroy_api	0xffffffffc05d0710	0x0	ib_uverbs
__pfx_uverbs_alloc_api	0xffffffffc05d0750	0x0	ib_uverbs
uverbs_alloc_api	0xffffffffc05d0760	0x0	ib_uverbs
__pfx_uverbs_disassociate_api_pre	0xffffffffc05d08a0	0x0	ib_uverbs
uverbs_disassociate_api_pre	0xffffffffc05d08b0	0x0	ib_uverbs
__pfx_uverbs_disassociate_api	0xffffffffc05d09a0	0x0	ib_uverbs
uverbs_disassociate_api	0xffffffffc05d09b0	0x0	ib_uverbs
__pfx_ib_uverbs_handler_UVERBS_METHOD_QUERY_GID_ENTRY	0xffffffffc05d0aa0	0x0	ib_uverbs
ib_uverbs_handler_UVERBS_METHOD_QUERY_GID_ENTRY	0xffffffffc05d0ab0	0x0	ib_uverbs
__pfx_ib_uverbs_handler_UVERBS_METHOD_QUERY_CONTEXT	0xffffffffc05d0c90	0x0	ib_uverbs
ib_uverbs_handler_UVERBS_METHOD_QUERY_CONTEXT	0xffffffffc05d0ca0	0x0	ib_uverbs
__pfx_ib_uverbs_handler_UVERBS_METHOD_INVOKE_WRITE	0xffffffffc05d0d80	0x0	ib_uverbs
ib_uverbs_handler_UVERBS_METHOD_INVOKE_WRITE	0xffffffffc05d0d90	0x0	ib_uverbs
__pfx_ib_uverbs_handler_UVERBS_METHOD_GET_CONTEXT	0xffffffffc05d0ed0	0x0	ib_uverbs
ib_uverbs_handler_UVERBS_METHOD_GET_CONTEXT	0xffffffffc05d0ee0	0x0	ib_uverbs
__pfx_ib_uverbs_handler_UVERBS_METHOD_INFO_HANDLES	0xffffffffc05d0fa0	0x0	ib_uverbs
ib_uverbs_handler_UVERBS_METHOD_INFO_HANDLES	0xffffffffc05d0fb0	0x0	ib_uverbs
__pfx_copy_gid_entries_to_user	0xffffffffc05d11c0	0x0	ib_uverbs
copy_gid_entries_to_user	0xffffffffc05d11d0	0x0	ib_uverbs
__pfx_ib_uverbs_handler_UVERBS_METHOD_QUERY_GID_TABLE	0xffffffffc05d1320	0x0	ib_uverbs
ib_uverbs_handler_UVERBS_METHOD_QUERY_GID_TABLE	0xffffffffc05d1330	0x0	ib_uverbs
__pfx_copy_port_attr_to_resp	0xffffffffc05d14b0	0x0	ib_uverbs
copy_port_attr_to_resp	0xffffffffc05d14c0	0x0	ib_uverbs
__pfx_ib_uverbs_handler_UVERBS_METHOD_QUERY_PORT	0xffffffffc05d15f0	0x0	ib_uverbs
ib_uverbs_handler_UVERBS_METHOD_QUERY_PORT	0xffffffffc05d1600	0x0	ib_uverbs
__pfx_uverbs_async_event_destroy_uobj	0xffffffffc05d1720	0x0	ib_uverbs
uverbs_async_event_destroy_uobj	0xffffffffc05d1730	0x0	ib_uverbs
__pfx_ib_uverbs_handler_UVERBS_METHOD_ASYNC_EVENT_ALLOC	0xffffffffc05d1780	0x0	ib_uverbs
ib_uverbs_handler_UVERBS_METHOD_ASYNC_EVENT_ALLOC	0xffffffffc05d1790	0x0	ib_uverbs
__pfx_uverbs_async_event_release	0xffffffffc05d17d0	0x0	ib_uverbs
uverbs_async_event_release	0xffffffffc05d17e0	0x0	ib_uverbs
__pfx_uverbs_free_srq	0xffffffffc05d1880	0x0	ib_uverbs
uverbs_free_srq	0xffffffffc05d1890	0x0	ib_uverbs
__pfx_ib_uverbs_handler_UVERBS_METHOD_SRQ_DESTROY	0xffffffffc05d18e0	0x0	ib_uverbs
ib_uverbs_handler_UVERBS_METHOD_SRQ_DESTROY	0xffffffffc05d18f0	0x0	ib_uverbs
__pfx__uverbs_copy_from	0xffffffffc05d1960	0x0	ib_uverbs
_uverbs_copy_from	0xffffffffc05d1970	0x0	ib_uverbs
__pfx_ib_uverbs_handler_UVERBS_METHOD_SRQ_CREATE	0xffffffffc05d19e0	0x0	ib_uverbs
ib_uverbs_handler_UVERBS_METHOD_SRQ_CREATE	0xffffffffc05d19f0	0x0	ib_uverbs
__pfx_uverbs_free_wq	0xffffffffc05d1d90	0x0	ib_uverbs
uverbs_free_wq	0xffffffffc05d1da0	0x0	ib_uverbs
__pfx_ib_uverbs_handler_UVERBS_METHOD_WQ_DESTROY	0xffffffffc05d1de0	0x0	ib_uverbs
ib_uverbs_handler_UVERBS_METHOD_WQ_DESTROY	0xffffffffc05d1df0	0x0	ib_uverbs
__pfx__uverbs_copy_from	0xffffffffc05d1e40	0x0	ib_uverbs
_uverbs_copy_from	0xffffffffc05d1e50	0x0	ib_uverbs
__pfx_ib_uverbs_handler_UVERBS_METHOD_WQ_CREATE	0xffffffffc05d1ec0	0x0	ib_uverbs
ib_uverbs_handler_UVERBS_METHOD_WQ_CREATE	0xffffffffc05d1ed0	0x0	ib_uverbs
__pfx_uverbs_free_qp	0xffffffffc05d2200	0x0	ib_uverbs
uverbs_free_qp	0xffffffffc05d2210	0x0	ib_uverbs
__pfx_ib_uverbs_handler_UVERBS_METHOD_QP_DESTROY	0xffffffffc05d22a0	0x0	ib_uverbs
ib_uverbs_handler_UVERBS_METHOD_QP_DESTROY	0xffffffffc05d22b0	0x0	ib_uverbs
__pfx__uverbs_copy_from	0xffffffffc05d2320	0x0	ib_uverbs
_uverbs_copy_from	0xffffffffc05d2330	0x0	ib_uverbs
__pfx__uverbs_copy_from_or_zero.constprop.0	0xffffffffc05d23a0	0x0	ib_uverbs
_uverbs_copy_from_or_zero.constprop.0	0xffffffffc05d23b0	0x0	ib_uverbs
__pfx_ib_uverbs_handler_UVERBS_METHOD_QP_CREATE	0xffffffffc05d24e0	0x0	ib_uverbs
ib_uverbs_handler_UVERBS_METHOD_QP_CREATE	0xffffffffc05d24f0	0x0	ib_uverbs
__pfx_ucaps_devnode	0xffffffffc05d2c30	0x0	ib_uverbs
ucaps_devnode	0xffffffffc05d2c40	0x0	ib_uverbs
__pfx_ucap_dev_release	0xffffffffc05d2c80	0x0	ib_uverbs
ucap_dev_release	0xffffffffc05d2c90	0x0	ib_uverbs
__pfx_ib_release_ucap	0xffffffffc05d2cb0	0x0	ib_uverbs
ib_release_ucap	0xffffffffc05d2cc0	0x0	ib_uverbs
__pfx_ib_create_ucap	0xffffffffc05d2d50	0x0	ib_uverbs
ib_create_ucap	0xffffffffc05d2d60	0x0	ib_uverbs
__pfx_ib_remove_ucap	0xffffffffc05d2fe0	0x0	ib_uverbs
ib_remove_ucap	0xffffffffc05d2ff0	0x0	ib_uverbs
__pfx_ib_cleanup_ucaps	0xffffffffc05d3080	0x0	ib_uverbs
ib_cleanup_ucaps	0xffffffffc05d3090	0x0	ib_uverbs
__pfx_ib_get_ucaps	0xffffffffc05d3130	0x0	ib_uverbs
ib_get_ucaps	0xffffffffc05d3140	0x0	ib_uverbs
__pfx_ib_umem_copy_from	0xffffffffc05d3200	0x0	ib_uverbs
ib_umem_copy_from	0xffffffffc05d3210	0x0	ib_uverbs
__pfx___ib_umem_release	0xffffffffc05d3290	0x0	ib_uverbs
__ib_umem_release	0xffffffffc05d32a0	0x0	ib_uverbs
__pfx_ib_umem_get.part.0	0xffffffffc05d3370	0x0	ib_uverbs
ib_umem_get.part.0	0xffffffffc05d3380	0x0	ib_uverbs
__pfx_ib_umem_get	0xffffffffc05d3730	0x0	ib_uverbs
ib_umem_get	0xffffffffc05d3740	0x0	ib_uverbs
__pfx_ib_umem_release	0xffffffffc05d37e0	0x0	ib_uverbs
ib_umem_release	0xffffffffc05d37f0	0x0	ib_uverbs
__pfx_ib_umem_find_best_pgsz	0xffffffffc05d38a0	0x0	ib_uverbs
ib_umem_find_best_pgsz	0xffffffffc05d38b0	0x0	ib_uverbs
__pfx_ib_umem_dmabuf_map_pages	0xffffffffc05d3a60	0x0	ib_uverbs
ib_umem_dmabuf_map_pages	0xffffffffc05d3a70	0x0	ib_uverbs
__pfx_ib_umem_dmabuf_unmap_pages	0xffffffffc05d3bd0	0x0	ib_uverbs
ib_umem_dmabuf_unmap_pages	0xffffffffc05d3be0	0x0	ib_uverbs
__pfx_ib_umem_dmabuf_unsupported_move_notify	0xffffffffc05d3c70	0x0	ib_uverbs
ib_umem_dmabuf_unsupported_move_notify	0xffffffffc05d3c80	0x0	ib_uverbs
__pfx_ib_umem_dmabuf_revoke	0xffffffffc05d3cd0	0x0	ib_uverbs
ib_umem_dmabuf_revoke	0xffffffffc05d3ce0	0x0	ib_uverbs
__pfx_ib_umem_dmabuf_get_with_dma_device	0xffffffffc05d3d60	0x0	ib_uverbs
ib_umem_dmabuf_get_with_dma_device	0xffffffffc05d3d70	0x0	ib_uverbs
__pfx_ib_umem_dmabuf_get	0xffffffffc05d3f00	0x0	ib_uverbs
ib_umem_dmabuf_get	0xffffffffc05d3f10	0x0	ib_uverbs
__pfx_ib_umem_dmabuf_get_pinned_with_dma_device	0xffffffffc05d3f40	0x0	ib_uverbs
ib_umem_dmabuf_get_pinned_with_dma_device	0xffffffffc05d3f50	0x0	ib_uverbs
__pfx_ib_umem_dmabuf_get_pinned	0xffffffffc05d4000	0x0	ib_uverbs
ib_umem_dmabuf_get_pinned	0xffffffffc05d4010	0x0	ib_uverbs
__pfx_ib_umem_dmabuf_release	0xffffffffc05d4040	0x0	ib_uverbs
ib_umem_dmabuf_release	0xffffffffc05d4050	0x0	ib_uverbs
__pfx_ib_init_umem_odp	0xffffffffc05d4090	0x0	ib_uverbs
ib_init_umem_odp	0xffffffffc05d40a0	0x0	ib_uverbs
__pfx_ib_umem_odp_unmap_dma_pages	0xffffffffc05d4220	0x0	ib_uverbs
ib_umem_odp_unmap_dma_pages	0xffffffffc05d4230	0x0	ib_uverbs
__pfx_ib_umem_odp_release	0xffffffffc05d4390	0x0	ib_uverbs
ib_umem_odp_release	0xffffffffc05d43a0	0x0	ib_uverbs
__pfx_ib_umem_odp_map_dma_and_lock	0xffffffffc05d4450	0x0	ib_uverbs
ib_umem_odp_map_dma_and_lock	0xffffffffc05d4460	0x0	ib_uverbs
__pfx_ib_umem_odp_alloc_child	0xffffffffc05d4860	0x0	ib_uverbs
ib_umem_odp_alloc_child	0xffffffffc05d4870	0x0	ib_uverbs
__pfx_ib_umem_odp_get	0xffffffffc05d4a30	0x0	ib_uverbs
ib_umem_odp_get	0xffffffffc05d4a40	0x0	ib_uverbs
__pfx_ib_umem_odp_alloc_implicit	0xffffffffc05d4b80	0x0	ib_uverbs
ib_umem_odp_alloc_implicit	0xffffffffc05d4b90	0x0	ib_uverbs
__pfx_ib_uverbs_cleanup	0xffffffffc05d4ca0	0x0	ib_uverbs
__pfx_cleanup_module	0xffffffffc05d4ca0	0x0	ib_uverbs
ib_uverbs_cleanup	0xffffffffc05d4cb0	0x0	ib_uverbs
cleanup_module	0xffffffffc05d4cb0	0x0	ib_uverbs
ib_uverbs_write.cold	0xffffffffc05d4cfb	0x0	ib_uverbs
ib_uverbs_kern_spec_to_ib_spec_filter.cold	0xffffffffc05d4d0f	0x0	ib_uverbs
uverbs_free_rwq_ind_tbl.cold	0xffffffffc05d4e8f	0x0	ib_uverbs
uapi_merge_def.cold	0xffffffffc05d4ea8	0x0	ib_uverbs
ib_create_ucap.cold	0xffffffffc05d4ecb	0x0	ib_uverbs
ib_cleanup_ucaps.cold	0xffffffffc05d4edf	0x0	ib_uverbs
ib_umem_find_best_pgsz.cold	0xffffffffc05d4ef3	0x0	ib_uverbs
ib_init_umem_odp.cold	0xffffffffc05d4f47	0x0	ib_uverbs
ib_umem_odp_unmap_dma_pages.cold	0xffffffffc05d4f8e	0x0	ib_uverbs
ib_umem_odp_release.cold	0xffffffffc05d4fc8	0x0	ib_uverbs
ib_umem_odp_map_dma_and_lock.cold	0xffffffffc05d4fdd	0x0	ib_uverbs
ib_umem_odp_alloc_child.cold	0xffffffffc05d5105	0x0	ib_uverbs
__pfx_mana_ib_remove	0xffffffffc05d6000	0x0	mana_ib
mana_ib_remove	0xffffffffc05d6010	0x0	mana_ib
__pfx_mana_ib_netdev_event	0xffffffffc05d60a0	0x0	mana_ib
mana_ib_netdev_event	0xffffffffc05d60b0	0x0	mana_ib
__pfx_addrconf_addr_eui48_base	0xffffffffc05d6190	0x0	mana_ib
addrconf_addr_eui48_base	0xffffffffc05d61a0	0x0	mana_ib
__pfx_mana_ib_probe	0xffffffffc05d61d0	0x0	mana_ib
mana_ib_probe	0xffffffffc05d61e0	0x0	mana_ib
__pfx_mana_ib_event_handler	0xffffffffc05d6620	0x0	mana_ib
mana_ib_event_handler	0xffffffffc05d6630	0x0	mana_ib
__pfx_mana_ib_uncfg_vport	0xffffffffc05d67a0	0x0	mana_ib
mana_ib_uncfg_vport	0xffffffffc05d67b0	0x0	mana_ib
__pfx_mana_ib_cfg_vport	0xffffffffc05d6860	0x0	mana_ib
mana_ib_cfg_vport	0xffffffffc05d6870	0x0	mana_ib
__pfx_mana_ib_alloc_pd	0xffffffffc05d6a10	0x0	mana_ib
mana_ib_alloc_pd	0xffffffffc05d6a20	0x0	mana_ib
__pfx_mana_ib_dealloc_pd	0xffffffffc05d6b70	0x0	mana_ib
mana_ib_dealloc_pd	0xffffffffc05d6b80	0x0	mana_ib
__pfx_mana_ib_alloc_ucontext	0xffffffffc05d6c90	0x0	mana_ib
mana_ib_alloc_ucontext	0xffffffffc05d6ca0	0x0	mana_ib
__pfx_mana_ib_dealloc_ucontext	0xffffffffc05d6e10	0x0	mana_ib
mana_ib_dealloc_ucontext	0xffffffffc05d6e20	0x0	mana_ib
__pfx_mana_ib_create_kernel_queue	0xffffffffc05d6f60	0x0	mana_ib
mana_ib_create_kernel_queue	0xffffffffc05d6f70	0x0	mana_ib
__pfx_mana_ib_gd_destroy_dma_region	0xffffffffc05d7010	0x0	mana_ib
mana_ib_gd_destroy_dma_region	0xffffffffc05d7020	0x0	mana_ib
__pfx_mana_ib_destroy_queue	0xffffffffc05d7080	0x0	mana_ib
mana_ib_destroy_queue	0xffffffffc05d7090	0x0	mana_ib
__pfx_mana_ib_gd_create_dma_region	0xffffffffc05d70e0	0x0	mana_ib
mana_ib_gd_create_dma_region	0xffffffffc05d70f0	0x0	mana_ib
__pfx_mana_ib_create_dma_region	0xffffffffc05d7670	0x0	mana_ib
mana_ib_create_dma_region	0xffffffffc05d7680	0x0	mana_ib
__pfx_mana_ib_create_zero_offset_dma_region	0xffffffffc05d76f0	0x0	mana_ib
mana_ib_create_zero_offset_dma_region	0xffffffffc05d7700	0x0	mana_ib
__pfx_mana_ib_create_queue	0xffffffffc05d7770	0x0	mana_ib
mana_ib_create_queue	0xffffffffc05d7780	0x0	mana_ib
__pfx_mana_ib_mmap	0xffffffffc05d7880	0x0	mana_ib
mana_ib_mmap	0xffffffffc05d7890	0x0	mana_ib
__pfx_mana_ib_get_port_immutable	0xffffffffc05d79b0	0x0	mana_ib
mana_ib_get_port_immutable	0xffffffffc05d79c0	0x0	mana_ib
__pfx_mana_ib_query_device	0xffffffffc05d7a70	0x0	mana_ib
mana_ib_query_device	0xffffffffc05d7a80	0x0	mana_ib
__pfx_mana_ib_query_port	0xffffffffc05d7bb0	0x0	mana_ib
mana_ib_query_port	0xffffffffc05d7bc0	0x0	mana_ib
__pfx_mana_ib_get_link_layer	0xffffffffc05d7d40	0x0	mana_ib
mana_ib_get_link_layer	0xffffffffc05d7d50	0x0	mana_ib
__pfx_mana_ib_query_pkey	0xffffffffc05d7d70	0x0	mana_ib
mana_ib_query_pkey	0xffffffffc05d7d80	0x0	mana_ib
__pfx_mana_ib_query_gid	0xffffffffc05d7db0	0x0	mana_ib
mana_ib_query_gid	0xffffffffc05d7dc0	0x0	mana_ib
__pfx_mana_ib_disassociate_ucontext	0xffffffffc05d7de0	0x0	mana_ib
mana_ib_disassociate_ucontext	0xffffffffc05d7df0	0x0	mana_ib
__pfx_mana_ib_gd_query_adapter_caps	0xffffffffc05d7e00	0x0	mana_ib
mana_ib_gd_query_adapter_caps	0xffffffffc05d7e10	0x0	mana_ib
__pfx_mana_eth_query_adapter_caps	0xffffffffc05d7fb0	0x0	mana_ib
mana_eth_query_adapter_caps	0xffffffffc05d7fc0	0x0	mana_ib
__pfx_mana_ib_create_eqs	0xffffffffc05d80e0	0x0	mana_ib
mana_ib_create_eqs	0xffffffffc05d80f0	0x0	mana_ib
__pfx_mana_ib_destroy_eqs	0xffffffffc05d82a0	0x0	mana_ib
mana_ib_destroy_eqs	0xffffffffc05d82b0	0x0	mana_ib
__pfx_mana_ib_gd_create_rnic_adapter	0xffffffffc05d8330	0x0	mana_ib
mana_ib_gd_create_rnic_adapter	0xffffffffc05d8340	0x0	mana_ib
__pfx_mana_ib_gd_destroy_rnic_adapter	0xffffffffc05d8450	0x0	mana_ib
mana_ib_gd_destroy_rnic_adapter	0xffffffffc05d8460	0x0	mana_ib
__pfx_mana_ib_gd_add_gid	0xffffffffc05d8550	0x0	mana_ib
mana_ib_gd_add_gid	0xffffffffc05d8560	0x0	mana_ib
__pfx_mana_ib_gd_del_gid	0xffffffffc05d8780	0x0	mana_ib
mana_ib_gd_del_gid	0xffffffffc05d8790	0x0	mana_ib
__pfx_mana_ib_gd_config_mac	0xffffffffc05d89b0	0x0	mana_ib
mana_ib_gd_config_mac	0xffffffffc05d89c0	0x0	mana_ib
__pfx_mana_ib_gd_create_cq	0xffffffffc05d8ad0	0x0	mana_ib
mana_ib_gd_create_cq	0xffffffffc05d8ae0	0x0	mana_ib
__pfx_mana_ib_gd_destroy_cq	0xffffffffc05d8c30	0x0	mana_ib
mana_ib_gd_destroy_cq	0xffffffffc05d8c40	0x0	mana_ib
__pfx_mana_ib_gd_create_rc_qp	0xffffffffc05d8d40	0x0	mana_ib
mana_ib_gd_create_rc_qp	0xffffffffc05d8d50	0x0	mana_ib
__pfx_mana_ib_gd_destroy_rc_qp	0xffffffffc05d8fa0	0x0	mana_ib
mana_ib_gd_destroy_rc_qp	0xffffffffc05d8fb0	0x0	mana_ib
__pfx_mana_ib_gd_create_ud_qp	0xffffffffc05d90a0	0x0	mana_ib
mana_ib_gd_create_ud_qp	0xffffffffc05d90b0	0x0	mana_ib
__pfx_mana_ib_gd_destroy_ud_qp	0xffffffffc05d9250	0x0	mana_ib
mana_ib_gd_destroy_ud_qp	0xffffffffc05d9260	0x0	mana_ib
__pfx_mana_ib_create_wq	0xffffffffc05d9350	0x0	mana_ib
mana_ib_create_wq	0xffffffffc05d9360	0x0	mana_ib
__pfx_mana_ib_modify_wq	0xffffffffc05d9500	0x0	mana_ib
mana_ib_modify_wq	0xffffffffc05d9510	0x0	mana_ib
__pfx_mana_ib_destroy_wq	0xffffffffc05d9530	0x0	mana_ib
mana_ib_destroy_wq	0xffffffffc05d9540	0x0	mana_ib
__pfx_mana_ib_create_rwq_ind_table	0xffffffffc05d9570	0x0	mana_ib
mana_ib_create_rwq_ind_table	0xffffffffc05d9580	0x0	mana_ib
__pfx_mana_ib_destroy_rwq_ind_table	0xffffffffc05d95a0	0x0	mana_ib
mana_ib_destroy_rwq_ind_table	0xffffffffc05d95b0	0x0	mana_ib
__pfx_mana_ib_cfg_vport_steering	0xffffffffc05d95d0	0x0	mana_ib
mana_ib_cfg_vport_steering	0xffffffffc05d95e0	0x0	mana_ib
__pfx_mana_ib_gd_modify_qp.isra.0	0xffffffffc05d9920	0x0	mana_ib
mana_ib_gd_modify_qp.isra.0	0xffffffffc05d9930	0x0	mana_ib
__pfx_mana_ib_create_qp_rss	0xffffffffc05d9d00	0x0	mana_ib
mana_ib_create_qp_rss	0xffffffffc05d9d10	0x0	mana_ib
__pfx_mana_table_remove_qp	0xffffffffc05da440	0x0	mana_ib
mana_table_remove_qp	0xffffffffc05da450	0x0	mana_ib
__pfx_mana_ib_create_qp_raw	0xffffffffc05da580	0x0	mana_ib
mana_ib_create_qp_raw	0xffffffffc05da590	0x0	mana_ib
__pfx_mana_table_store_qp	0xffffffffc05dab60	0x0	mana_ib
mana_table_store_qp	0xffffffffc05dab70	0x0	mana_ib
__pfx_mana_ib_create_ud_qp.isra.0	0xffffffffc05dad00	0x0	mana_ib
mana_ib_create_ud_qp.isra.0	0xffffffffc05dad10	0x0	mana_ib
__pfx_mana_ib_create_rc_qp.isra.0	0xffffffffc05db110	0x0	mana_ib
mana_ib_create_rc_qp.isra.0	0xffffffffc05db120	0x0	mana_ib
__pfx_mana_ib_create_qp	0xffffffffc05db540	0x0	mana_ib
mana_ib_create_qp	0xffffffffc05db550	0x0	mana_ib
__pfx_mana_ib_modify_qp	0xffffffffc05db600	0x0	mana_ib
mana_ib_modify_qp	0xffffffffc05db610	0x0	mana_ib
__pfx_mana_ib_destroy_qp	0xffffffffc05db660	0x0	mana_ib
mana_ib_destroy_qp	0xffffffffc05db670	0x0	mana_ib
__pfx_mana_ib_cq_handler	0xffffffffc05db9d0	0x0	mana_ib
mana_ib_cq_handler	0xffffffffc05db9e0	0x0	mana_ib
__pfx_mana_ib_install_cq_cb	0xffffffffc05dba10	0x0	mana_ib
mana_ib_install_cq_cb	0xffffffffc05dba20	0x0	mana_ib
__pfx_mana_ib_remove_cq_cb	0xffffffffc05dbb10	0x0	mana_ib
mana_ib_remove_cq_cb	0xffffffffc05dbb20	0x0	mana_ib
__pfx_mana_ib_create_cq	0xffffffffc05dbb90	0x0	mana_ib
mana_ib_create_cq	0xffffffffc05dbba0	0x0	mana_ib
__pfx_mana_ib_destroy_cq	0xffffffffc05dbfc0	0x0	mana_ib
mana_ib_destroy_cq	0xffffffffc05dbfd0	0x0	mana_ib
__pfx_mana_ib_arm_cq	0xffffffffc05dc020	0x0	mana_ib
mana_ib_arm_cq	0xffffffffc05dc030	0x0	mana_ib
__pfx_mana_drain_gsi_sqs	0xffffffffc05dc070	0x0	mana_ib
mana_drain_gsi_sqs	0xffffffffc05dc080	0x0	mana_ib
__pfx_mana_ib_poll_cq	0xffffffffc05dc200	0x0	mana_ib
mana_ib_poll_cq	0xffffffffc05dc210	0x0	mana_ib
__pfx_mana_ib_gd_create_mr	0xffffffffc05dc6d0	0x0	mana_ib
mana_ib_gd_create_mr	0xffffffffc05dc6e0	0x0	mana_ib
__pfx_mana_ib_reg_user_mr	0xffffffffc05dc860	0x0	mana_ib
mana_ib_reg_user_mr	0xffffffffc05dc870	0x0	mana_ib
__pfx_mana_ib_reg_user_mr_dmabuf	0xffffffffc05dcb70	0x0	mana_ib
mana_ib_reg_user_mr_dmabuf	0xffffffffc05dcb80	0x0	mana_ib
__pfx_mana_ib_get_dma_mr	0xffffffffc05dcde0	0x0	mana_ib
mana_ib_get_dma_mr	0xffffffffc05dcdf0	0x0	mana_ib
__pfx_mana_ib_dereg_mr	0xffffffffc05dcf10	0x0	mana_ib
mana_ib_dereg_mr	0xffffffffc05dcf20	0x0	mana_ib
__pfx_mana_ib_create_ah	0xffffffffc05dd050	0x0	mana_ib
mana_ib_create_ah	0xffffffffc05dd060	0x0	mana_ib
__pfx_mana_ib_destroy_ah	0xffffffffc05dd220	0x0	mana_ib
mana_ib_destroy_ah	0xffffffffc05dd230	0x0	mana_ib
__pfx_mana_ib_post_recv_ud	0xffffffffc05dd260	0x0	mana_ib
mana_ib_post_recv_ud	0xffffffffc05dd270	0x0	mana_ib
__pfx_mana_ib_post_send_ud	0xffffffffc05dd420	0x0	mana_ib
mana_ib_post_send_ud	0xffffffffc05dd430	0x0	mana_ib
__pfx_mana_ib_post_recv	0xffffffffc05dd7e0	0x0	mana_ib
mana_ib_post_recv	0xffffffffc05dd7f0	0x0	mana_ib
__pfx_mana_ib_post_send	0xffffffffc05dd890	0x0	mana_ib
mana_ib_post_send	0xffffffffc05dd8a0	0x0	mana_ib
__pfx_mana_ib_get_hw_device_stats	0xffffffffc05dd940	0x0	mana_ib
mana_ib_get_hw_device_stats	0xffffffffc05dd950	0x0	mana_ib
__pfx_mana_ib_get_hw_port_stats.isra.0	0xffffffffc05dda70	0x0	mana_ib
mana_ib_get_hw_port_stats.isra.0	0xffffffffc05dda80	0x0	mana_ib
__pfx_mana_ib_alloc_hw_device_stats	0xffffffffc05ddd30	0x0	mana_ib
mana_ib_alloc_hw_device_stats	0xffffffffc05ddd40	0x0	mana_ib
__pfx_mana_ib_alloc_hw_port_stats	0xffffffffc05ddd70	0x0	mana_ib
mana_ib_alloc_hw_port_stats	0xffffffffc05ddd80	0x0	mana_ib
__pfx_mana_ib_get_hw_stats	0xffffffffc05dddb0	0x0	mana_ib
mana_ib_get_hw_stats	0xffffffffc05dddc0	0x0	mana_ib
__pfx_mana_driver_exit	0xffffffffc05dddf0	0x0	mana_ib
__pfx_cleanup_module	0xffffffffc05dddf0	0x0	mana_ib
mana_driver_exit	0xffffffffc05dde00	0x0	mana_ib
cleanup_module	0xffffffffc05dde00	0x0	mana_ib
mana_ib_cfg_vport.cold	0xffffffffc05dde16	0x0	mana_ib
mana_ib_gd_create_dma_region.cold	0xffffffffc05dde2b	0x0	mana_ib
mana_ib_cfg_vport_steering.cold	0xffffffffc05dde5b	0x0	mana_ib
mana_ib_create_qp_rss.cold	0xffffffffc05ddead	0x0	mana_ib
mana_ib_create_ud_qp.isra.0.cold	0xffffffffc05ddee1	0x0	mana_ib
mana_ib_destroy_qp.cold	0xffffffffc05ddeff	0x0	mana_ib
mana_ib_create_cq.cold	0xffffffffc05ddf1d	0x0	mana_ib
mana_ib_poll_cq.cold	0xffffffffc05ddf3b	0x0	mana_ib
__pfx_stp_proto_register	0xffffffffc05de000	0x0	stp
stp_proto_register	0xffffffffc05de010	0x0	stp
__pfx_stp_pdu_rcv	0xffffffffc05de0c0	0x0	stp
stp_pdu_rcv	0xffffffffc05de0d0	0x0	stp
__pfx_stp_proto_unregister	0xffffffffc05de1b0	0x0	stp
stp_proto_unregister	0xffffffffc05de1c0	0x0	stp
__pfx_mrp_attr_cmp	0xffffffffc05df000	0x0	mrp
mrp_attr_cmp	0xffffffffc05df010	0x0	mrp
__pfx_mrp_join_timer_arm	0xffffffffc05df050	0x0	mrp
mrp_join_timer_arm	0xffffffffc05df060	0x0	mrp
__pfx_mrp_register_application	0xffffffffc05df0a0	0x0	mrp
mrp_register_application	0xffffffffc05df0b0	0x0	mrp
__pfx_mrp_unregister_application	0xffffffffc05df0e0	0x0	mrp
mrp_unregister_application	0xffffffffc05df0f0	0x0	mrp
__pfx_mrp_attr_create	0xffffffffc05df110	0x0	mrp
mrp_attr_create	0xffffffffc05df120	0x0	mrp
__pfx_mrp_pdu_append_vecattr_hdr	0xffffffffc05df240	0x0	mrp
mrp_pdu_append_vecattr_hdr	0xffffffffc05df250	0x0	mrp
__pfx_mrp_pdu_append_end_mark.isra.0	0xffffffffc05df310	0x0	mrp
mrp_pdu_append_end_mark.isra.0	0xffffffffc05df320	0x0	mrp
__pfx_mrp_pdu_queue	0xffffffffc05df370	0x0	mrp
mrp_pdu_queue	0xffffffffc05df380	0x0	mrp
__pfx_mrp_init_applicant	0xffffffffc05df420	0x0	mrp
mrp_init_applicant	0xffffffffc05df430	0x0	mrp
__pfx_mrp_request_join	0xffffffffc05df690	0x0	mrp
mrp_request_join	0xffffffffc05df6a0	0x0	mrp
__pfx_mrp_pdu_append_vecattr_event	0xffffffffc05df780	0x0	mrp
mrp_pdu_append_vecattr_event	0xffffffffc05df790	0x0	mrp
__pfx_mrp_attr_event	0xffffffffc05dfab0	0x0	mrp
mrp_attr_event	0xffffffffc05dfac0	0x0	mrp
__pfx_mrp_pdu_parse_vecattr_event	0xffffffffc05dfc00	0x0	mrp
mrp_pdu_parse_vecattr_event	0xffffffffc05dfc10	0x0	mrp
__pfx_mrp_request_leave	0xffffffffc05dfcb0	0x0	mrp
mrp_request_leave	0xffffffffc05dfcc0	0x0	mrp
__pfx_mrp_uninit_applicant	0xffffffffc05dfdd0	0x0	mrp
mrp_uninit_applicant	0xffffffffc05dfde0	0x0	mrp
__pfx_mrp_pdu_parse_vecattr	0xffffffffc05dfff0	0x0	mrp
mrp_pdu_parse_vecattr	0xffffffffc05e0000	0x0	mrp
__pfx_mrp_rcv	0xffffffffc05e02c0	0x0	mrp
mrp_rcv	0xffffffffc05e02d0	0x0	mrp
__pfx_mrp_periodic_timer	0xffffffffc05e0580	0x0	mrp
mrp_periodic_timer	0xffffffffc05e0590	0x0	mrp
__pfx_mrp_join_timer	0xffffffffc05e0670	0x0	mrp
mrp_join_timer	0xffffffffc05e0680	0x0	mrp
mrp_init_applicant.cold	0xffffffffc05e0745	0x0	mrp
mrp_uninit_applicant.cold	0xffffffffc05e0759	0x0	mrp
mrp_periodic_timer.cold	0xffffffffc05e076d	0x0	mrp
mrp_join_timer.cold	0xffffffffc05e0782	0x0	mrp
__pfx_garp_attr_cmp	0xffffffffc05e1000	0x0	garp
garp_attr_cmp	0xffffffffc05e1010	0x0	garp
__pfx_garp_join_timer_arm	0xffffffffc05e1050	0x0	garp
garp_join_timer_arm	0xffffffffc05e1060	0x0	garp
__pfx_garp_register_application	0xffffffffc05e10a0	0x0	garp
garp_register_application	0xffffffffc05e10b0	0x0	garp
__pfx_garp_unregister_application	0xffffffffc05e10e0	0x0	garp
garp_unregister_application	0xffffffffc05e10f0	0x0	garp
__pfx_garp_attr_create	0xffffffffc05e1110	0x0	garp
garp_attr_create	0xffffffffc05e1120	0x0	garp
__pfx_garp_pdu_append_end_mark.isra.0	0xffffffffc05e1230	0x0	garp
garp_pdu_append_end_mark.isra.0	0xffffffffc05e1240	0x0	garp
__pfx_garp_pdu_queue.part.0	0xffffffffc05e1290	0x0	garp
garp_pdu_queue.part.0	0xffffffffc05e12a0	0x0	garp
__pfx_garp_pdu_append_attr	0xffffffffc05e1350	0x0	garp
garp_pdu_append_attr	0xffffffffc05e1360	0x0	garp
__pfx_garp_attr_event	0xffffffffc05e1560	0x0	garp
garp_attr_event	0xffffffffc05e1570	0x0	garp
__pfx_garp_request_join	0xffffffffc05e16b0	0x0	garp
garp_request_join	0xffffffffc05e16c0	0x0	garp
__pfx_garp_init_applicant	0xffffffffc05e1760	0x0	garp
garp_init_applicant	0xffffffffc05e1770	0x0	garp
__pfx_garp_request_leave	0xffffffffc05e1990	0x0	garp
garp_request_leave	0xffffffffc05e19a0	0x0	garp
__pfx_garp_pdu_parse_msg	0xffffffffc05e1a80	0x0	garp
garp_pdu_parse_msg	0xffffffffc05e1a90	0x0	garp
__pfx_garp_uninit_applicant	0xffffffffc05e1d00	0x0	garp
garp_uninit_applicant	0xffffffffc05e1d10	0x0	garp
__pfx_garp_pdu_rcv	0xffffffffc05e1f00	0x0	garp
garp_pdu_rcv	0xffffffffc05e1f10	0x0	garp
__pfx_garp_join_timer	0xffffffffc05e2040	0x0	garp
garp_join_timer	0xffffffffc05e2050	0x0	garp
garp_init_applicant.cold	0xffffffffc05e20f5	0x0	garp
garp_uninit_applicant.cold	0xffffffffc05e2109	0x0	garp
__pfx_vlan_exit_net	0xffffffffc05e3000	0x0	8021q
vlan_exit_net	0xffffffffc05e3010	0x0	8021q
__pfx_vlan_init_net	0xffffffffc05e3030	0x0	8021q
vlan_init_net	0xffffffffc05e3040	0x0	8021q
__pfx_unregister_vlan_dev	0xffffffffc05e3070	0x0	8021q
unregister_vlan_dev	0xffffffffc05e3080	0x0	8021q
__pfx_vlan_device_event	0xffffffffc05e3240	0x0	8021q
vlan_device_event	0xffffffffc05e3250	0x0	8021q
__pfx_vlan_check_real_dev	0xffffffffc05e3bd0	0x0	8021q
vlan_check_real_dev	0xffffffffc05e3be0	0x0	8021q
__pfx_register_vlan_dev	0xffffffffc05e3d10	0x0	8021q
register_vlan_dev	0xffffffffc05e3d20	0x0	8021q
__pfx_register_vlan_device	0xffffffffc05e40b0	0x0	8021q
register_vlan_device	0xffffffffc05e40c0	0x0	8021q
__pfx_vlan_ioctl_handler	0xffffffffc05e42c0	0x0	8021q
vlan_ioctl_handler	0xffffffffc05e42d0	0x0	8021q
__pfx_vlan_dev_change_mtu	0xffffffffc05e4560	0x0	8021q
vlan_dev_change_mtu	0xffffffffc05e4570	0x0	8021q
__pfx_vlan_dev_fix_features	0xffffffffc05e45b0	0x0	8021q
vlan_dev_fix_features	0xffffffffc05e45c0	0x0	8021q
__pfx_vlan_dev_poll_controller	0xffffffffc05e4660	0x0	8021q
vlan_dev_poll_controller	0xffffffffc05e4670	0x0	8021q
__pfx_vlan_dev_get_iflink	0xffffffffc05e4680	0x0	8021q
vlan_dev_get_iflink	0xffffffffc05e4690	0x0	8021q
__pfx_vlan_dev_fill_forward_path	0xffffffffc05e46b0	0x0	8021q
vlan_dev_fill_forward_path	0xffffffffc05e46c0	0x0	8021q
__pfx_vlan_dev_neigh_setup	0xffffffffc05e4780	0x0	8021q
vlan_dev_neigh_setup	0xffffffffc05e4790	0x0	8021q
__pfx_vlan_macsec_get_rx_sa_stats	0xffffffffc05e47d0	0x0	8021q
vlan_macsec_get_rx_sa_stats	0xffffffffc05e47e0	0x0	8021q
__pfx_vlan_macsec_get_rx_sc_stats	0xffffffffc05e4830	0x0	8021q
vlan_macsec_get_rx_sc_stats	0xffffffffc05e4840	0x0	8021q
__pfx_vlan_macsec_get_tx_sa_stats	0xffffffffc05e4890	0x0	8021q
vlan_macsec_get_tx_sa_stats	0xffffffffc05e48a0	0x0	8021q
__pfx_vlan_macsec_get_tx_sc_stats	0xffffffffc05e48f0	0x0	8021q
vlan_macsec_get_tx_sc_stats	0xffffffffc05e4900	0x0	8021q
__pfx_vlan_macsec_get_dev_stats	0xffffffffc05e4950	0x0	8021q
vlan_macsec_get_dev_stats	0xffffffffc05e4960	0x0	8021q
__pfx_vlan_macsec_del_txsa	0xffffffffc05e49b0	0x0	8021q
vlan_macsec_del_txsa	0xffffffffc05e49c0	0x0	8021q
__pfx_vlan_macsec_upd_txsa	0xffffffffc05e4a10	0x0	8021q
vlan_macsec_upd_txsa	0xffffffffc05e4a20	0x0	8021q
__pfx_vlan_macsec_add_txsa	0xffffffffc05e4a70	0x0	8021q
vlan_macsec_add_txsa	0xffffffffc05e4a80	0x0	8021q
__pfx_vlan_macsec_del_rxsa	0xffffffffc05e4ad0	0x0	8021q
vlan_macsec_del_rxsa	0xffffffffc05e4ae0	0x0	8021q
__pfx_vlan_macsec_upd_rxsa	0xffffffffc05e4b30	0x0	8021q
vlan_macsec_upd_rxsa	0xffffffffc05e4b40	0x0	8021q
__pfx_vlan_macsec_add_rxsa	0xffffffffc05e4b90	0x0	8021q
vlan_macsec_add_rxsa	0xffffffffc05e4ba0	0x0	8021q
__pfx_vlan_macsec_del_rxsc	0xffffffffc05e4bf0	0x0	8021q
vlan_macsec_del_rxsc	0xffffffffc05e4c00	0x0	8021q
__pfx_vlan_macsec_upd_rxsc	0xffffffffc05e4c50	0x0	8021q
vlan_macsec_upd_rxsc	0xffffffffc05e4c60	0x0	8021q
__pfx_vlan_macsec_add_rxsc	0xffffffffc05e4cb0	0x0	8021q
vlan_macsec_add_rxsc	0xffffffffc05e4cc0	0x0	8021q
__pfx_vlan_macsec_del_secy	0xffffffffc05e4d10	0x0	8021q
vlan_macsec_del_secy	0xffffffffc05e4d20	0x0	8021q
__pfx_vlan_macsec_upd_secy	0xffffffffc05e4d70	0x0	8021q
vlan_macsec_upd_secy	0xffffffffc05e4d80	0x0	8021q
__pfx_vlan_macsec_add_secy	0xffffffffc05e4dd0	0x0	8021q
vlan_macsec_add_secy	0xffffffffc05e4de0	0x0	8021q
__pfx_vlan_macsec_dev_stop	0xffffffffc05e4e30	0x0	8021q
vlan_macsec_dev_stop	0xffffffffc05e4e40	0x0	8021q
__pfx_vlan_macsec_dev_open	0xffffffffc05e4e90	0x0	8021q
vlan_macsec_dev_open	0xffffffffc05e4ea0	0x0	8021q
__pfx_vlan_ethtool_get_drvinfo	0xffffffffc05e4ef0	0x0	8021q
vlan_ethtool_get_drvinfo	0xffffffffc05e4f00	0x0	8021q
__pfx_vlan_ethtool_get_link_ksettings	0xffffffffc05e4fc0	0x0	8021q
vlan_ethtool_get_link_ksettings	0xffffffffc05e4fd0	0x0	8021q
__pfx_vlan_ethtool_get_ts_info	0xffffffffc05e4ff0	0x0	8021q
vlan_ethtool_get_ts_info	0xffffffffc05e5000	0x0	8021q
__pfx_vlan_dev_free	0xffffffffc05e5020	0x0	8021q
vlan_dev_free	0xffffffffc05e5030	0x0	8021q
__pfx_vlan_hwtstamp_set	0xffffffffc05e5080	0x0	8021q
vlan_hwtstamp_set	0xffffffffc05e5090	0x0	8021q
__pfx_vlan_hwtstamp_get	0xffffffffc05e50d0	0x0	8021q
vlan_hwtstamp_get	0xffffffffc05e50e0	0x0	8021q
__pfx_vlan_dev_netpoll_cleanup	0xffffffffc05e5100	0x0	8021q
vlan_dev_netpoll_cleanup	0xffffffffc05e5110	0x0	8021q
__pfx_vlan_dev_get_stats64	0xffffffffc05e5150	0x0	8021q
vlan_dev_get_stats64	0xffffffffc05e5160	0x0	8021q
__pfx_vlan_dev_ioctl	0xffffffffc05e5250	0x0	8021q
vlan_dev_ioctl	0xffffffffc05e5260	0x0	8021q
__pfx_vlan_dev_set_mac_address	0xffffffffc05e5440	0x0	8021q
vlan_dev_set_mac_address	0xffffffffc05e5450	0x0	8021q
__pfx_vlan_dev_set_rx_mode	0xffffffffc05e5510	0x0	8021q
vlan_dev_set_rx_mode	0xffffffffc05e5520	0x0	8021q
__pfx_vlan_dev_change_rx_flags	0xffffffffc05e5560	0x0	8021q
vlan_dev_change_rx_flags	0xffffffffc05e5570	0x0	8021q
__pfx_vlan_dev_stop	0xffffffffc05e55e0	0x0	8021q
vlan_dev_stop	0xffffffffc05e55f0	0x0	8021q
__pfx_vlan_dev_hard_header	0xffffffffc05e5680	0x0	8021q
vlan_dev_hard_header	0xffffffffc05e5690	0x0	8021q
__pfx_vlan_dev_init	0xffffffffc05e57e0	0x0	8021q
vlan_dev_init	0xffffffffc05e57f0	0x0	8021q
__pfx_vlan_dev_open	0xffffffffc05e5b30	0x0	8021q
vlan_dev_open	0xffffffffc05e5b40	0x0	8021q
__pfx_vlan_parse_protocol	0xffffffffc05e5c70	0x0	8021q
vlan_parse_protocol	0xffffffffc05e5c80	0x0	8021q
__pfx_vlan_dev_netpoll_setup	0xffffffffc05e5d70	0x0	8021q
vlan_dev_netpoll_setup	0xffffffffc05e5d80	0x0	8021q
__pfx_vlan_passthru_hard_header	0xffffffffc05e5e40	0x0	8021q
vlan_passthru_hard_header	0xffffffffc05e5e50	0x0	8021q
__pfx_vlan_dev_hard_start_xmit	0xffffffffc05e5ea0	0x0	8021q
vlan_dev_hard_start_xmit	0xffffffffc05e5eb0	0x0	8021q
__pfx_vlan_dev_uninit	0xffffffffc05e5f90	0x0	8021q
vlan_dev_uninit	0xffffffffc05e5fa0	0x0	8021q
__pfx_vlan_dev_set_ingress_priority	0xffffffffc05e6040	0x0	8021q
vlan_dev_set_ingress_priority	0xffffffffc05e6050	0x0	8021q
__pfx_vlan_dev_set_egress_priority	0xffffffffc05e60b0	0x0	8021q
vlan_dev_set_egress_priority	0xffffffffc05e60c0	0x0	8021q
__pfx_vlan_dev_change_flags	0xffffffffc05e6200	0x0	8021q
vlan_dev_change_flags	0xffffffffc05e6210	0x0	8021q
__pfx_vlan_dev_get_realdev_name	0xffffffffc05e62b0	0x0	8021q
vlan_dev_get_realdev_name	0xffffffffc05e62c0	0x0	8021q
__pfx_vlan_dev_inherit_address	0xffffffffc05e6350	0x0	8021q
vlan_dev_inherit_address	0xffffffffc05e6360	0x0	8021q
__pfx_vlan_dev_free_egress_priority	0xffffffffc05e63b0	0x0	8021q
vlan_dev_free_egress_priority	0xffffffffc05e63c0	0x0	8021q
__pfx_vlan_setup	0xffffffffc05e6460	0x0	8021q
vlan_setup	0xffffffffc05e6470	0x0	8021q
__pfx_vlan_get_size	0xffffffffc05e64f0	0x0	8021q
vlan_get_size	0xffffffffc05e6500	0x0	8021q
__pfx_vlan_get_link_net	0xffffffffc05e6550	0x0	8021q
vlan_get_link_net	0xffffffffc05e6560	0x0	8021q
__pfx_vlan_changelink	0xffffffffc05e6580	0x0	8021q
vlan_changelink	0xffffffffc05e6590	0x0	8021q
__pfx_vlan_newlink	0xffffffffc05e66a0	0x0	8021q
vlan_newlink	0xffffffffc05e66b0	0x0	8021q
__pfx_vlan_validate	0xffffffffc05e6860	0x0	8021q
vlan_validate	0xffffffffc05e6870	0x0	8021q
__pfx_vlan_fill_info	0xffffffffc05e6a80	0x0	8021q
vlan_fill_info	0xffffffffc05e6a90	0x0	8021q
__pfx_vlan_gvrp_request_join	0xffffffffc05e6d40	0x0	8021q
vlan_gvrp_request_join	0xffffffffc05e6d50	0x0	8021q
__pfx_vlan_gvrp_request_leave	0xffffffffc05e6dd0	0x0	8021q
vlan_gvrp_request_leave	0xffffffffc05e6de0	0x0	8021q
__pfx_vlan_gvrp_init_applicant	0xffffffffc05e6e60	0x0	8021q
vlan_gvrp_init_applicant	0xffffffffc05e6e70	0x0	8021q
__pfx_vlan_gvrp_uninit_applicant	0xffffffffc05e6e90	0x0	8021q
vlan_gvrp_uninit_applicant	0xffffffffc05e6ea0	0x0	8021q
__pfx_vlan_gvrp_uninit	0xffffffffc05e6ec0	0x0	8021q
vlan_gvrp_uninit	0xffffffffc05e6ed0	0x0	8021q
__pfx_vlan_mvrp_request_join	0xffffffffc05e6ef0	0x0	8021q
vlan_mvrp_request_join	0xffffffffc05e6f00	0x0	8021q
__pfx_vlan_mvrp_request_leave	0xffffffffc05e6f80	0x0	8021q
vlan_mvrp_request_leave	0xffffffffc05e6f90	0x0	8021q
__pfx_vlan_mvrp_init_applicant	0xffffffffc05e7010	0x0	8021q
vlan_mvrp_init_applicant	0xffffffffc05e7020	0x0	8021q
__pfx_vlan_mvrp_uninit_applicant	0xffffffffc05e7040	0x0	8021q
vlan_mvrp_uninit_applicant	0xffffffffc05e7050	0x0	8021q
__pfx_vlan_mvrp_uninit	0xffffffffc05e7070	0x0	8021q
vlan_mvrp_uninit	0xffffffffc05e7080	0x0	8021q
__pfx_vlan_seq_stop	0xffffffffc05e70a0	0x0	8021q
vlan_seq_stop	0xffffffffc05e70b0	0x0	8021q
__pfx_vlan_seq_show	0xffffffffc05e70c0	0x0	8021q
vlan_seq_show	0xffffffffc05e70d0	0x0	8021q
__pfx_vlan_seq_from_index	0xffffffffc05e71a0	0x0	8021q
vlan_seq_from_index	0xffffffffc05e71b0	0x0	8021q
__pfx_vlan_seq_next	0xffffffffc05e7240	0x0	8021q
vlan_seq_next	0xffffffffc05e7250	0x0	8021q
__pfx_vlan_seq_start	0xffffffffc05e7270	0x0	8021q
vlan_seq_start	0xffffffffc05e7280	0x0	8021q
__pfx_vlandev_seq_show	0xffffffffc05e72b0	0x0	8021q
vlandev_seq_show	0xffffffffc05e72c0	0x0	8021q
__pfx_vlan_proc_cleanup	0xffffffffc05e74e0	0x0	8021q
vlan_proc_cleanup	0xffffffffc05e74f0	0x0	8021q
__pfx_vlan_proc_init	0xffffffffc05e7550	0x0	8021q
vlan_proc_init	0xffffffffc05e7560	0x0	8021q
__pfx_vlan_proc_add_dev	0xffffffffc05e7600	0x0	8021q
vlan_proc_add_dev	0xffffffffc05e7610	0x0	8021q
__pfx_vlan_proc_rem_dev	0xffffffffc05e7690	0x0	8021q
vlan_proc_rem_dev	0xffffffffc05e76a0	0x0	8021q
__pfx_vlan_cleanup_module	0xffffffffc05e76d0	0x0	8021q
__pfx_cleanup_module	0xffffffffc05e76d0	0x0	8021q
vlan_cleanup_module	0xffffffffc05e76e0	0x0	8021q
cleanup_module	0xffffffffc05e76e0	0x0	8021q
__pfx_vlan_netlink_fini	0xffffffffc05e7720	0x0	8021q
vlan_netlink_fini	0xffffffffc05e7730	0x0	8021q
unregister_vlan_dev.cold	0xffffffffc05e7746	0x0	8021q
vlan_device_event.cold	0xffffffffc05e775b	0x0	8021q
register_vlan_dev.cold	0xffffffffc05e7788	0x0	8021q
vlan_dev_init.cold	0xffffffffc05e77ab	0x0	8021q
__pfx_tls_disconnect	0xffffffffc05e8000	0x0	tls
tls_disconnect	0xffffffffc05e8010	0x0	tls
__pfx_tls_get_info_size	0xffffffffc05e8030	0x0	tls
tls_get_info_size	0xffffffffc05e8040	0x0	tls
__pfx_tls_update	0xffffffffc05e8060	0x0	tls
tls_update	0xffffffffc05e8070	0x0	tls
__pfx_do_tls_getsockopt_conf	0xffffffffc05e80c0	0x0	tls
do_tls_getsockopt_conf	0xffffffffc05e80d0	0x0	tls
__pfx_tls_getsockopt	0xffffffffc05e8260	0x0	tls
tls_getsockopt	0xffffffffc05e8270	0x0	tls
__pfx_tls_exit_net	0xffffffffc05e8400	0x0	tls
tls_exit_net	0xffffffffc05e8410	0x0	tls
__pfx_tls_init_net	0xffffffffc05e8440	0x0	tls
tls_init_net	0xffffffffc05e8450	0x0	tls
__pfx_tls_write_space	0xffffffffc05e84c0	0x0	tls
tls_write_space	0xffffffffc05e84d0	0x0	tls
__pfx_tls_get_info	0xffffffffc05e8540	0x0	tls
tls_get_info	0xffffffffc05e8550	0x0	tls
__pfx_tls_sk_poll	0xffffffffc05e8780	0x0	tls
tls_sk_poll	0xffffffffc05e8790	0x0	tls
__pfx_do_tls_setsockopt_no_pad	0xffffffffc05e8930	0x0	tls
do_tls_setsockopt_no_pad	0xffffffffc05e8940	0x0	tls
__pfx_do_tls_setsockopt_conf	0xffffffffc05e8a80	0x0	tls
do_tls_setsockopt_conf	0xffffffffc05e8a90	0x0	tls
__pfx_tls_setsockopt	0xffffffffc05e9390	0x0	tls
tls_setsockopt	0xffffffffc05e93a0	0x0	tls
__pfx_update_sk_prot	0xffffffffc05e9530	0x0	tls
update_sk_prot	0xffffffffc05e9540	0x0	tls
__pfx_wait_on_pending_writer	0xffffffffc05e96c0	0x0	tls
wait_on_pending_writer	0xffffffffc05e96d0	0x0	tls
__pfx_tls_push_sg	0xffffffffc05e9820	0x0	tls
tls_push_sg	0xffffffffc05e9830	0x0	tls
__pfx_tls_process_cmsg	0xffffffffc05e9ad0	0x0	tls
tls_process_cmsg	0xffffffffc05e9ae0	0x0	tls
__pfx_tls_push_partial_record	0xffffffffc05e9c10	0x0	tls
tls_push_partial_record	0xffffffffc05e9c20	0x0	tls
__pfx_tls_free_partial_record	0xffffffffc05e9c50	0x0	tls
tls_free_partial_record	0xffffffffc05e9c60	0x0	tls
__pfx_tls_ctx_free	0xffffffffc05e9d90	0x0	tls
tls_ctx_free	0xffffffffc05e9da0	0x0	tls
__pfx_tls_sk_proto_close	0xffffffffc05e9e50	0x0	tls
tls_sk_proto_close	0xffffffffc05e9e60	0x0	tls
__pfx_tls_ctx_create	0xffffffffc05ea130	0x0	tls
tls_ctx_create	0xffffffffc05ea140	0x0	tls
__pfx_tls_init	0xffffffffc05ea1e0	0x0	tls
tls_init	0xffffffffc05ea1f0	0x0	tls
__pfx___skb_nsg	0xffffffffc05ea850	0x0	tls
__skb_nsg	0xffffffffc05ea860	0x0	tls
__pfx_tls_make_aad	0xffffffffc05eaa00	0x0	tls
tls_make_aad	0xffffffffc05eaa10	0x0	tls
__pfx_tls_fill_prepend	0xffffffffc05eaa80	0x0	tls
tls_fill_prepend	0xffffffffc05eaa90	0x0	tls
__pfx_sk_msg_xfer_full	0xffffffffc05eab10	0x0	tls
sk_msg_xfer_full	0xffffffffc05eab20	0x0	tls
__pfx_tls_merge_open_record	0xffffffffc05eaba0	0x0	tls
tls_merge_open_record	0xffffffffc05eabb0	0x0	tls
__pfx_tls_padding_length.part.0	0xffffffffc05ead50	0x0	tls
tls_padding_length.part.0	0xffffffffc05ead60	0x0	tls
__pfx_tls_setup_from_iter.constprop.0	0xffffffffc05eae30	0x0	tls
tls_setup_from_iter.constprop.0	0xffffffffc05eae40	0x0	tls
__pfx_tls_record_content_type.isra.0	0xffffffffc05eb090	0x0	tls
tls_record_content_type.isra.0	0xffffffffc05eb0a0	0x0	tls
__pfx_process_rx_list	0xffffffffc05eb120	0x0	tls
process_rx_list	0xffffffffc05eb130	0x0	tls
__pfx_tls_rx_reader_acquire	0xffffffffc05eb3a0	0x0	tls
tls_rx_reader_acquire	0xffffffffc05eb3b0	0x0	tls
__pfx_tls_rx_rec_wait	0xffffffffc05eb530	0x0	tls
tls_rx_rec_wait	0xffffffffc05eb540	0x0	tls
__pfx_tls_sw_sendmsg_splice	0xffffffffc05eb870	0x0	tls
tls_sw_sendmsg_splice	0xffffffffc05eb880	0x0	tls
__pfx_tls_data_ready	0xffffffffc05ebb70	0x0	tls
tls_data_ready	0xffffffffc05ebb80	0x0	tls
__pfx_tls_get_rec	0xffffffffc05ebcc0	0x0	tls
tls_get_rec	0xffffffffc05ebcd0	0x0	tls
__pfx_tls_split_open_record.constprop.0	0xffffffffc05ebef0	0x0	tls
tls_split_open_record.constprop.0	0xffffffffc05ebf00	0x0	tls
__pfx_tls_decrypt_sg	0xffffffffc05ec4f0	0x0	tls
tls_decrypt_sg	0xffffffffc05ec500	0x0	tls
__pfx_tls_decrypt_sw	0xffffffffc05ed3c0	0x0	tls
tls_decrypt_sw	0xffffffffc05ed3d0	0x0	tls
__pfx_tls_err_abort	0xffffffffc05ed4e0	0x0	tls
tls_err_abort	0xffffffffc05ed4f0	0x0	tls
__pfx_tls_encrypt_done	0xffffffffc05ed530	0x0	tls
tls_encrypt_done	0xffffffffc05ed540	0x0	tls
__pfx_tls_do_encryption.constprop.0	0xffffffffc05ed670	0x0	tls
tls_do_encryption.constprop.0	0xffffffffc05ed680	0x0	tls
__pfx_tls_decrypt_done	0xffffffffc05eda10	0x0	tls
tls_decrypt_done	0xffffffffc05eda20	0x0	tls
__pfx_tls_rx_one_record	0xffffffffc05edb90	0x0	tls
tls_rx_one_record	0xffffffffc05edba0	0x0	tls
__pfx_tls_tx_records	0xffffffffc05ede50	0x0	tls
tls_tx_records	0xffffffffc05ede60	0x0	tls
__pfx_tls_push_record	0xffffffffc05ee030	0x0	tls
tls_push_record	0xffffffffc05ee040	0x0	tls
__pfx_bpf_exec_tx_verdict	0xffffffffc05ee5d0	0x0	tls
bpf_exec_tx_verdict	0xffffffffc05ee5e0	0x0	tls
__pfx_tls_sw_push_pending_record	0xffffffffc05eed50	0x0	tls
tls_sw_push_pending_record	0xffffffffc05eed60	0x0	tls
__pfx_tx_work_handler	0xffffffffc05eede0	0x0	tls
tx_work_handler	0xffffffffc05eedf0	0x0	tls
__pfx_tls_sw_sendmsg_locked.isra.0	0xffffffffc05eeea0	0x0	tls
tls_sw_sendmsg_locked.isra.0	0xffffffffc05eeeb0	0x0	tls
__pfx_tls_sw_sendmsg	0xffffffffc05ef710	0x0	tls
tls_sw_sendmsg	0xffffffffc05ef720	0x0	tls
__pfx_tls_sw_splice_eof	0xffffffffc05ef7a0	0x0	tls
tls_sw_splice_eof	0xffffffffc05ef7b0	0x0	tls
__pfx_decrypt_skb	0xffffffffc05ef8e0	0x0	tls
decrypt_skb	0xffffffffc05ef8f0	0x0	tls
__pfx_tls_sw_recvmsg	0xffffffffc05ef950	0x0	tls
tls_sw_recvmsg	0xffffffffc05ef960	0x0	tls
__pfx_tls_sw_splice_read	0xffffffffc05f02a0	0x0	tls
tls_sw_splice_read	0xffffffffc05f02b0	0x0	tls
__pfx_tls_sw_read_sock	0xffffffffc05f0530	0x0	tls
tls_sw_read_sock	0xffffffffc05f0540	0x0	tls
__pfx_tls_sw_sock_is_readable	0xffffffffc05f09e0	0x0	tls
tls_sw_sock_is_readable	0xffffffffc05f09f0	0x0	tls
__pfx_tls_rx_msg_size	0xffffffffc05f0a70	0x0	tls
tls_rx_msg_size	0xffffffffc05f0a80	0x0	tls
__pfx_tls_rx_msg_ready	0xffffffffc05f0bb0	0x0	tls
tls_rx_msg_ready	0xffffffffc05f0bc0	0x0	tls
__pfx_tls_sw_cancel_work_tx	0xffffffffc05f0be0	0x0	tls
tls_sw_cancel_work_tx	0xffffffffc05f0bf0	0x0	tls
__pfx_tls_sw_release_resources_tx	0xffffffffc05f0c20	0x0	tls
tls_sw_release_resources_tx	0xffffffffc05f0c30	0x0	tls
__pfx_tls_sw_free_ctx_tx	0xffffffffc05f0db0	0x0	tls
tls_sw_free_ctx_tx	0xffffffffc05f0dc0	0x0	tls
__pfx_tls_sw_release_resources_rx	0xffffffffc05f0de0	0x0	tls
tls_sw_release_resources_rx	0xffffffffc05f0df0	0x0	tls
__pfx_tls_sw_strparser_done	0xffffffffc05f0ec0	0x0	tls
tls_sw_strparser_done	0xffffffffc05f0ed0	0x0	tls
__pfx_tls_sw_free_ctx_rx	0xffffffffc05f0ef0	0x0	tls
tls_sw_free_ctx_rx	0xffffffffc05f0f00	0x0	tls
__pfx_tls_sw_free_resources_rx	0xffffffffc05f0f20	0x0	tls
tls_sw_free_resources_rx	0xffffffffc05f0f30	0x0	tls
__pfx_tls_sw_write_space	0xffffffffc05f0f60	0x0	tls
tls_sw_write_space	0xffffffffc05f0f70	0x0	tls
__pfx_tls_sw_strparser_arm	0xffffffffc05f0fd0	0x0	tls
tls_sw_strparser_arm	0xffffffffc05f0fe0	0x0	tls
__pfx_tls_update_rx_zc_capable	0xffffffffc05f1030	0x0	tls
tls_update_rx_zc_capable	0xffffffffc05f1040	0x0	tls
__pfx_init_prot_info	0xffffffffc05f1080	0x0	tls
init_prot_info	0xffffffffc05f1090	0x0	tls
__pfx_tls_set_sw_offload	0xffffffffc05f1120	0x0	tls
tls_set_sw_offload	0xffffffffc05f1130	0x0	tls
__pfx_tls_statistics_seq_show	0xffffffffc05f1900	0x0	tls
tls_statistics_seq_show	0xffffffffc05f1910	0x0	tls
__pfx_tls_proc_init	0xffffffffc05f1bf0	0x0	tls
tls_proc_init	0xffffffffc05f1c00	0x0	tls
__pfx_tls_proc_fini	0xffffffffc05f1c40	0x0	tls
tls_proc_fini	0xffffffffc05f1c50	0x0	tls
__pfx___traceiter_tls_device_offload_set	0xffffffffc05f1c80	0x0	tls
__traceiter_tls_device_offload_set	0xffffffffc05f1c90	0x0	tls
__pfx___probestub_tls_device_offload_set	0xffffffffc05f1d00	0x0	tls
__probestub_tls_device_offload_set	0xffffffffc05f1d10	0x0	tls
__pfx___traceiter_tls_device_decrypted	0xffffffffc05f1d20	0x0	tls
__traceiter_tls_device_decrypted	0xffffffffc05f1d30	0x0	tls
__pfx___probestub_tls_device_decrypted	0xffffffffc05f1db0	0x0	tls
__probestub_tls_device_decrypted	0xffffffffc05f1dc0	0x0	tls
__pfx___traceiter_tls_device_rx_resync_send	0xffffffffc05f1dd0	0x0	tls
__traceiter_tls_device_rx_resync_send	0xffffffffc05f1de0	0x0	tls
__pfx___probestub_tls_device_rx_resync_send	0xffffffffc05f1e40	0x0	tls
__probestub_tls_device_rx_resync_send	0xffffffffc05f1e50	0x0	tls
__pfx___traceiter_tls_device_rx_resync_nh_schedule	0xffffffffc05f1e60	0x0	tls
__traceiter_tls_device_rx_resync_nh_schedule	0xffffffffc05f1e70	0x0	tls
__pfx___probestub_tls_device_rx_resync_nh_schedule	0xffffffffc05f1eb0	0x0	tls
__probestub_tls_device_rx_resync_nh_schedule	0xffffffffc05f1ec0	0x0	tls
__pfx___traceiter_tls_device_rx_resync_nh_delay	0xffffffffc05f1ed0	0x0	tls
__traceiter_tls_device_rx_resync_nh_delay	0xffffffffc05f1ee0	0x0	tls
__pfx___probestub_tls_device_rx_resync_nh_delay	0xffffffffc05f1f40	0x0	tls
__probestub_tls_device_rx_resync_nh_delay	0xffffffffc05f1f50	0x0	tls
__pfx___traceiter_tls_device_tx_resync_req	0xffffffffc05f1f60	0x0	tls
__traceiter_tls_device_tx_resync_req	0xffffffffc05f1f70	0x0	tls
__pfx___traceiter_tls_device_tx_resync_send	0xffffffffc05f1fd0	0x0	tls
__traceiter_tls_device_tx_resync_send	0xffffffffc05f1fe0	0x0	tls
__pfx___probestub_tls_device_tx_resync_send	0xffffffffc05f2040	0x0	tls
__probestub_tls_device_tx_resync_send	0xffffffffc05f2050	0x0	tls
__pfx_perf_trace_tls_device_rx_resync_nh_schedule	0xffffffffc05f2060	0x0	tls
perf_trace_tls_device_rx_resync_nh_schedule	0xffffffffc05f2070	0x0	tls
__pfx_perf_trace_tls_device_rx_resync_nh_delay	0xffffffffc05f2160	0x0	tls
perf_trace_tls_device_rx_resync_nh_delay	0xffffffffc05f2170	0x0	tls
__pfx_perf_trace_tls_device_tx_resync_req	0xffffffffc05f2270	0x0	tls
perf_trace_tls_device_tx_resync_req	0xffffffffc05f2280	0x0	tls
__pfx_perf_trace_tls_device_offload_set	0xffffffffc05f2380	0x0	tls
perf_trace_tls_device_offload_set	0xffffffffc05f2390	0x0	tls
__pfx_perf_trace_tls_device_decrypted	0xffffffffc05f24b0	0x0	tls
perf_trace_tls_device_decrypted	0xffffffffc05f24c0	0x0	tls
__pfx_perf_trace_tls_device_rx_resync_send	0xffffffffc05f25f0	0x0	tls
perf_trace_tls_device_rx_resync_send	0xffffffffc05f2600	0x0	tls
__pfx_perf_trace_tls_device_tx_resync_send	0xffffffffc05f2710	0x0	tls
perf_trace_tls_device_tx_resync_send	0xffffffffc05f2720	0x0	tls
__pfx_trace_event_raw_event_tls_device_offload_set	0xffffffffc05f2820	0x0	tls
trace_event_raw_event_tls_device_offload_set	0xffffffffc05f2830	0x0	tls
__pfx_trace_event_raw_event_tls_device_decrypted	0xffffffffc05f2900	0x0	tls
trace_event_raw_event_tls_device_decrypted	0xffffffffc05f2910	0x0	tls
__pfx_trace_event_raw_event_tls_device_rx_resync_send	0xffffffffc05f29f0	0x0	tls
trace_event_raw_event_tls_device_rx_resync_send	0xffffffffc05f2a00	0x0	tls
__pfx_trace_event_raw_event_tls_device_rx_resync_nh_schedule	0xffffffffc05f2ac0	0x0	tls
trace_event_raw_event_tls_device_rx_resync_nh_schedule	0xffffffffc05f2ad0	0x0	tls
__pfx_trace_event_raw_event_tls_device_rx_resync_nh_delay	0xffffffffc05f2b60	0x0	tls
trace_event_raw_event_tls_device_rx_resync_nh_delay	0xffffffffc05f2b70	0x0	tls
__pfx_trace_event_raw_event_tls_device_tx_resync_req	0xffffffffc05f2c20	0x0	tls
trace_event_raw_event_tls_device_tx_resync_req	0xffffffffc05f2c30	0x0	tls
__pfx_trace_event_raw_event_tls_device_tx_resync_send	0xffffffffc05f2ce0	0x0	tls
trace_event_raw_event_tls_device_tx_resync_send	0xffffffffc05f2cf0	0x0	tls
__pfx_trace_raw_output_tls_device_offload_set	0xffffffffc05f2da0	0x0	tls
trace_raw_output_tls_device_offload_set	0xffffffffc05f2db0	0x0	tls
__pfx_trace_raw_output_tls_device_rx_resync_send	0xffffffffc05f2e20	0x0	tls
trace_raw_output_tls_device_rx_resync_send	0xffffffffc05f2e30	0x0	tls
__pfx_trace_raw_output_tls_device_rx_resync_nh_schedule	0xffffffffc05f2e90	0x0	tls
trace_raw_output_tls_device_rx_resync_nh_schedule	0xffffffffc05f2ea0	0x0	tls
__pfx_trace_raw_output_tls_device_rx_resync_nh_delay	0xffffffffc05f2ef0	0x0	tls
trace_raw_output_tls_device_rx_resync_nh_delay	0xffffffffc05f2f00	0x0	tls
__pfx_trace_raw_output_tls_device_tx_resync_req	0xffffffffc05f2f60	0x0	tls
trace_raw_output_tls_device_tx_resync_req	0xffffffffc05f2f70	0x0	tls
__pfx_trace_raw_output_tls_device_tx_resync_send	0xffffffffc05f2fd0	0x0	tls
trace_raw_output_tls_device_tx_resync_send	0xffffffffc05f2fe0	0x0	tls
__pfx___bpf_trace_tls_device_offload_set	0xffffffffc05f3040	0x0	tls
__bpf_trace_tls_device_offload_set	0xffffffffc05f3050	0x0	tls
__pfx___bpf_trace_tls_device_decrypted	0xffffffffc05f3070	0x0	tls
__bpf_trace_tls_device_decrypted	0xffffffffc05f3080	0x0	tls
__pfx___bpf_trace_tls_device_rx_resync_send	0xffffffffc05f30a0	0x0	tls
__bpf_trace_tls_device_rx_resync_send	0xffffffffc05f30b0	0x0	tls
__pfx___bpf_trace_tls_device_rx_resync_nh_schedule	0xffffffffc05f30d0	0x0	tls
__bpf_trace_tls_device_rx_resync_nh_schedule	0xffffffffc05f30e0	0x0	tls
__pfx___bpf_trace_tls_device_rx_resync_nh_delay	0xffffffffc05f30f0	0x0	tls
__bpf_trace_tls_device_rx_resync_nh_delay	0xffffffffc05f3100	0x0	tls
__pfx___bpf_trace_tls_device_tx_resync_send	0xffffffffc05f3120	0x0	tls
__bpf_trace_tls_device_tx_resync_send	0xffffffffc05f3130	0x0	tls
__pfx_trace_raw_output_tls_device_decrypted	0xffffffffc05f3150	0x0	tls
trace_raw_output_tls_device_decrypted	0xffffffffc05f3160	0x0	tls
__pfx___probestub_tls_device_tx_resync_req	0xffffffffc05f31f0	0x0	tls
__probestub_tls_device_tx_resync_req	0xffffffffc05f3200	0x0	tls
__pfx___bpf_trace_tls_device_tx_resync_req	0xffffffffc05f3210	0x0	tls
__bpf_trace_tls_device_tx_resync_req	0xffffffffc05f3220	0x0	tls
__pfx_tls_strp_load_anchor_with_queue	0xffffffffc05f3240	0x0	tls
tls_strp_load_anchor_with_queue	0xffffffffc05f3250	0x0	tls
__pfx_tls_strp_flush_anchor_copy	0xffffffffc05f3310	0x0	tls
tls_strp_flush_anchor_copy	0xffffffffc05f3320	0x0	tls
__pfx_tls_strp_skb_copy.isra.0	0xffffffffc05f33d0	0x0	tls
tls_strp_skb_copy.isra.0	0xffffffffc05f33e0	0x0	tls
__pfx_tls_strp_copyin_frag	0xffffffffc05f3540	0x0	tls
tls_strp_copyin_frag	0xffffffffc05f3550	0x0	tls
__pfx_tls_strp_copyin	0xffffffffc05f37d0	0x0	tls
tls_strp_copyin	0xffffffffc05f37e0	0x0	tls
__pfx_tls_strp_read_copy	0xffffffffc05f3a30	0x0	tls
tls_strp_read_copy	0xffffffffc05f3a40	0x0	tls
__pfx_tls_strp_abort_strp	0xffffffffc05f3d30	0x0	tls
tls_strp_abort_strp	0xffffffffc05f3d40	0x0	tls
__pfx_tls_strp_msg_detach	0xffffffffc05f3d80	0x0	tls
tls_strp_msg_detach	0xffffffffc05f3d90	0x0	tls
__pfx_tls_strp_msg_cow	0xffffffffc05f3e10	0x0	tls
tls_strp_msg_cow	0xffffffffc05f3e20	0x0	tls
__pfx_tls_strp_msg_hold	0xffffffffc05f3eb0	0x0	tls
tls_strp_msg_hold	0xffffffffc05f3ec0	0x0	tls
__pfx_tls_strp_msg_load	0xffffffffc05f3fe0	0x0	tls
tls_strp_msg_load	0xffffffffc05f3ff0	0x0	tls
__pfx_tls_strp_check_rcv	0xffffffffc05f40d0	0x0	tls
tls_strp_check_rcv	0xffffffffc05f40e0	0x0	tls
__pfx_tls_strp_work	0xffffffffc05f42d0	0x0	tls
tls_strp_work	0xffffffffc05f42e0	0x0	tls
__pfx_tls_strp_data_ready	0xffffffffc05f4320	0x0	tls
tls_strp_data_ready	0xffffffffc05f4330	0x0	tls
__pfx_tls_strp_msg_done	0xffffffffc05f4370	0x0	tls
tls_strp_msg_done	0xffffffffc05f4380	0x0	tls
__pfx_tls_strp_stop	0xffffffffc05f43e0	0x0	tls
tls_strp_stop	0xffffffffc05f43f0	0x0	tls
__pfx_tls_strp_init	0xffffffffc05f4410	0x0	tls
tls_strp_init	0xffffffffc05f4420	0x0	tls
__pfx_tls_strp_done	0xffffffffc05f44b0	0x0	tls
tls_strp_done	0xffffffffc05f44c0	0x0	tls
__pfx_tls_strp_dev_exit	0xffffffffc05f4520	0x0	tls
tls_strp_dev_exit	0xffffffffc05f4530	0x0	tls
__pfx_tls_get_record	0xffffffffc05f4550	0x0	tls
tls_get_record	0xffffffffc05f4560	0x0	tls
__pfx_tls_offload_tx_resync_request	0xffffffffc05f4610	0x0	tls
tls_offload_tx_resync_request	0xffffffffc05f4620	0x0	tls
__pfx_tls_device_resync_rx	0xffffffffc05f4690	0x0	tls
tls_device_resync_rx	0xffffffffc05f46a0	0x0	tls
__pfx_trace_tls_device_offload_set	0xffffffffc05f4740	0x0	tls
trace_tls_device_offload_set	0xffffffffc05f4750	0x0	tls
__pfx_tls_fill_prepend	0xffffffffc05f47b0	0x0	tls
tls_fill_prepend	0xffffffffc05f47c0	0x0	tls
__pfx_tls_device_attach	0xffffffffc05f4840	0x0	tls
tls_device_attach	0xffffffffc05f4850	0x0	tls
__pfx_tls_device_copy_data	0xffffffffc05f4900	0x0	tls
tls_device_copy_data	0xffffffffc05f4910	0x0	tls
__pfx_tls_tcp_clean_acked	0xffffffffc05f49f0	0x0	tls
tls_tcp_clean_acked	0xffffffffc05f4a00	0x0	tls
__pfx_tls_device_reencrypt.isra.0	0xffffffffc05f4b40	0x0	tls
tls_device_reencrypt.isra.0	0xffffffffc05f4b50	0x0	tls
__pfx_tls_device_tx_del_task	0xffffffffc05f4fa0	0x0	tls
tls_device_tx_del_task	0xffffffffc05f4fb0	0x0	tls
__pfx_tls_device_down	0xffffffffc05f5050	0x0	tls
tls_device_down	0xffffffffc05f5060	0x0	tls
__pfx_tls_dev_event	0xffffffffc05f53c0	0x0	tls
tls_dev_event	0xffffffffc05f53d0	0x0	tls
__pfx_tls_push_record	0xffffffffc05f5470	0x0	tls
tls_push_record	0xffffffffc05f5480	0x0	tls
__pfx_tls_device_sk_destruct	0xffffffffc05f5980	0x0	tls
tls_device_sk_destruct	0xffffffffc05f5990	0x0	tls
__pfx_tls_append_frag	0xffffffffc05f5c20	0x0	tls
tls_append_frag	0xffffffffc05f5c30	0x0	tls
__pfx_tls_push_data	0xffffffffc05f5d60	0x0	tls
tls_push_data	0xffffffffc05f5d70	0x0	tls
__pfx_tls_device_push_pending_record	0xffffffffc05f64e0	0x0	tls
tls_device_push_pending_record	0xffffffffc05f64f0	0x0	tls
__pfx_tls_device_core_ctrl_rx_resync	0xffffffffc05f6590	0x0	tls
tls_device_core_ctrl_rx_resync	0xffffffffc05f65a0	0x0	tls
__pfx_tls_device_free_resources_tx	0xffffffffc05f67a0	0x0	tls
tls_device_free_resources_tx	0xffffffffc05f67b0	0x0	tls
__pfx_tls_device_sendmsg	0xffffffffc05f67d0	0x0	tls
tls_device_sendmsg	0xffffffffc05f67e0	0x0	tls
__pfx_tls_device_splice_eof	0xffffffffc05f68c0	0x0	tls
tls_device_splice_eof	0xffffffffc05f68d0	0x0	tls
__pfx_tls_device_write_space	0xffffffffc05f69b0	0x0	tls
tls_device_write_space	0xffffffffc05f69c0	0x0	tls
__pfx_tls_device_rx_resync_new_rec	0xffffffffc05f6a20	0x0	tls
tls_device_rx_resync_new_rec	0xffffffffc05f6a30	0x0	tls
__pfx_tls_device_decrypted	0xffffffffc05f6da0	0x0	tls
tls_device_decrypted	0xffffffffc05f6db0	0x0	tls
__pfx_tls_set_device_offload	0xffffffffc05f6ee0	0x0	tls
tls_set_device_offload	0xffffffffc05f6ef0	0x0	tls
__pfx_tls_set_device_offload_rx	0xffffffffc05f7410	0x0	tls
tls_set_device_offload_rx	0xffffffffc05f7420	0x0	tls
__pfx_tls_device_offload_cleanup_rx	0xffffffffc05f7650	0x0	tls
tls_device_offload_cleanup_rx	0xffffffffc05f7660	0x0	tls
__pfx_tls_make_aad	0xffffffffc05f7700	0x0	tls
tls_make_aad	0xffffffffc05f7710	0x0	tls
__pfx_fill_sg_in.constprop.0	0xffffffffc05f7780	0x0	tls
fill_sg_in.constprop.0	0xffffffffc05f7790	0x0	tls
__pfx_complete_skb	0xffffffffc05f7980	0x0	tls
complete_skb	0xffffffffc05f7990	0x0	tls
__pfx_tls_enc_record.isra.0	0xffffffffc05f7b60	0x0	tls
tls_enc_record.isra.0	0xffffffffc05f7b70	0x0	tls
__pfx_tls_enc_skb	0xffffffffc05f8020	0x0	tls
tls_enc_skb	0xffffffffc05f8030	0x0	tls
__pfx_tls_sw_fallback	0xffffffffc05f8550	0x0	tls
tls_sw_fallback	0xffffffffc05f8560	0x0	tls
__pfx_tls_validate_xmit_skb	0xffffffffc05f8810	0x0	tls
tls_validate_xmit_skb	0xffffffffc05f8820	0x0	tls
__pfx_tls_encrypt_skb	0xffffffffc05f8870	0x0	tls
tls_encrypt_skb	0xffffffffc05f8880	0x0	tls
__pfx_tls_validate_xmit_skb_sw	0xffffffffc05f88a0	0x0	tls
tls_validate_xmit_skb_sw	0xffffffffc05f88b0	0x0	tls
__pfx_tls_sw_fallback_init	0xffffffffc05f88d0	0x0	tls
tls_sw_fallback_init	0xffffffffc05f88e0	0x0	tls
__pfx_tls_unregister	0xffffffffc05f8a30	0x0	tls
__pfx_cleanup_module	0xffffffffc05f8a30	0x0	tls
tls_unregister	0xffffffffc05f8a40	0x0	tls
cleanup_module	0xffffffffc05f8a40	0x0	tls
__pfx_tls_device_cleanup	0xffffffffc05f8a70	0x0	tls
tls_device_cleanup	0xffffffffc05f8a80	0x0	tls
tls_write_space.cold	0xffffffffc05f8b00	0x0	tls
tls_sk_poll.cold	0xffffffffc05f8b15	0x0	tls
do_tls_setsockopt_conf.cold	0xffffffffc05f8b3f	0x0	tls
tls_process_cmsg.cold	0xffffffffc05f8b79	0x0	tls
tls_sk_proto_close.cold	0xffffffffc05f8b9c	0x0	tls
tls_padding_length.part.0.cold	0xffffffffc05f8bb9	0x0	tls
tls_rx_rec_wait.cold	0xffffffffc05f8bd6	0x0	tls
tls_split_open_record.constprop.0.cold	0xffffffffc05f8c7a	0x0	tls
tls_decrypt_sg.cold	0xffffffffc05f8cda	0x0	tls
tls_decrypt_sw.cold	0xffffffffc05f8e17	0x0	tls
tls_do_encryption.constprop.0.cold	0xffffffffc05f8e32	0x0	tls
tls_decrypt_done.cold	0xffffffffc05f8e7d	0x0	tls
tls_rx_one_record.cold	0xffffffffc05f8e92	0x0	tls
bpf_exec_tx_verdict.cold	0xffffffffc05f8ee7	0x0	tls
tls_sw_recvmsg.cold	0xffffffffc05f8efc	0x0	tls
tls_sw_read_sock.cold	0xffffffffc05f8fc9	0x0	tls
tls_sw_sock_is_readable.cold	0xffffffffc05f8fe2	0x0	tls
tls_set_sw_offload.cold	0xffffffffc05f8ff7	0x0	tls
trace_raw_output_tls_device_decrypted.cold	0xffffffffc05f905c	0x0	tls
tls_strp_copyin.cold	0xffffffffc05f9086	0x0	tls
tls_strp_msg_load.cold	0xffffffffc05f90a9	0x0	tls
tls_strp_check_rcv.cold	0xffffffffc05f90c2	0x0	tls
tls_push_data.cold	0xffffffffc05f90f0	0x0	tls
tls_device_core_ctrl_rx_resync.cold	0xffffffffc05f911a	0x0	tls
tls_device_rx_resync_new_rec.cold	0xffffffffc05f913b	0x0	tls
tls_set_device_offload.cold	0xffffffffc05f915c	0x0	tls
tls_sw_fallback_init.cold	0xffffffffc05f91df	0x0	tls
__SCT__tp_func_tls_device_offload_set	0xffffffffc05f91f4	0x0	tls
__SCT__tp_func_tls_device_decrypted	0xffffffffc05f91fc	0x0	tls
__SCT__tp_func_tls_device_rx_resync_send	0xffffffffc05f9204	0x0	tls
__SCT__tp_func_tls_device_rx_resync_nh_schedule	0xffffffffc05f920c	0x0	tls
__SCT__tp_func_tls_device_rx_resync_nh_delay	0xffffffffc05f9214	0x0	tls
__SCT__tp_func_tls_device_tx_resync_req	0xffffffffc05f921c	0x0	tls
__SCT__tp_func_tls_device_tx_resync_send	0xffffffffc05f9224	0x0	tls
__pfx_masquerade_tg_check	0xffffffffc05fa000	0x0	xt_MASQUERADE
masquerade_tg_check	0xffffffffc05fa010	0x0	xt_MASQUERADE
__pfx_masquerade_tg6_checkentry	0xffffffffc05fa080	0x0	xt_MASQUERADE
masquerade_tg6_checkentry	0xffffffffc05fa090	0x0	xt_MASQUERADE
__pfx_masquerade_tg	0xffffffffc05fa0c0	0x0	xt_MASQUERADE
masquerade_tg	0xffffffffc05fa0d0	0x0	xt_MASQUERADE
__pfx_masquerade_tg_destroy	0xffffffffc05fa170	0x0	xt_MASQUERADE
masquerade_tg_destroy	0xffffffffc05fa180	0x0	xt_MASQUERADE
__pfx_masquerade_tg6	0xffffffffc05fa1a0	0x0	xt_MASQUERADE
masquerade_tg6	0xffffffffc05fa1b0	0x0	xt_MASQUERADE
__pfx_masquerade_tg_exit	0xffffffffc05fa1d0	0x0	xt_MASQUERADE
__pfx_cleanup_module	0xffffffffc05fa1d0	0x0	xt_MASQUERADE
masquerade_tg_exit	0xffffffffc05fa1e0	0x0	xt_MASQUERADE
cleanup_module	0xffffffffc05fa1e0	0x0	xt_MASQUERADE
__pfx_addrtype_mt_checkentry_v1	0xffffffffc05fb000	0x0	xt_addrtype
addrtype_mt_checkentry_v1	0xffffffffc05fb010	0x0	xt_addrtype
__pfx_match_type6	0xffffffffc05fb0d0	0x0	xt_addrtype
match_type6	0xffffffffc05fb0e0	0x0	xt_addrtype
__pfx_addrtype_mt_v0	0xffffffffc05fb270	0x0	xt_addrtype
addrtype_mt_v0	0xffffffffc05fb280	0x0	xt_addrtype
__pfx_addrtype_mt_v1	0xffffffffc05fb340	0x0	xt_addrtype
addrtype_mt_v1	0xffffffffc05fb350	0x0	xt_addrtype
__pfx_addrtype_mt_exit	0xffffffffc05fb4d0	0x0	xt_addrtype
__pfx_cleanup_module	0xffffffffc05fb4d0	0x0	xt_addrtype
addrtype_mt_exit	0xffffffffc05fb4e0	0x0	xt_addrtype
cleanup_module	0xffffffffc05fb4e0	0x0	xt_addrtype
addrtype_mt_v0.cold	0xffffffffc05fb4fb	0x0	xt_addrtype
addrtype_mt_v1.cold	0xffffffffc05fb537	0x0	xt_addrtype
__pfx_nft_nat_inet_unreg	0xffffffffc05fc000	0x0	nft_chain_nat
nft_nat_inet_unreg	0xffffffffc05fc010	0x0	nft_chain_nat
__pfx_nft_nat_inet_reg	0xffffffffc05fc030	0x0	nft_chain_nat
nft_nat_inet_reg	0xffffffffc05fc040	0x0	nft_chain_nat
__pfx_nft_nat_do_chain	0xffffffffc05fc060	0x0	nft_chain_nat
nft_nat_do_chain	0xffffffffc05fc070	0x0	nft_chain_nat
__pfx_nft_chain_nat_exit	0xffffffffc05fc180	0x0	nft_chain_nat
__pfx_cleanup_module	0xffffffffc05fc180	0x0	nft_chain_nat
nft_chain_nat_exit	0xffffffffc05fc190	0x0	nft_chain_nat
cleanup_module	0xffffffffc05fc190	0x0	nft_chain_nat
__pfx_set_target_v3_destroy	0xffffffffc05fd000	0x0	xt_set
set_target_v3_destroy	0xffffffffc05fd010	0x0	xt_set
__pfx_set_target_v1_destroy	0xffffffffc05fd070	0x0	xt_set
set_target_v1_destroy	0xffffffffc05fd080	0x0	xt_set
__pfx_set_target_v0_destroy	0xffffffffc05fd0d0	0x0	xt_set
set_target_v0_destroy	0xffffffffc05fd0e0	0x0	xt_set
__pfx_set_match_v1_destroy	0xffffffffc05fd130	0x0	xt_set
set_match_v1_destroy	0xffffffffc05fd140	0x0	xt_set
__pfx_set_match_v0_destroy	0xffffffffc05fd160	0x0	xt_set
set_match_v0_destroy	0xffffffffc05fd170	0x0	xt_set
__pfx_set_target_v1_checkentry	0xffffffffc05fd190	0x0	xt_set
set_target_v1_checkentry	0xffffffffc05fd1a0	0x0	xt_set
__pfx_set_match_v1_checkentry	0xffffffffc05fd2d0	0x0	xt_set
set_match_v1_checkentry	0xffffffffc05fd2e0	0x0	xt_set
__pfx_set_target_v3_checkentry	0xffffffffc05fd390	0x0	xt_set
set_target_v3_checkentry	0xffffffffc05fd3a0	0x0	xt_set
__pfx_set_target_v2	0xffffffffc05fd5f0	0x0	xt_set
set_target_v2	0xffffffffc05fd600	0x0	xt_set
__pfx_set_target_v1	0xffffffffc05fd710	0x0	xt_set
set_target_v1	0xffffffffc05fd720	0x0	xt_set
__pfx_set_target_v0	0xffffffffc05fd810	0x0	xt_set
set_target_v0	0xffffffffc05fd820	0x0	xt_set
__pfx_set_target_v3	0xffffffffc05fd910	0x0	xt_set
set_target_v3	0xffffffffc05fd920	0x0	xt_set
__pfx_set_match_v4	0xffffffffc05fdb20	0x0	xt_set
set_match_v4	0xffffffffc05fdb30	0x0	xt_set
__pfx_set_match_v3	0xffffffffc05fdc00	0x0	xt_set
set_match_v3	0xffffffffc05fdc10	0x0	xt_set
__pfx_set_match_v1	0xffffffffc05fdce0	0x0	xt_set
set_match_v1	0xffffffffc05fdcf0	0x0	xt_set
__pfx_set_match_v0	0xffffffffc05fdda0	0x0	xt_set
set_match_v0	0xffffffffc05fddb0	0x0	xt_set
__pfx_compat_flags	0xffffffffc05fde50	0x0	xt_set
compat_flags	0xffffffffc05fde60	0x0	xt_set
__pfx_set_target_v0_checkentry	0xffffffffc05fdf20	0x0	xt_set
set_target_v0_checkentry	0xffffffffc05fdf30	0x0	xt_set
__pfx_set_match_v0_checkentry	0xffffffffc05fe080	0x0	xt_set
set_match_v0_checkentry	0xffffffffc05fe090	0x0	xt_set
compat_flags.cold	0xffffffffc05fe13c	0x0	xt_set
__pfx_xt_set_fini	0xffffffffc05fe160	0x0	xt_set
__pfx_cleanup_module	0xffffffffc05fe160	0x0	xt_set
xt_set_fini	0xffffffffc05fe170	0x0	xt_set
cleanup_module	0xffffffffc05fe170	0x0	xt_set
__pfx_ovl_put_super	0xffffffffc0a00000	0x0	overlay
ovl_put_super	0xffffffffc0a00010	0x0	overlay
__pfx_ovl_statfs	0xffffffffc0a00040	0x0	overlay
ovl_statfs	0xffffffffc0a00050	0x0	overlay
__pfx_ovl_check_namelen	0xffffffffc0a00100	0x0	overlay
ovl_check_namelen	0xffffffffc0a00110	0x0	overlay
__pfx_ovl_sync_fs	0xffffffffc0a001b0	0x0	overlay
ovl_sync_fs	0xffffffffc0a001c0	0x0	overlay
__pfx_ovl_free_inode	0xffffffffc0a00240	0x0	overlay
ovl_free_inode	0xffffffffc0a00250	0x0	overlay
__pfx_ovl_alloc_inode	0xffffffffc0a00290	0x0	overlay
ovl_alloc_inode	0xffffffffc0a002a0	0x0	overlay
__pfx_ovl_d_real	0xffffffffc0a00330	0x0	overlay
ovl_d_real	0xffffffffc0a00340	0x0	overlay
__pfx_ovl_inode_init_once	0xffffffffc0a00410	0x0	overlay
ovl_inode_init_once	0xffffffffc0a00420	0x0	overlay
__pfx_ovl_destroy_inode	0xffffffffc0a00440	0x0	overlay
ovl_destroy_inode	0xffffffffc0a00450	0x0	overlay
__pfx_ovl_revalidate_real	0xffffffffc0a004c0	0x0	overlay
ovl_revalidate_real	0xffffffffc0a004d0	0x0	overlay
__pfx_ovl_dentry_revalidate_common	0xffffffffc0a00640	0x0	overlay
ovl_dentry_revalidate_common	0xffffffffc0a00650	0x0	overlay
__pfx_ovl_dentry_weak_revalidate	0xffffffffc0a00720	0x0	overlay
ovl_dentry_weak_revalidate	0xffffffffc0a00730	0x0	overlay
__pfx_ovl_dentry_revalidate	0xffffffffc0a00750	0x0	overlay
ovl_dentry_revalidate	0xffffffffc0a00760	0x0	overlay
__pfx_ovl_do_rename.constprop.0.isra.0	0xffffffffc0a00780	0x0	overlay
ovl_do_rename.constprop.0.isra.0	0xffffffffc0a00790	0x0	overlay
__pfx_ovl_get_root	0xffffffffc0a00870	0x0	overlay
ovl_get_root	0xffffffffc0a00880	0x0	overlay
__pfx_ovl_check_rename_whiteout	0xffffffffc0a00a70	0x0	overlay
ovl_check_rename_whiteout	0xffffffffc0a00a80	0x0	overlay
__pfx_ovl_workdir_create	0xffffffffc0a00ca0	0x0	overlay
ovl_workdir_create	0xffffffffc0a00cb0	0x0	overlay
__pfx_ovl_create_volatile_dirty	0xffffffffc0a00fd0	0x0	overlay
ovl_create_volatile_dirty	0xffffffffc0a00fe0	0x0	overlay
__pfx_ovl_check_layer.part.0	0xffffffffc0a01190	0x0	overlay
ovl_check_layer.part.0	0xffffffffc0a011a0	0x0	overlay
__pfx_ovl_make_workdir	0xffffffffc0a012c0	0x0	overlay
ovl_make_workdir	0xffffffffc0a012d0	0x0	overlay
__pfx_ovl_get_indexdir	0xffffffffc0a01800	0x0	overlay
ovl_get_indexdir	0xffffffffc0a01810	0x0	overlay
__pfx_ovl_get_fsid	0xffffffffc0a01a60	0x0	overlay
ovl_get_fsid	0xffffffffc0a01a70	0x0	overlay
__pfx_ovl_get_layers	0xffffffffc0a01d50	0x0	overlay
ovl_get_layers	0xffffffffc0a01d60	0x0	overlay
__pfx_ovl_get_lowerstack	0xffffffffc0a02080	0x0	overlay
ovl_get_lowerstack	0xffffffffc0a02090	0x0	overlay
__pfx_ovl_fill_super	0xffffffffc0a02340	0x0	overlay
ovl_fill_super	0xffffffffc0a02350	0x0	overlay
__pfx_ovl_check_follow_redirect	0xffffffffc0a02b90	0x0	overlay
ovl_check_follow_redirect	0xffffffffc0a02ba0	0x0	overlay
__pfx_ovl_check_redirect	0xffffffffc0a02c60	0x0	overlay
ovl_check_redirect	0xffffffffc0a02c70	0x0	overlay
__pfx_ovl_acceptable	0xffffffffc0a02d80	0x0	overlay
ovl_acceptable	0xffffffffc0a02d90	0x0	overlay
__pfx_ovl_lookup_single	0xffffffffc0a02de0	0x0	overlay
ovl_lookup_single	0xffffffffc0a02df0	0x0	overlay
__pfx_ovl_lookup_layer	0xffffffffc0a031e0	0x0	overlay
ovl_lookup_layer	0xffffffffc0a031f0	0x0	overlay
__pfx_ovl_get_fh	0xffffffffc0a03340	0x0	overlay
ovl_get_fh	0xffffffffc0a03350	0x0	overlay
__pfx_ovl_verify_fh	0xffffffffc0a035b0	0x0	overlay
ovl_verify_fh	0xffffffffc0a035c0	0x0	overlay
__pfx_ovl_check_fb_len	0xffffffffc0a03630	0x0	overlay
ovl_check_fb_len	0xffffffffc0a03640	0x0	overlay
__pfx_ovl_decode_real_fh	0xffffffffc0a036a0	0x0	overlay
ovl_decode_real_fh	0xffffffffc0a036b0	0x0	overlay
__pfx_ovl_check_origin_fh	0xffffffffc0a037b0	0x0	overlay
ovl_check_origin_fh	0xffffffffc0a037c0	0x0	overlay
__pfx_ovl_verify_set_fh	0xffffffffc0a039f0	0x0	overlay
ovl_verify_set_fh	0xffffffffc0a03a00	0x0	overlay
__pfx_ovl_verify_origin_xattr	0xffffffffc0a03b00	0x0	overlay
ovl_verify_origin_xattr	0xffffffffc0a03b10	0x0	overlay
__pfx_ovl_index_upper	0xffffffffc0a03bf0	0x0	overlay
ovl_index_upper	0xffffffffc0a03c00	0x0	overlay
__pfx_ovl_verify_index	0xffffffffc0a03d00	0x0	overlay
ovl_verify_index	0xffffffffc0a03d10	0x0	overlay
__pfx_ovl_get_index_name_fh	0xffffffffc0a03ff0	0x0	overlay
ovl_get_index_name_fh	0xffffffffc0a04000	0x0	overlay
__pfx_ovl_get_index_name	0xffffffffc0a04070	0x0	overlay
ovl_get_index_name	0xffffffffc0a04080	0x0	overlay
__pfx_ovl_get_index_fh	0xffffffffc0a040e0	0x0	overlay
ovl_get_index_fh	0xffffffffc0a040f0	0x0	overlay
__pfx_ovl_lookup_index	0xffffffffc0a041d0	0x0	overlay
ovl_lookup_index	0xffffffffc0a041e0	0x0	overlay
__pfx_ovl_path_next	0xffffffffc0a044a0	0x0	overlay
ovl_path_next	0xffffffffc0a044b0	0x0	overlay
__pfx_ovl_verify_lowerdata	0xffffffffc0a045c0	0x0	overlay
ovl_verify_lowerdata	0xffffffffc0a045d0	0x0	overlay
__pfx_ovl_lookup	0xffffffffc0a049a0	0x0	overlay
ovl_lookup	0xffffffffc0a049b0	0x0	overlay
__pfx_ovl_lower_positive	0xffffffffc0a057e0	0x0	overlay
ovl_lower_positive	0xffffffffc0a057f0	0x0	overlay
__pfx_super_set_uuid.constprop.0	0xffffffffc0a05950	0x0	overlay
super_set_uuid.constprop.0	0xffffffffc0a05960	0x0	overlay
__pfx_ovl_cleanup_index	0xffffffffc0a05990	0x0	overlay
ovl_cleanup_index	0xffffffffc0a059a0	0x0	overlay
__pfx_ovl_get_write_access	0xffffffffc0a05bf0	0x0	overlay
ovl_get_write_access	0xffffffffc0a05c00	0x0	overlay
__pfx_ovl_start_write	0xffffffffc0a05c30	0x0	overlay
ovl_start_write	0xffffffffc0a05c40	0x0	overlay
__pfx_ovl_want_write	0xffffffffc0a05ca0	0x0	overlay
ovl_want_write	0xffffffffc0a05cb0	0x0	overlay
__pfx_ovl_put_write_access	0xffffffffc0a05ce0	0x0	overlay
ovl_put_write_access	0xffffffffc0a05cf0	0x0	overlay
__pfx_ovl_end_write	0xffffffffc0a05d20	0x0	overlay
ovl_end_write	0xffffffffc0a05d30	0x0	overlay
__pfx_ovl_drop_write	0xffffffffc0a05d90	0x0	overlay
ovl_drop_write	0xffffffffc0a05da0	0x0	overlay
__pfx_ovl_workdir	0xffffffffc0a05dd0	0x0	overlay
ovl_workdir	0xffffffffc0a05de0	0x0	overlay
__pfx_ovl_override_creds	0xffffffffc0a05e00	0x0	overlay
ovl_override_creds	0xffffffffc0a05e10	0x0	overlay
__pfx_ovl_revert_creds	0xffffffffc0a05e50	0x0	overlay
ovl_revert_creds	0xffffffffc0a05e60	0x0	overlay
__pfx_ovl_can_decode_fh	0xffffffffc0a05e80	0x0	overlay
ovl_can_decode_fh	0xffffffffc0a05e90	0x0	overlay
__pfx_ovl_indexdir	0xffffffffc0a05ee0	0x0	overlay
ovl_indexdir	0xffffffffc0a05ef0	0x0	overlay
__pfx_ovl_index_all	0xffffffffc0a05f30	0x0	overlay
ovl_index_all	0xffffffffc0a05f40	0x0	overlay
__pfx_ovl_verify_lower	0xffffffffc0a05f80	0x0	overlay
ovl_verify_lower	0xffffffffc0a05f90	0x0	overlay
__pfx_ovl_stack_alloc	0xffffffffc0a05fd0	0x0	overlay
ovl_stack_alloc	0xffffffffc0a05fe0	0x0	overlay
__pfx_ovl_stack_cpy	0xffffffffc0a06000	0x0	overlay
ovl_stack_cpy	0xffffffffc0a06010	0x0	overlay
__pfx_ovl_stack_put	0xffffffffc0a06070	0x0	overlay
ovl_stack_put	0xffffffffc0a06080	0x0	overlay
__pfx_ovl_stack_free	0xffffffffc0a060d0	0x0	overlay
ovl_stack_free	0xffffffffc0a060e0	0x0	overlay
__pfx_ovl_alloc_entry	0xffffffffc0a06130	0x0	overlay
ovl_alloc_entry	0xffffffffc0a06140	0x0	overlay
__pfx_ovl_free_entry	0xffffffffc0a06180	0x0	overlay
ovl_free_entry	0xffffffffc0a06190	0x0	overlay
__pfx_ovl_dentry_remote	0xffffffffc0a061f0	0x0	overlay
ovl_dentry_remote	0xffffffffc0a06200	0x0	overlay
__pfx_ovl_dentry_update_reval	0xffffffffc0a06220	0x0	overlay
ovl_dentry_update_reval	0xffffffffc0a06230	0x0	overlay
__pfx_ovl_dentry_init_flags	0xffffffffc0a06280	0x0	overlay
ovl_dentry_init_flags	0xffffffffc0a06290	0x0	overlay
__pfx_ovl_dentry_init_reval	0xffffffffc0a06330	0x0	overlay
ovl_dentry_init_reval	0xffffffffc0a06340	0x0	overlay
__pfx_ovl_dentry_weird	0xffffffffc0a06360	0x0	overlay
ovl_dentry_weird	0xffffffffc0a06370	0x0	overlay
__pfx_ovl_path_upper	0xffffffffc0a063f0	0x0	overlay
ovl_path_upper	0xffffffffc0a06400	0x0	overlay
__pfx_ovl_path_lower	0xffffffffc0a06440	0x0	overlay
ovl_path_lower	0xffffffffc0a06450	0x0	overlay
__pfx_ovl_path_lowerdata	0xffffffffc0a064b0	0x0	overlay
ovl_path_lowerdata	0xffffffffc0a064c0	0x0	overlay
__pfx_ovl_dentry_upper	0xffffffffc0a06530	0x0	overlay
ovl_dentry_upper	0xffffffffc0a06540	0x0	overlay
__pfx_ovl_dentry_lower	0xffffffffc0a06560	0x0	overlay
ovl_dentry_lower	0xffffffffc0a06570	0x0	overlay
__pfx_ovl_layer_lower	0xffffffffc0a065b0	0x0	overlay
ovl_layer_lower	0xffffffffc0a065c0	0x0	overlay
__pfx_ovl_dentry_lowerdata	0xffffffffc0a06600	0x0	overlay
ovl_dentry_lowerdata	0xffffffffc0a06610	0x0	overlay
__pfx_ovl_dentry_set_lowerdata	0xffffffffc0a06660	0x0	overlay
ovl_dentry_set_lowerdata	0xffffffffc0a06670	0x0	overlay
__pfx_ovl_dentry_real	0xffffffffc0a06730	0x0	overlay
ovl_dentry_real	0xffffffffc0a06740	0x0	overlay
__pfx_ovl_i_dentry_upper	0xffffffffc0a067a0	0x0	overlay
ovl_i_dentry_upper	0xffffffffc0a067b0	0x0	overlay
__pfx_ovl_i_path_real	0xffffffffc0a067d0	0x0	overlay
ovl_i_path_real	0xffffffffc0a067e0	0x0	overlay
__pfx_ovl_inode_upper	0xffffffffc0a06870	0x0	overlay
ovl_inode_upper	0xffffffffc0a06880	0x0	overlay
__pfx_ovl_inode_lower	0xffffffffc0a068a0	0x0	overlay
ovl_inode_lower	0xffffffffc0a068b0	0x0	overlay
__pfx_ovl_inode_real	0xffffffffc0a068f0	0x0	overlay
ovl_inode_real	0xffffffffc0a06900	0x0	overlay
__pfx_ovl_inode_lowerdata	0xffffffffc0a06960	0x0	overlay
ovl_inode_lowerdata	0xffffffffc0a06970	0x0	overlay
__pfx_ovl_lowerdata_redirect	0xffffffffc0a069e0	0x0	overlay
ovl_lowerdata_redirect	0xffffffffc0a069f0	0x0	overlay
__pfx_ovl_dir_cache	0xffffffffc0a06a30	0x0	overlay
ovl_dir_cache	0xffffffffc0a06a40	0x0	overlay
__pfx_ovl_set_dir_cache	0xffffffffc0a06a80	0x0	overlay
ovl_set_dir_cache	0xffffffffc0a06a90	0x0	overlay
__pfx_ovl_dentry_set_flag	0xffffffffc0a06ab0	0x0	overlay
ovl_dentry_set_flag	0xffffffffc0a06ac0	0x0	overlay
__pfx_ovl_dentry_clear_flag	0xffffffffc0a06ae0	0x0	overlay
ovl_dentry_clear_flag	0xffffffffc0a06af0	0x0	overlay
__pfx_ovl_dentry_test_flag	0xffffffffc0a06b10	0x0	overlay
ovl_dentry_test_flag	0xffffffffc0a06b20	0x0	overlay
__pfx_ovl_dentry_is_opaque	0xffffffffc0a06b40	0x0	overlay
ovl_dentry_is_opaque	0xffffffffc0a06b50	0x0	overlay
__pfx_ovl_dentry_is_whiteout	0xffffffffc0a06b70	0x0	overlay
ovl_dentry_is_whiteout	0xffffffffc0a06b80	0x0	overlay
__pfx_ovl_dentry_set_opaque	0xffffffffc0a06bb0	0x0	overlay
ovl_dentry_set_opaque	0xffffffffc0a06bc0	0x0	overlay
__pfx_ovl_dentry_has_xwhiteouts	0xffffffffc0a06be0	0x0	overlay
ovl_dentry_has_xwhiteouts	0xffffffffc0a06bf0	0x0	overlay
__pfx_ovl_dentry_set_xwhiteouts	0xffffffffc0a06c10	0x0	overlay
ovl_dentry_set_xwhiteouts	0xffffffffc0a06c20	0x0	overlay
__pfx_ovl_layer_set_xwhiteouts	0xffffffffc0a06c40	0x0	overlay
ovl_layer_set_xwhiteouts	0xffffffffc0a06c50	0x0	overlay
__pfx_ovl_dentry_has_upper_alias	0xffffffffc0a06ca0	0x0	overlay
ovl_dentry_has_upper_alias	0xffffffffc0a06cb0	0x0	overlay
__pfx_ovl_dentry_set_upper_alias	0xffffffffc0a06cd0	0x0	overlay
ovl_dentry_set_upper_alias	0xffffffffc0a06ce0	0x0	overlay
__pfx_ovl_has_upperdata	0xffffffffc0a06d00	0x0	overlay
ovl_has_upperdata	0xffffffffc0a06d10	0x0	overlay
__pfx_ovl_path_type	0xffffffffc0a06d70	0x0	overlay
ovl_path_type	0xffffffffc0a06d80	0x0	overlay
__pfx_ovl_path_real	0xffffffffc0a06e30	0x0	overlay
ovl_path_real	0xffffffffc0a06e40	0x0	overlay
__pfx_ovl_path_realdata	0xffffffffc0a06ec0	0x0	overlay
ovl_path_realdata	0xffffffffc0a06ed0	0x0	overlay
__pfx_ovl_inode_realdata	0xffffffffc0a06f60	0x0	overlay
ovl_inode_realdata	0xffffffffc0a06f70	0x0	overlay
__pfx_ovl_set_upperdata	0xffffffffc0a07010	0x0	overlay
ovl_set_upperdata	0xffffffffc0a07020	0x0	overlay
__pfx_ovl_dentry_needs_data_copy_up_locked	0xffffffffc0a07040	0x0	overlay
ovl_dentry_needs_data_copy_up_locked	0xffffffffc0a07050	0x0	overlay
__pfx_ovl_dentry_needs_data_copy_up	0xffffffffc0a07090	0x0	overlay
ovl_dentry_needs_data_copy_up	0xffffffffc0a070a0	0x0	overlay
__pfx_ovl_dentry_get_redirect	0xffffffffc0a070e0	0x0	overlay
ovl_dentry_get_redirect	0xffffffffc0a070f0	0x0	overlay
__pfx_ovl_dentry_set_redirect	0xffffffffc0a07110	0x0	overlay
ovl_dentry_set_redirect	0xffffffffc0a07120	0x0	overlay
__pfx_ovl_inode_update	0xffffffffc0a07150	0x0	overlay
ovl_inode_update	0xffffffffc0a07160	0x0	overlay
__pfx_ovl_inode_version_get	0xffffffffc0a071b0	0x0	overlay
ovl_inode_version_get	0xffffffffc0a071c0	0x0	overlay
__pfx_ovl_is_whiteout	0xffffffffc0a071f0	0x0	overlay
ovl_is_whiteout	0xffffffffc0a07200	0x0	overlay
__pfx_ovl_path_open	0xffffffffc0a07240	0x0	overlay
ovl_path_open	0xffffffffc0a07250	0x0	overlay
__pfx_ovl_already_copied_up	0xffffffffc0a07300	0x0	overlay
ovl_already_copied_up	0xffffffffc0a07310	0x0	overlay
__pfx_ovl_copy_up_start	0xffffffffc0a07370	0x0	overlay
ovl_copy_up_start	0xffffffffc0a07380	0x0	overlay
__pfx_ovl_copy_up_end	0xffffffffc0a07460	0x0	overlay
ovl_copy_up_end	0xffffffffc0a07470	0x0	overlay
__pfx_ovl_path_check_origin_xattr	0xffffffffc0a074b0	0x0	overlay
ovl_path_check_origin_xattr	0xffffffffc0a074c0	0x0	overlay
__pfx_ovl_path_check_xwhiteout_xattr	0xffffffffc0a07560	0x0	overlay
ovl_path_check_xwhiteout_xattr	0xffffffffc0a07570	0x0	overlay
__pfx_ovl_path_is_whiteout	0xffffffffc0a07630	0x0	overlay
ovl_path_is_whiteout	0xffffffffc0a07640	0x0	overlay
__pfx_ovl_init_uuid_xattr	0xffffffffc0a07680	0x0	overlay
ovl_init_uuid_xattr	0xffffffffc0a07690	0x0	overlay
__pfx_ovl_get_dir_xattr_val	0xffffffffc0a07940	0x0	overlay
ovl_get_dir_xattr_val	0xffffffffc0a07950	0x0	overlay
__pfx_ovl_check_setxattr	0xffffffffc0a07a60	0x0	overlay
ovl_check_setxattr	0xffffffffc0a07a70	0x0	overlay
__pfx_ovl_set_impure	0xffffffffc0a07b80	0x0	overlay
ovl_set_impure	0xffffffffc0a07b90	0x0	overlay
__pfx_ovl_check_protattr	0xffffffffc0a07bf0	0x0	overlay
ovl_check_protattr	0xffffffffc0a07c00	0x0	overlay
__pfx_ovl_set_protattr	0xffffffffc0a07e20	0x0	overlay
ovl_set_protattr	0xffffffffc0a07e30	0x0	overlay
__pfx_ovl_inuse_trylock	0xffffffffc0a07fc0	0x0	overlay
ovl_inuse_trylock	0xffffffffc0a07fd0	0x0	overlay
__pfx_ovl_inuse_unlock	0xffffffffc0a08030	0x0	overlay
ovl_inuse_unlock	0xffffffffc0a08040	0x0	overlay
__pfx_ovl_is_inuse	0xffffffffc0a080a0	0x0	overlay
ovl_is_inuse	0xffffffffc0a080b0	0x0	overlay
__pfx_ovl_need_index	0xffffffffc0a08100	0x0	overlay
ovl_need_index	0xffffffffc0a08110	0x0	overlay
__pfx_ovl_nlink_start	0xffffffffc0a08200	0x0	overlay
ovl_nlink_start	0xffffffffc0a08210	0x0	overlay
__pfx_ovl_nlink_end	0xffffffffc0a08340	0x0	overlay
ovl_nlink_end	0xffffffffc0a08350	0x0	overlay
__pfx_ovl_lock_rename_workdir	0xffffffffc0a083e0	0x0	overlay
ovl_lock_rename_workdir	0xffffffffc0a083f0	0x0	overlay
__pfx_ovl_check_metacopy_xattr	0xffffffffc0a08480	0x0	overlay
ovl_check_metacopy_xattr	0xffffffffc0a08490	0x0	overlay
__pfx_ovl_set_metacopy_xattr	0xffffffffc0a086f0	0x0	overlay
ovl_set_metacopy_xattr	0xffffffffc0a08700	0x0	overlay
__pfx_ovl_is_metacopy_dentry	0xffffffffc0a08740	0x0	overlay
ovl_is_metacopy_dentry	0xffffffffc0a08750	0x0	overlay
__pfx_ovl_get_redirect_xattr	0xffffffffc0a087b0	0x0	overlay
ovl_get_redirect_xattr	0xffffffffc0a087c0	0x0	overlay
__pfx_ovl_ensure_verity_loaded	0xffffffffc0a08a30	0x0	overlay
ovl_ensure_verity_loaded	0xffffffffc0a08a40	0x0	overlay
__pfx_ovl_validate_verity	0xffffffffc0a08aa0	0x0	overlay
ovl_validate_verity	0xffffffffc0a08ab0	0x0	overlay
__pfx_ovl_get_verity_digest	0xffffffffc0a08ce0	0x0	overlay
ovl_get_verity_digest	0xffffffffc0a08cf0	0x0	overlay
__pfx_ovl_sync_status	0xffffffffc0a08dd0	0x0	overlay
ovl_sync_status	0xffffffffc0a08de0	0x0	overlay
__pfx_ovl_copyattr	0xffffffffc0a08e40	0x0	overlay
ovl_copyattr	0xffffffffc0a08e50	0x0	overlay
__pfx_ovl_dir_modified	0xffffffffc0a08f60	0x0	overlay
ovl_dir_modified	0xffffffffc0a08f70	0x0	overlay
__pfx_ovl_parent_lock	0xffffffffc0a08fd0	0x0	overlay
ovl_parent_lock	0xffffffffc0a08fe0	0x0	overlay
__pfx_ovl_inode_test	0xffffffffc0a09050	0x0	overlay
ovl_inode_test	0xffffffffc0a09060	0x0	overlay
__pfx_ovl_inode_set	0xffffffffc0a09080	0x0	overlay
ovl_inode_set	0xffffffffc0a09090	0x0	overlay
__pfx_ovl_getattr	0xffffffffc0a090b0	0x0	overlay
ovl_getattr	0xffffffffc0a090c0	0x0	overlay
__pfx_ovl_permission	0xffffffffc0a09570	0x0	overlay
ovl_permission	0xffffffffc0a09580	0x0	overlay
__pfx_ovl_security_fileattr	0xffffffffc0a096b0	0x0	overlay
ovl_security_fileattr	0xffffffffc0a096c0	0x0	overlay
__pfx_ovl_fill_inode	0xffffffffc0a09760	0x0	overlay
ovl_fill_inode	0xffffffffc0a09770	0x0	overlay
__pfx_ovl_fiemap	0xffffffffc0a09810	0x0	overlay
ovl_fiemap	0xffffffffc0a09820	0x0	overlay
__pfx_ovl_verify_inode	0xffffffffc0a098b0	0x0	overlay
ovl_verify_inode	0xffffffffc0a098c0	0x0	overlay
__pfx_ovl_update_time	0xffffffffc0a099a0	0x0	overlay
ovl_update_time	0xffffffffc0a099b0	0x0	overlay
__pfx_ovl_get_link	0xffffffffc0a09a40	0x0	overlay
ovl_get_link	0xffffffffc0a09a50	0x0	overlay
__pfx_ovl_set_or_remove_acl	0xffffffffc0a09ab0	0x0	overlay
ovl_set_or_remove_acl	0xffffffffc0a09ac0	0x0	overlay
__pfx_ovl_setattr	0xffffffffc0a09cc0	0x0	overlay
ovl_setattr	0xffffffffc0a09cd0	0x0	overlay
__pfx_ovl_set_acl	0xffffffffc0a09e30	0x0	overlay
ovl_set_acl	0xffffffffc0a09e40	0x0	overlay
__pfx_ovl_set_nlink_common.isra.0	0xffffffffc0a09fd0	0x0	overlay
ovl_set_nlink_common.isra.0	0xffffffffc0a09fe0	0x0	overlay
__pfx_ovl_fileattr_get	0xffffffffc0a0a100	0x0	overlay
ovl_fileattr_get	0xffffffffc0a0a110	0x0	overlay
__pfx_ovl_fileattr_set	0xffffffffc0a0a1f0	0x0	overlay
ovl_fileattr_set	0xffffffffc0a0a200	0x0	overlay
__pfx_ovl_get_acl_path	0xffffffffc0a0a330	0x0	overlay
ovl_get_acl_path	0xffffffffc0a0a340	0x0	overlay
__pfx_do_ovl_get_acl	0xffffffffc0a0a4f0	0x0	overlay
do_ovl_get_acl	0xffffffffc0a0a500	0x0	overlay
__pfx_ovl_get_acl	0xffffffffc0a0a630	0x0	overlay
ovl_get_acl	0xffffffffc0a0a640	0x0	overlay
__pfx_ovl_get_inode_acl	0xffffffffc0a0a660	0x0	overlay
ovl_get_inode_acl	0xffffffffc0a0a670	0x0	overlay
__pfx_ovl_real_fileattr_set	0xffffffffc0a0a6a0	0x0	overlay
ovl_real_fileattr_set	0xffffffffc0a0a6b0	0x0	overlay
__pfx_ovl_real_fileattr_get	0xffffffffc0a0a6f0	0x0	overlay
ovl_real_fileattr_get	0xffffffffc0a0a700	0x0	overlay
__pfx_ovl_inode_init	0xffffffffc0a0a750	0x0	overlay
ovl_inode_init	0xffffffffc0a0a760	0x0	overlay
__pfx_ovl_set_nlink_upper	0xffffffffc0a0a8b0	0x0	overlay
ovl_set_nlink_upper	0xffffffffc0a0a8c0	0x0	overlay
__pfx_ovl_set_nlink_lower	0xffffffffc0a0a8f0	0x0	overlay
ovl_set_nlink_lower	0xffffffffc0a0a900	0x0	overlay
__pfx_ovl_get_nlink	0xffffffffc0a0a930	0x0	overlay
ovl_get_nlink	0xffffffffc0a0a940	0x0	overlay
__pfx_ovl_new_inode	0xffffffffc0a0ab20	0x0	overlay
ovl_new_inode	0xffffffffc0a0ab30	0x0	overlay
__pfx_ovl_lookup_inode	0xffffffffc0a0ac20	0x0	overlay
ovl_lookup_inode	0xffffffffc0a0ac30	0x0	overlay
__pfx_ovl_lookup_trap_inode	0xffffffffc0a0acb0	0x0	overlay
ovl_lookup_trap_inode	0xffffffffc0a0acc0	0x0	overlay
__pfx_ovl_get_trap_inode	0xffffffffc0a0ad40	0x0	overlay
ovl_get_trap_inode	0xffffffffc0a0ad50	0x0	overlay
__pfx_ovl_get_inode	0xffffffffc0a0adf0	0x0	overlay
ovl_get_inode	0xffffffffc0a0ae00	0x0	overlay
__pfx_ovl_open_realfile	0xffffffffc0a0b3a0	0x0	overlay
ovl_open_realfile	0xffffffffc0a0b3b0	0x0	overlay
__pfx_ovl_file_end_write	0xffffffffc0a0b530	0x0	overlay
ovl_file_end_write	0xffffffffc0a0b540	0x0	overlay
__pfx_ovl_mmap	0xffffffffc0a0b560	0x0	overlay
ovl_mmap	0xffffffffc0a0b570	0x0	overlay
__pfx_ovl_file_accessed	0xffffffffc0a0b5e0	0x0	overlay
ovl_file_accessed	0xffffffffc0a0b5f0	0x0	overlay
__pfx_ovl_change_flags	0xffffffffc0a0b690	0x0	overlay
ovl_change_flags	0xffffffffc0a0b6a0	0x0	overlay
__pfx_ovl_real_file_path	0xffffffffc0a0b770	0x0	overlay
ovl_real_file_path	0xffffffffc0a0b780	0x0	overlay
__pfx_ovl_real_file	0xffffffffc0a0b860	0x0	overlay
ovl_real_file	0xffffffffc0a0b870	0x0	overlay
__pfx_ovl_fadvise	0xffffffffc0a0b930	0x0	overlay
ovl_fadvise	0xffffffffc0a0b940	0x0	overlay
__pfx_ovl_flush	0xffffffffc0a0b9b0	0x0	overlay
ovl_flush	0xffffffffc0a0b9c0	0x0	overlay
__pfx_ovl_copyfile	0xffffffffc0a0ba40	0x0	overlay
ovl_copyfile	0xffffffffc0a0ba50	0x0	overlay
__pfx_ovl_remap_file_range	0xffffffffc0a0bb80	0x0	overlay
ovl_remap_file_range	0xffffffffc0a0bb90	0x0	overlay
__pfx_ovl_copy_file_range	0xffffffffc0a0bc40	0x0	overlay
ovl_copy_file_range	0xffffffffc0a0bc50	0x0	overlay
__pfx_ovl_fallocate	0xffffffffc0a0bc70	0x0	overlay
ovl_fallocate	0xffffffffc0a0bc80	0x0	overlay
__pfx_ovl_read_iter	0xffffffffc0a0bd40	0x0	overlay
ovl_read_iter	0xffffffffc0a0bd50	0x0	overlay
__pfx_ovl_llseek	0xffffffffc0a0bdf0	0x0	overlay
ovl_llseek	0xffffffffc0a0be00	0x0	overlay
__pfx_ovl_write_iter	0xffffffffc0a0bed0	0x0	overlay
ovl_write_iter	0xffffffffc0a0bee0	0x0	overlay
__pfx_ovl_fsync	0xffffffffc0a0bff0	0x0	overlay
ovl_fsync	0xffffffffc0a0c000	0x0	overlay
__pfx_ovl_splice_write	0xffffffffc0a0c100	0x0	overlay
ovl_splice_write	0xffffffffc0a0c110	0x0	overlay
__pfx_ovl_splice_read	0xffffffffc0a0c2d0	0x0	overlay
ovl_splice_read	0xffffffffc0a0c2e0	0x0	overlay
__pfx_ovl_release	0xffffffffc0a0c460	0x0	overlay
ovl_release	0xffffffffc0a0c470	0x0	overlay
__pfx_ovl_open	0xffffffffc0a0c4b0	0x0	overlay
ovl_open	0xffffffffc0a0c4c0	0x0	overlay
__pfx_ovl_file_alloc	0xffffffffc0a0c610	0x0	overlay
ovl_file_alloc	0xffffffffc0a0c620	0x0	overlay
__pfx_ovl_file_free	0xffffffffc0a0c690	0x0	overlay
ovl_file_free	0xffffffffc0a0c6a0	0x0	overlay
__pfx_ovl_dummy_open	0xffffffffc0a0c6e0	0x0	overlay
ovl_dummy_open	0xffffffffc0a0c6f0	0x0	overlay
__pfx_ovl_get_acl	0xffffffffc0a0c710	0x0	overlay
ovl_get_acl	0xffffffffc0a0c720	0x0	overlay
__pfx_ovl_get_inode_acl	0xffffffffc0a0c740	0x0	overlay
ovl_get_inode_acl	0xffffffffc0a0c750	0x0	overlay
__pfx_ovl_instantiate	0xffffffffc0a0c780	0x0	overlay
ovl_instantiate	0xffffffffc0a0c790	0x0	overlay
__pfx_ovl_can_move	0xffffffffc0a0c8e0	0x0	overlay
ovl_can_move	0xffffffffc0a0c8f0	0x0	overlay
__pfx_ovl_set_opaque_xerr	0xffffffffc0a0c940	0x0	overlay
ovl_set_opaque_xerr	0xffffffffc0a0c950	0x0	overlay
__pfx_ovl_setup_cred_for_create	0xffffffffc0a0c9b0	0x0	overlay
ovl_setup_cred_for_create	0xffffffffc0a0c9c0	0x0	overlay
__pfx_ovl_do_rename.isra.0	0xffffffffc0a0ca80	0x0	overlay
ovl_do_rename.isra.0	0xffffffffc0a0ca90	0x0	overlay
__pfx_ovl_create_tmpfile	0xffffffffc0a0cb70	0x0	overlay
ovl_create_tmpfile	0xffffffffc0a0cb80	0x0	overlay
__pfx_ovl_tmpfile	0xffffffffc0a0cd60	0x0	overlay
ovl_tmpfile	0xffffffffc0a0cd70	0x0	overlay
__pfx_ovl_cleanup.part.0	0xffffffffc0a0cea0	0x0	overlay
ovl_cleanup.part.0	0xffffffffc0a0ceb0	0x0	overlay
__pfx_ovl_drop_nlink	0xffffffffc0a0cfa0	0x0	overlay
ovl_drop_nlink	0xffffffffc0a0cfb0	0x0	overlay
__pfx_ovl_get_redirect	0xffffffffc0a0d040	0x0	overlay
ovl_get_redirect	0xffffffffc0a0d050	0x0	overlay
__pfx_ovl_set_redirect	0xffffffffc0a0d210	0x0	overlay
ovl_set_redirect	0xffffffffc0a0d220	0x0	overlay
__pfx_ovl_cleanup	0xffffffffc0a0d380	0x0	overlay
ovl_cleanup	0xffffffffc0a0d390	0x0	overlay
__pfx_ovl_lookup_temp	0xffffffffc0a0d3e0	0x0	overlay
ovl_lookup_temp	0xffffffffc0a0d3f0	0x0	overlay
__pfx_ovl_whiteout	0xffffffffc0a0d510	0x0	overlay
ovl_whiteout	0xffffffffc0a0d520	0x0	overlay
__pfx_ovl_cleanup_and_whiteout	0xffffffffc0a0d750	0x0	overlay
ovl_cleanup_and_whiteout	0xffffffffc0a0d760	0x0	overlay
__pfx_ovl_create_real	0xffffffffc0a0d950	0x0	overlay
ovl_create_real	0xffffffffc0a0d960	0x0	overlay
__pfx_ovl_create_upper	0xffffffffc0a0dca0	0x0	overlay
ovl_create_upper	0xffffffffc0a0dcb0	0x0	overlay
__pfx_ovl_clear_empty	0xffffffffc0a0de80	0x0	overlay
ovl_clear_empty	0xffffffffc0a0de90	0x0	overlay
__pfx_ovl_rename	0xffffffffc0a0e290	0x0	overlay
ovl_rename	0xffffffffc0a0e2a0	0x0	overlay
__pfx_ovl_remove_upper	0xffffffffc0a0ed60	0x0	overlay
ovl_remove_upper	0xffffffffc0a0ed70	0x0	overlay
__pfx_ovl_do_remove	0xffffffffc0a0ef60	0x0	overlay
ovl_do_remove	0xffffffffc0a0ef70	0x0	overlay
__pfx_ovl_rmdir	0xffffffffc0a0f2c0	0x0	overlay
ovl_rmdir	0xffffffffc0a0f2d0	0x0	overlay
__pfx_ovl_unlink	0xffffffffc0a0f2f0	0x0	overlay
ovl_unlink	0xffffffffc0a0f300	0x0	overlay
__pfx_ovl_create_over_whiteout	0xffffffffc0a0f320	0x0	overlay
ovl_create_over_whiteout	0xffffffffc0a0f330	0x0	overlay
__pfx_ovl_create_or_link	0xffffffffc0a0fa00	0x0	overlay
ovl_create_or_link	0xffffffffc0a0fa10	0x0	overlay
__pfx_ovl_create_object	0xffffffffc0a0fb30	0x0	overlay
ovl_create_object	0xffffffffc0a0fb40	0x0	overlay
__pfx_ovl_mknod	0xffffffffc0a0fc70	0x0	overlay
ovl_mknod	0xffffffffc0a0fc80	0x0	overlay
__pfx_ovl_mkdir	0xffffffffc0a0fcc0	0x0	overlay
ovl_mkdir	0xffffffffc0a0fcd0	0x0	overlay
__pfx_ovl_symlink	0xffffffffc0a0fd00	0x0	overlay
ovl_symlink	0xffffffffc0a0fd10	0x0	overlay
__pfx_ovl_create	0xffffffffc0a0fd30	0x0	overlay
ovl_create	0xffffffffc0a0fd40	0x0	overlay
__pfx_ovl_link	0xffffffffc0a0fd70	0x0	overlay
ovl_link	0xffffffffc0a0fd80	0x0	overlay
__pfx_ovl_create_temp	0xffffffffc0a0feb0	0x0	overlay
ovl_create_temp	0xffffffffc0a0fec0	0x0	overlay
__pfx_shared_ovl_iterate	0xffffffffc0a0ff30	0x0	overlay
shared_ovl_iterate	0xffffffffc0a0ff40	0x0	overlay
__pfx_ovl_check_d_type	0xffffffffc0a0ff60	0x0	overlay
ovl_check_d_type	0xffffffffc0a0ff70	0x0	overlay
__pfx_ovl_remap_lower_ino	0xffffffffc0a0fff0	0x0	overlay
ovl_remap_lower_ino	0xffffffffc0a10000	0x0	overlay
__pfx_ovl_check_whiteouts	0xffffffffc0a100b0	0x0	overlay
ovl_check_whiteouts	0xffffffffc0a100c0	0x0	overlay
__pfx_ovl_cache_entry_new	0xffffffffc0a101d0	0x0	overlay
ovl_cache_entry_new	0xffffffffc0a101e0	0x0	overlay
__pfx_ovl_fill_plain	0xffffffffc0a10390	0x0	overlay
ovl_fill_plain	0xffffffffc0a103a0	0x0	overlay
__pfx_ovl_cache_update	0xffffffffc0a10400	0x0	overlay
ovl_cache_update	0xffffffffc0a10410	0x0	overlay
__pfx_ovl_fill_merge	0xffffffffc0a106f0	0x0	overlay
ovl_fill_merge	0xffffffffc0a10700	0x0	overlay
__pfx_ovl_dir_open	0xffffffffc0a10900	0x0	overlay
ovl_dir_open	0xffffffffc0a10910	0x0	overlay
__pfx_ovl_fill_real	0xffffffffc0a10a50	0x0	overlay
ovl_fill_real	0xffffffffc0a10a60	0x0	overlay
__pfx_ovl_dir_read_merged	0xffffffffc0a10ba0	0x0	overlay
ovl_dir_read_merged	0xffffffffc0a10bb0	0x0	overlay
__pfx_ovl_cache_put.isra.0	0xffffffffc0a10e40	0x0	overlay
ovl_cache_put.isra.0	0xffffffffc0a10e50	0x0	overlay
__pfx_ovl_dir_reset.isra.0	0xffffffffc0a10f00	0x0	overlay
ovl_dir_reset.isra.0	0xffffffffc0a10f10	0x0	overlay
__pfx_ovl_dir_llseek	0xffffffffc0a10fa0	0x0	overlay
ovl_dir_llseek	0xffffffffc0a10fb0	0x0	overlay
__pfx_ovl_dir_release	0xffffffffc0a110c0	0x0	overlay
ovl_dir_release	0xffffffffc0a110d0	0x0	overlay
__pfx_ovl_dir_read_impure	0xffffffffc0a11140	0x0	overlay
ovl_dir_read_impure	0xffffffffc0a11150	0x0	overlay
__pfx_ovl_cache_get_impure	0xffffffffc0a11490	0x0	overlay
ovl_cache_get_impure	0xffffffffc0a114a0	0x0	overlay
__pfx_ovl_iterate_real	0xffffffffc0a116d0	0x0	overlay
ovl_iterate_real	0xffffffffc0a116e0	0x0	overlay
__pfx_ovl_iterate	0xffffffffc0a11870	0x0	overlay
ovl_iterate	0xffffffffc0a11880	0x0	overlay
__pfx_ovl_cache_free	0xffffffffc0a11bf0	0x0	overlay
ovl_cache_free	0xffffffffc0a11c00	0x0	overlay
__pfx_ovl_dir_cache_free	0xffffffffc0a11c50	0x0	overlay
ovl_dir_cache_free	0xffffffffc0a11c60	0x0	overlay
__pfx_ovl_dir_real_file	0xffffffffc0a11cd0	0x0	overlay
ovl_dir_real_file	0xffffffffc0a11ce0	0x0	overlay
__pfx_ovl_dir_fsync	0xffffffffc0a11e00	0x0	overlay
ovl_dir_fsync	0xffffffffc0a11e10	0x0	overlay
__pfx_ovl_check_empty_dir	0xffffffffc0a11e80	0x0	overlay
ovl_check_empty_dir	0xffffffffc0a11e90	0x0	overlay
__pfx_ovl_cleanup_whiteouts	0xffffffffc0a11fc0	0x0	overlay
ovl_cleanup_whiteouts	0xffffffffc0a11fd0	0x0	overlay
__pfx_ovl_check_d_type_supported	0xffffffffc0a12100	0x0	overlay
ovl_check_d_type_supported	0xffffffffc0a12110	0x0	overlay
__pfx_ovl_workdir_cleanup	0xffffffffc0a12220	0x0	overlay
ovl_workdir_cleanup	0xffffffffc0a12230	0x0	overlay
__pfx_ovl_workdir_cleanup_recurse	0xffffffffc0a12340	0x0	overlay
ovl_workdir_cleanup_recurse	0xffffffffc0a12350	0x0	overlay
__pfx_ovl_indexdir_cleanup	0xffffffffc0a12620	0x0	overlay
ovl_indexdir_cleanup	0xffffffffc0a12630	0x0	overlay
__pfx_ovl_ccup_get	0xffffffffc0a12940	0x0	overlay
ovl_ccup_get	0xffffffffc0a12950	0x0	overlay
__pfx_ovl_ccup_set	0xffffffffc0a12970	0x0	overlay
ovl_ccup_set	0xffffffffc0a12980	0x0	overlay
__pfx_ovl_copy_fileattr	0xffffffffc0a129a0	0x0	overlay
ovl_copy_fileattr	0xffffffffc0a129b0	0x0	overlay
__pfx_ovl_do_rename.constprop.0.isra.0	0xffffffffc0a12b80	0x0	overlay
ovl_do_rename.constprop.0.isra.0	0xffffffffc0a12b90	0x0	overlay
__pfx_ovl_copy_up_file	0xffffffffc0a12c60	0x0	overlay
ovl_copy_up_file	0xffffffffc0a12c70	0x0	overlay
__pfx_ovl_copy_up_data	0xffffffffc0a12f10	0x0	overlay
ovl_copy_up_data	0xffffffffc0a12f20	0x0	overlay
__pfx_ovl_set_size.isra.0	0xffffffffc0a13000	0x0	overlay
ovl_set_size.isra.0	0xffffffffc0a13010	0x0	overlay
__pfx_ovl_set_timestamps.isra.0	0xffffffffc0a13090	0x0	overlay
ovl_set_timestamps.isra.0	0xffffffffc0a130a0	0x0	overlay
__pfx_ovl_set_attr.part.0	0xffffffffc0a13140	0x0	overlay
ovl_set_attr.part.0	0xffffffffc0a13150	0x0	overlay
__pfx_ovl_link_up	0xffffffffc0a13200	0x0	overlay
ovl_link_up	0xffffffffc0a13210	0x0	overlay
__pfx_ovl_getxattr_value.constprop.0	0xffffffffc0a133e0	0x0	overlay
ovl_getxattr_value.constprop.0	0xffffffffc0a133f0	0x0	overlay
__pfx_ovl_copy_up_meta_inode_data	0xffffffffc0a13560	0x0	overlay
ovl_copy_up_meta_inode_data	0xffffffffc0a13570	0x0	overlay
__pfx_ovl_copy_xattr	0xffffffffc0a13790	0x0	overlay
ovl_copy_xattr	0xffffffffc0a137a0	0x0	overlay
__pfx_ovl_set_attr	0xffffffffc0a13d30	0x0	overlay
ovl_set_attr	0xffffffffc0a13d40	0x0	overlay
__pfx_ovl_copy_up_metadata	0xffffffffc0a13df0	0x0	overlay
ovl_copy_up_metadata	0xffffffffc0a13e00	0x0	overlay
__pfx_ovl_copy_up_tmpfile	0xffffffffc0a14100	0x0	overlay
ovl_copy_up_tmpfile	0xffffffffc0a14110	0x0	overlay
__pfx_ovl_encode_real_fh	0xffffffffc0a14470	0x0	overlay
ovl_encode_real_fh	0xffffffffc0a14480	0x0	overlay
__pfx_ovl_create_index	0xffffffffc0a145d0	0x0	overlay
ovl_create_index	0xffffffffc0a145e0	0x0	overlay
__pfx_ovl_copy_up_workdir	0xffffffffc0a14890	0x0	overlay
ovl_copy_up_workdir	0xffffffffc0a148a0	0x0	overlay
__pfx_ovl_do_copy_up	0xffffffffc0a14c40	0x0	overlay
ovl_do_copy_up	0xffffffffc0a14c50	0x0	overlay
__pfx_ovl_copy_up_one	0xffffffffc0a14f50	0x0	overlay
ovl_copy_up_one	0xffffffffc0a14f60	0x0	overlay
__pfx_ovl_copy_up_flags	0xffffffffc0a15370	0x0	overlay
ovl_copy_up_flags	0xffffffffc0a15380	0x0	overlay
__pfx_ovl_get_origin_fh	0xffffffffc0a15490	0x0	overlay
ovl_get_origin_fh	0xffffffffc0a154a0	0x0	overlay
__pfx_ovl_set_origin_fh	0xffffffffc0a154e0	0x0	overlay
ovl_set_origin_fh	0xffffffffc0a154f0	0x0	overlay
__pfx_ovl_maybe_copy_up	0xffffffffc0a15530	0x0	overlay
ovl_maybe_copy_up	0xffffffffc0a15540	0x0	overlay
__pfx_ovl_copy_up_with_data	0xffffffffc0a155d0	0x0	overlay
ovl_copy_up_with_data	0xffffffffc0a155e0	0x0	overlay
__pfx_ovl_copy_up	0xffffffffc0a15600	0x0	overlay
ovl_copy_up	0xffffffffc0a15610	0x0	overlay
__pfx_ovl_get_name	0xffffffffc0a15630	0x0	overlay
ovl_get_name	0xffffffffc0a15640	0x0	overlay
__pfx_ovl_get_parent	0xffffffffc0a15660	0x0	overlay
ovl_get_parent	0xffffffffc0a15670	0x0	overlay
__pfx_ovl_fh_to_parent	0xffffffffc0a15690	0x0	overlay
ovl_fh_to_parent	0xffffffffc0a156a0	0x0	overlay
__pfx_ovl_dentry_real_at	0xffffffffc0a156f0	0x0	overlay
ovl_dentry_real_at	0xffffffffc0a15700	0x0	overlay
__pfx_ovl_lookup_real_inode	0xffffffffc0a15780	0x0	overlay
ovl_lookup_real_inode	0xffffffffc0a15790	0x0	overlay
__pfx_ovl_lookup_real_ancestor	0xffffffffc0a15900	0x0	overlay
ovl_lookup_real_ancestor	0xffffffffc0a15910	0x0	overlay
__pfx_ovl_lookup_real	0xffffffffc0a15a00	0x0	overlay
ovl_lookup_real	0xffffffffc0a15a10	0x0	overlay
__pfx_ovl_get_dentry	0xffffffffc0a15dd0	0x0	overlay
ovl_get_dentry	0xffffffffc0a15de0	0x0	overlay
__pfx_ovl_lower_fh_to_d	0xffffffffc0a15fd0	0x0	overlay
ovl_lower_fh_to_d	0xffffffffc0a15fe0	0x0	overlay
__pfx_ovl_connect_layer	0xffffffffc0a16240	0x0	overlay
ovl_connect_layer	0xffffffffc0a16250	0x0	overlay
__pfx_ovl_dentry_to_fid	0xffffffffc0a16480	0x0	overlay
ovl_dentry_to_fid	0xffffffffc0a16490	0x0	overlay
__pfx_ovl_encode_fh	0xffffffffc0a16630	0x0	overlay
ovl_encode_fh	0xffffffffc0a16640	0x0	overlay
__pfx_ovl_fid_to_fh	0xffffffffc0a166b0	0x0	overlay
ovl_fid_to_fh	0xffffffffc0a166c0	0x0	overlay
__pfx_ovl_fh_to_dentry	0xffffffffc0a16740	0x0	overlay
ovl_fh_to_dentry	0xffffffffc0a16750	0x0	overlay
__pfx_ovl_next_opt	0xffffffffc0a16900	0x0	overlay
ovl_next_opt	0xffffffffc0a16910	0x0	overlay
__pfx_ovl_get_tree	0xffffffffc0a16970	0x0	overlay
ovl_get_tree	0xffffffffc0a16980	0x0	overlay
__pfx_ovl_parse_monolithic	0xffffffffc0a169a0	0x0	overlay
ovl_parse_monolithic	0xffffffffc0a169b0	0x0	overlay
__pfx_ovl_mount_dir_check	0xffffffffc0a169d0	0x0	overlay
ovl_mount_dir_check	0xffffffffc0a169e0	0x0	overlay
__pfx_ovl_reconfigure	0xffffffffc0a16bd0	0x0	overlay
ovl_reconfigure	0xffffffffc0a16be0	0x0	overlay
__pfx_ovl_add_layer.isra.0	0xffffffffc0a16c90	0x0	overlay
ovl_add_layer.isra.0	0xffffffffc0a16ca0	0x0	overlay
__pfx_ovl_do_parse_layer	0xffffffffc0a16da0	0x0	overlay
ovl_do_parse_layer	0xffffffffc0a16db0	0x0	overlay
__pfx_ovl_mount_dir	0xffffffffc0a16f10	0x0	overlay
ovl_mount_dir	0xffffffffc0a16f20	0x0	overlay
__pfx_ovl_parse_param_lowerdir	0xffffffffc0a16fd0	0x0	overlay
ovl_parse_param_lowerdir	0xffffffffc0a16fe0	0x0	overlay
__pfx_ovl_parse_layer	0xffffffffc0a172d0	0x0	overlay
ovl_parse_layer	0xffffffffc0a172e0	0x0	overlay
__pfx_ovl_parse_param	0xffffffffc0a174b0	0x0	overlay
ovl_parse_param	0xffffffffc0a174c0	0x0	overlay
__pfx_seq_show_option	0xffffffffc0a17770	0x0	overlay
seq_show_option	0xffffffffc0a17780	0x0	overlay
__pfx_ovl_xino_mode	0xffffffffc0a17800	0x0	overlay
ovl_xino_mode	0xffffffffc0a17810	0x0	overlay
__pfx_ovl_init_fs_context	0xffffffffc0a17850	0x0	overlay
ovl_init_fs_context	0xffffffffc0a17860	0x0	overlay
__pfx_ovl_free_fs	0xffffffffc0a17a90	0x0	overlay
ovl_free_fs	0xffffffffc0a17aa0	0x0	overlay
__pfx_ovl_free	0xffffffffc0a17c10	0x0	overlay
ovl_free	0xffffffffc0a17c20	0x0	overlay
__pfx_ovl_fs_params_verify	0xffffffffc0a17ce0	0x0	overlay
ovl_fs_params_verify	0xffffffffc0a17cf0	0x0	overlay
__pfx_ovl_show_options	0xffffffffc0a182a0	0x0	overlay
ovl_show_options	0xffffffffc0a182b0	0x0	overlay
__pfx_ovl_xattr_escape_name	0xffffffffc0a18770	0x0	overlay
ovl_xattr_escape_name	0xffffffffc0a18780	0x0	overlay
__pfx_ovl_own_xattr_get	0xffffffffc0a188b0	0x0	overlay
ovl_own_xattr_get	0xffffffffc0a188c0	0x0	overlay
__pfx_ovl_is_escaped_xattr.isra.0	0xffffffffc0a18990	0x0	overlay
ovl_is_escaped_xattr.isra.0	0xffffffffc0a189a0	0x0	overlay
__pfx_ovl_xattr_set	0xffffffffc0a18a10	0x0	overlay
ovl_xattr_set	0xffffffffc0a18a20	0x0	overlay
__pfx_ovl_other_xattr_set	0xffffffffc0a18c50	0x0	overlay
ovl_other_xattr_set	0xffffffffc0a18c60	0x0	overlay
__pfx_ovl_own_xattr_set	0xffffffffc0a18c90	0x0	overlay
ovl_own_xattr_set	0xffffffffc0a18ca0	0x0	overlay
__pfx_ovl_other_xattr_get	0xffffffffc0a18d20	0x0	overlay
ovl_other_xattr_get	0xffffffffc0a18d30	0x0	overlay
__pfx_ovl_is_private_xattr	0xffffffffc0a18de0	0x0	overlay
ovl_is_private_xattr	0xffffffffc0a18df0	0x0	overlay
__pfx_ovl_listxattr	0xffffffffc0a18e80	0x0	overlay
ovl_listxattr	0xffffffffc0a18e90	0x0	overlay
__pfx_ovl_xattr_handlers	0xffffffffc0a19040	0x0	overlay
ovl_xattr_handlers	0xffffffffc0a19050	0x0	overlay
__pfx_ovl_exit	0xffffffffc0a19090	0x0	overlay
__pfx_cleanup_module	0xffffffffc0a19090	0x0	overlay
ovl_exit	0xffffffffc0a190a0	0x0	overlay
cleanup_module	0xffffffffc0a190a0	0x0	overlay
ovl_check_layer.part.0.cold	0xffffffffc0a190c7	0x0	overlay
ovl_make_workdir.cold	0xffffffffc0a190dc	0x0	overlay
ovl_get_fsid.cold	0xffffffffc0a191e8	0x0	overlay
ovl_get_layers.cold	0xffffffffc0a192c1	0x0	overlay
ovl_get_lowerstack.cold	0xffffffffc0a192dc	0x0	overlay
ovl_fill_super.cold	0xffffffffc0a1933f	0x0	overlay
ovl_check_follow_redirect.cold	0xffffffffc0a19436	0x0	overlay
ovl_lookup_single.cold	0xffffffffc0a1944b	0x0	overlay
ovl_get_fh.cold	0xffffffffc0a1948a	0x0	overlay
ovl_check_origin_fh.cold	0xffffffffc0a194c9	0x0	overlay
ovl_verify_set_fh.cold	0xffffffffc0a194ec	0x0	overlay
ovl_verify_index.cold	0xffffffffc0a1950f	0x0	overlay
ovl_lookup.cold	0xffffffffc0a19524	0x0	overlay
ovl_cleanup_index.cold	0xffffffffc0a196c9	0x0	overlay
ovl_indexdir.cold	0xffffffffc0a19710	0x0	overlay
ovl_index_all.cold	0xffffffffc0a19724	0x0	overlay
ovl_verify_lower.cold	0xffffffffc0a1975a	0x0	overlay
ovl_layer_set_xwhiteouts.cold	0xffffffffc0a19790	0x0	overlay
ovl_path_check_origin_xattr.cold	0xffffffffc0a197a5	0x0	overlay
ovl_path_check_xwhiteout_xattr.cold	0xffffffffc0a197b9	0x0	overlay
ovl_init_uuid_xattr.cold	0xffffffffc0a197ce	0x0	overlay
ovl_get_dir_xattr_val.cold	0xffffffffc0a1980b	0x0	overlay
ovl_check_setxattr.cold	0xffffffffc0a19826	0x0	overlay
ovl_check_protattr.cold	0xffffffffc0a19881	0x0	overlay
ovl_set_protattr.cold	0xffffffffc0a19896	0x0	overlay
ovl_need_index.cold	0xffffffffc0a198b1	0x0	overlay
ovl_check_metacopy_xattr.cold	0xffffffffc0a198f5	0x0	overlay
ovl_get_redirect_xattr.cold	0xffffffffc0a19926	0x0	overlay
ovl_sync_status.cold	0xffffffffc0a1994f	0x0	overlay
ovl_getattr.cold	0xffffffffc0a19964	0x0	overlay
ovl_set_nlink_common.isra.0.cold	0xffffffffc0a199b5	0x0	overlay
ovl_inode_init.cold	0xffffffffc0a199ca	0x0	overlay
ovl_get_nlink.cold	0xffffffffc0a19a17	0x0	overlay
ovl_get_inode.cold	0xffffffffc0a19a2c	0x0	overlay
ovl_write_iter.cold	0xffffffffc0a19aba	0x0	overlay
ovl_tmpfile.cold	0xffffffffc0a19ad5	0x0	overlay
ovl_whiteout.cold	0xffffffffc0a19ae9	0x0	overlay
ovl_create_upper.cold	0xffffffffc0a19afd	0x0	overlay
ovl_remap_lower_ino.cold	0xffffffffc0a19b33	0x0	overlay
ovl_cache_entry_new.cold	0xffffffffc0a19b74	0x0	overlay
ovl_cache_update.cold	0xffffffffc0a19bdf	0x0	overlay
ovl_fill_merge.cold	0xffffffffc0a19c08	0x0	overlay
ovl_fill_real.cold	0xffffffffc0a19c1d	0x0	overlay
ovl_dir_read_merged.cold	0xffffffffc0a19c40	0x0	overlay
ovl_dir_reset.isra.0.cold	0xffffffffc0a19c61	0x0	overlay
ovl_dir_llseek.cold	0xffffffffc0a19c76	0x0	overlay
ovl_cache_get_impure.cold	0xffffffffc0a19c8b	0x0	overlay
ovl_iterate_real.cold	0xffffffffc0a19ca0	0x0	overlay
ovl_iterate.cold	0xffffffffc0a19cb5	0x0	overlay
ovl_dir_real_file.cold	0xffffffffc0a19d2b	0x0	overlay
ovl_check_empty_dir.cold	0xffffffffc0a19d40	0x0	overlay
ovl_cleanup_whiteouts.cold	0xffffffffc0a19d76	0x0	overlay
ovl_check_d_type_supported.cold	0xffffffffc0a19d9e	0x0	overlay
ovl_indexdir_cleanup.cold	0xffffffffc0a19db9	0x0	overlay
ovl_copy_fileattr.cold	0xffffffffc0a19dda	0x0	overlay
ovl_copy_up_file.cold	0xffffffffc0a19e02	0x0	overlay
ovl_copy_up_data.cold	0xffffffffc0a19e16	0x0	overlay
ovl_copy_up_meta_inode_data.cold	0xffffffffc0a19e49	0x0	overlay
ovl_copy_up_metadata.cold	0xffffffffc0a19e5e	0x0	overlay
ovl_copy_up_tmpfile.cold	0xffffffffc0a19eb0	0x0	overlay
ovl_create_index.cold	0xffffffffc0a19f11	0x0	overlay
ovl_copy_up_workdir.cold	0xffffffffc0a19f36	0x0	overlay
ovl_do_copy_up.cold	0xffffffffc0a19f75	0x0	overlay
ovl_copy_up_one.cold	0xffffffffc0a19fa7	0x0	overlay
ovl_dentry_to_fid.cold	0xffffffffc0a19ff5	0x0	overlay
ovl_reconfigure.cold	0xffffffffc0a1a010	0x0	overlay
ovl_parse_param.cold	0xffffffffc0a1a024	0x0	overlay
ovl_init_fs_context.cold	0xffffffffc0a1a04d	0x0	overlay
ovl_free_fs.cold	0xffffffffc0a1a0cb	0x0	overlay
ovl_fs_params_verify.cold	0xffffffffc0a1a0f5	0x0	overlay
ovl_show_options.cold	0xffffffffc0a1a3f7	0x0	overlay
ovl_is_escaped_xattr.isra.0.cold	0xffffffffc0a1a532	0x0	overlay
ovl_is_private_xattr.cold	0xffffffffc0a1a547	0x0	overlay
ovl_listxattr.cold	0xffffffffc0a1a55b	0x0	overlay
ovl_xattr_handlers.cold	0xffffffffc0a1a580	0x0	overlay
__pfx_xfrm_do_migrate	0xffffffffc0a1b000	0x0	xfrm_user
xfrm_do_migrate	0xffffffffc0a1b010	0x0	xfrm_user
__pfx_xfrm_send_migrate	0xffffffffc0a1b030	0x0	xfrm_user
xfrm_send_migrate	0xffffffffc0a1b040	0x0	xfrm_user
__pfx_xfrm_sa_len	0xffffffffc0a1b060	0x0	xfrm_user
xfrm_sa_len	0xffffffffc0a1b070	0x0	xfrm_user
__pfx_xfrm_user_net_pre_exit	0xffffffffc0a1b1d0	0x0	xfrm_user
xfrm_user_net_pre_exit	0xffffffffc0a1b1e0	0x0	xfrm_user
__pfx_xfrm_is_alive	0xffffffffc0a1b200	0x0	xfrm_user
xfrm_is_alive	0xffffffffc0a1b210	0x0	xfrm_user
__pfx_copy_user_offload	0xffffffffc0a1b250	0x0	xfrm_user
copy_user_offload	0xffffffffc0a1b260	0x0	xfrm_user
__pfx_validate_tmpl	0xffffffffc0a1b2d0	0x0	xfrm_user
validate_tmpl	0xffffffffc0a1b2e0	0x0	xfrm_user
__pfx_verify_replay	0xffffffffc0a1b430	0x0	xfrm_user
verify_replay	0xffffffffc0a1b440	0x0	xfrm_user
__pfx_copy_to_user_calg	0xffffffffc0a1b7d0	0x0	xfrm_user
copy_to_user_calg	0xffffffffc0a1b7e0	0x0	xfrm_user
__pfx_xfrm_user_net_exit	0xffffffffc0a1b900	0x0	xfrm_user
xfrm_user_net_exit	0xffffffffc0a1b910	0x0	xfrm_user
__pfx_xfrm_netlink_rcv	0xffffffffc0a1b960	0x0	xfrm_user
xfrm_netlink_rcv	0xffffffffc0a1b970	0x0	xfrm_user
__pfx_xfrm_set_spdinfo	0xffffffffc0a1b9c0	0x0	xfrm_user
xfrm_set_spdinfo	0xffffffffc0a1b9d0	0x0	xfrm_user
__pfx_xfrm_flush_sa	0xffffffffc0a1bb90	0x0	xfrm_user
xfrm_flush_sa	0xffffffffc0a1bba0	0x0	xfrm_user
__pfx_xfrm_dump_policy_done	0xffffffffc0a1bc50	0x0	xfrm_user
xfrm_dump_policy_done	0xffffffffc0a1bc60	0x0	xfrm_user
__pfx_xfrm_dump_policy	0xffffffffc0a1bc90	0x0	xfrm_user
xfrm_dump_policy	0xffffffffc0a1bca0	0x0	xfrm_user
__pfx_xfrm_dump_policy_start	0xffffffffc0a1bd20	0x0	xfrm_user
xfrm_dump_policy_start	0xffffffffc0a1bd30	0x0	xfrm_user
__pfx_xfrm_dump_sa_done	0xffffffffc0a1bd50	0x0	xfrm_user
xfrm_dump_sa_done	0xffffffffc0a1bd60	0x0	xfrm_user
__pfx_attach_aead	0xffffffffc0a1bda0	0x0	xfrm_user
attach_aead	0xffffffffc0a1bdb0	0x0	xfrm_user
__pfx_attach_auth_trunc	0xffffffffc0a1bea0	0x0	xfrm_user
attach_auth_trunc	0xffffffffc0a1beb0	0x0	xfrm_user
__pfx_attach_crypt	0xffffffffc0a1bfe0	0x0	xfrm_user
attach_crypt	0xffffffffc0a1bff0	0x0	xfrm_user
__pfx_xfrm_user_net_init	0xffffffffc0a1c0e0	0x0	xfrm_user
xfrm_user_net_init	0xffffffffc0a1c0f0	0x0	xfrm_user
__pfx_copy_from_user_policy	0xffffffffc0a1c1a0	0x0	xfrm_user
copy_from_user_policy	0xffffffffc0a1c1b0	0x0	xfrm_user
__pfx_copy_templates	0xffffffffc0a1c2a0	0x0	xfrm_user
copy_templates	0xffffffffc0a1c2b0	0x0	xfrm_user
__pfx_xfrm_update_ae_params	0xffffffffc0a1c3c0	0x0	xfrm_user
xfrm_update_ae_params	0xffffffffc0a1c3d0	0x0	xfrm_user
__pfx_copy_from_user_state	0xffffffffc0a1c510	0x0	xfrm_user
copy_from_user_state	0xffffffffc0a1c520	0x0	xfrm_user
__pfx_copy_to_user_policy	0xffffffffc0a1c680	0x0	xfrm_user
copy_to_user_policy	0xffffffffc0a1c690	0x0	xfrm_user
__pfx_copy_to_user_tmpl	0xffffffffc0a1c7f0	0x0	xfrm_user
copy_to_user_tmpl	0xffffffffc0a1c800	0x0	xfrm_user
__pfx_copy_to_user_state	0xffffffffc0a1ca40	0x0	xfrm_user
copy_to_user_state	0xffffffffc0a1ca50	0x0	xfrm_user
__pfx_copy_sec_ctx	0xffffffffc0a1cc90	0x0	xfrm_user
copy_sec_ctx	0xffffffffc0a1cca0	0x0	xfrm_user
__pfx_copy_to_user_aead	0xffffffffc0a1cd20	0x0	xfrm_user
copy_to_user_aead	0xffffffffc0a1cd30	0x0	xfrm_user
__pfx_copy_to_user_auth	0xffffffffc0a1ceb0	0x0	xfrm_user
copy_to_user_auth	0xffffffffc0a1cec0	0x0	xfrm_user
__pfx_copy_to_user_ealg	0xffffffffc0a1d190	0x0	xfrm_user
copy_to_user_ealg	0xffffffffc0a1d1a0	0x0	xfrm_user
__pfx_attach_auth	0xffffffffc0a1d310	0x0	xfrm_user
attach_auth	0xffffffffc0a1d320	0x0	xfrm_user
__pfx_attach_one_algo.constprop.0	0xffffffffc0a1d450	0x0	xfrm_user
attach_one_algo.constprop.0	0xffffffffc0a1d460	0x0	xfrm_user
__pfx_xfrm_user_rcv_msg	0xffffffffc0a1d540	0x0	xfrm_user
xfrm_user_rcv_msg	0xffffffffc0a1d550	0x0	xfrm_user
__pfx_xfrm_dump_sa	0xffffffffc0a1d990	0x0	xfrm_user
xfrm_dump_sa	0xffffffffc0a1d9a0	0x0	xfrm_user
__pfx_xfrm_flush_policy	0xffffffffc0a1db30	0x0	xfrm_user
xfrm_flush_policy	0xffffffffc0a1db40	0x0	xfrm_user
__pfx_verify_newpolicy_info	0xffffffffc0a1dc20	0x0	xfrm_user
verify_newpolicy_info	0xffffffffc0a1dc30	0x0	xfrm_user
__pfx_xfrm_compile_policy	0xffffffffc0a1dd90	0x0	xfrm_user
xfrm_compile_policy	0xffffffffc0a1dda0	0x0	xfrm_user
__pfx_xfrm_alloc_replay_state_esn	0xffffffffc0a1dee0	0x0	xfrm_user
xfrm_alloc_replay_state_esn	0xffffffffc0a1def0	0x0	xfrm_user
__pfx_copy_to_user_state_extra	0xffffffffc0a1dfd0	0x0	xfrm_user
copy_to_user_state_extra	0xffffffffc0a1dfe0	0x0	xfrm_user
__pfx_xfrm_get_default	0xffffffffc0a1e470	0x0	xfrm_user
xfrm_get_default	0xffffffffc0a1e480	0x0	xfrm_user
__pfx_xfrm_get_sadinfo	0xffffffffc0a1e590	0x0	xfrm_user
xfrm_get_sadinfo	0xffffffffc0a1e5a0	0x0	xfrm_user
__pfx_build_spdinfo	0xffffffffc0a1e740	0x0	xfrm_user
build_spdinfo	0xffffffffc0a1e750	0x0	xfrm_user
__pfx_xfrm_get_spdinfo	0xffffffffc0a1e960	0x0	xfrm_user
xfrm_get_spdinfo	0xffffffffc0a1e970	0x0	xfrm_user
__pfx_build_expire	0xffffffffc0a1ea10	0x0	xfrm_user
build_expire	0xffffffffc0a1ea20	0x0	xfrm_user
__pfx_build_mapping	0xffffffffc0a1ebe0	0x0	xfrm_user
build_mapping	0xffffffffc0a1ebf0	0x0	xfrm_user
__pfx_xfrm_notify_policy	0xffffffffc0a1ed00	0x0	xfrm_user
xfrm_notify_policy	0xffffffffc0a1ed10	0x0	xfrm_user
__pfx_build_acquire	0xffffffffc0a1f040	0x0	xfrm_user
build_acquire	0xffffffffc0a1f050	0x0	xfrm_user
__pfx_dump_one_state	0xffffffffc0a1f2f0	0x0	xfrm_user
dump_one_state	0xffffffffc0a1f300	0x0	xfrm_user
__pfx_xfrm_state_netlink	0xffffffffc0a1f430	0x0	xfrm_user
xfrm_state_netlink	0xffffffffc0a1f440	0x0	xfrm_user
__pfx_xfrm_state_construct	0xffffffffc0a1f510	0x0	xfrm_user
xfrm_state_construct	0xffffffffc0a1f520	0x0	xfrm_user
__pfx_verify_newsa_info	0xffffffffc0a1f920	0x0	xfrm_user
verify_newsa_info	0xffffffffc0a1f930	0x0	xfrm_user
__pfx_xfrm_add_sa	0xffffffffc0a20430	0x0	xfrm_user
xfrm_add_sa	0xffffffffc0a20440	0x0	xfrm_user
__pfx_dump_one_policy	0xffffffffc0a20630	0x0	xfrm_user
dump_one_policy	0xffffffffc0a20640	0x0	xfrm_user
__pfx_build_report	0xffffffffc0a20850	0x0	xfrm_user
build_report	0xffffffffc0a20860	0x0	xfrm_user
__pfx_xfrm_send_report	0xffffffffc0a20990	0x0	xfrm_user
xfrm_send_report	0xffffffffc0a209a0	0x0	xfrm_user
__pfx_xfrm_send_mapping	0xffffffffc0a20ab0	0x0	xfrm_user
xfrm_send_mapping	0xffffffffc0a20ac0	0x0	xfrm_user
__pfx_xfrm_send_acquire	0xffffffffc0a20c00	0x0	xfrm_user
xfrm_send_acquire	0xffffffffc0a20c10	0x0	xfrm_user
__pfx_build_aevent	0xffffffffc0a20d50	0x0	xfrm_user
build_aevent	0xffffffffc0a20d60	0x0	xfrm_user
__pfx_xfrm_set_default	0xffffffffc0a21070	0x0	xfrm_user
xfrm_set_default	0xffffffffc0a21080	0x0	xfrm_user
__pfx_xfrm_exp_policy_notify	0xffffffffc0a21240	0x0	xfrm_user
xfrm_exp_policy_notify	0xffffffffc0a21250	0x0	xfrm_user
__pfx_xfrm_user_state_lookup.constprop.0	0xffffffffc0a21540	0x0	xfrm_user
xfrm_user_state_lookup.constprop.0	0xffffffffc0a21550	0x0	xfrm_user
__pfx_xfrm_get_sa	0xffffffffc0a215f0	0x0	xfrm_user
xfrm_get_sa	0xffffffffc0a21600	0x0	xfrm_user
__pfx_xfrm_del_sa	0xffffffffc0a216e0	0x0	xfrm_user
xfrm_del_sa	0xffffffffc0a216f0	0x0	xfrm_user
__pfx_xfrm_add_sa_expire	0xffffffffc0a21850	0x0	xfrm_user
xfrm_add_sa_expire	0xffffffffc0a21860	0x0	xfrm_user
__pfx_xfrm_get_ae	0xffffffffc0a219a0	0x0	xfrm_user
xfrm_get_ae	0xffffffffc0a219b0	0x0	xfrm_user
__pfx_xfrm_send_policy_notify	0xffffffffc0a21b70	0x0	xfrm_user
xfrm_send_policy_notify	0xffffffffc0a21b80	0x0	xfrm_user
__pfx_xfrm_new_ae	0xffffffffc0a21d70	0x0	xfrm_user
xfrm_new_ae	0xffffffffc0a21d80	0x0	xfrm_user
__pfx_xfrm_add_pol_expire	0xffffffffc0a22040	0x0	xfrm_user
xfrm_add_pol_expire	0xffffffffc0a22050	0x0	xfrm_user
__pfx_xfrm_get_policy	0xffffffffc0a22300	0x0	xfrm_user
xfrm_get_policy	0xffffffffc0a22310	0x0	xfrm_user
__pfx_xfrm_notify_sa	0xffffffffc0a226b0	0x0	xfrm_user
xfrm_notify_sa	0xffffffffc0a226c0	0x0	xfrm_user
__pfx_xfrm_policy_construct	0xffffffffc0a228d0	0x0	xfrm_user
xfrm_policy_construct	0xffffffffc0a228e0	0x0	xfrm_user
__pfx_xfrm_add_policy	0xffffffffc0a22a90	0x0	xfrm_user
xfrm_add_policy	0xffffffffc0a22aa0	0x0	xfrm_user
__pfx_xfrm_send_state_notify	0xffffffffc0a22ce0	0x0	xfrm_user
xfrm_send_state_notify	0xffffffffc0a22cf0	0x0	xfrm_user
__pfx_xfrm_alloc_userspi	0xffffffffc0a23070	0x0	xfrm_user
xfrm_alloc_userspi	0xffffffffc0a23080	0x0	xfrm_user
__pfx_xfrm_add_acquire	0xffffffffc0a233e0	0x0	xfrm_user
xfrm_add_acquire	0xffffffffc0a233f0	0x0	xfrm_user
__pfx_xfrm_user_exit	0xffffffffc0a23770	0x0	xfrm_user
__pfx_cleanup_module	0xffffffffc0a23770	0x0	xfrm_user
xfrm_user_exit	0xffffffffc0a23780	0x0	xfrm_user
cleanup_module	0xffffffffc0a23780	0x0	xfrm_user
__pfx_hash_by_src	0xffffffffc0a24000	0x0	nf_nat
hash_by_src	0xffffffffc0a24010	0x0	nf_nat
__pfx_nf_nat_cleanup_conntrack	0xffffffffc0a24140	0x0	nf_nat
nf_nat_cleanup_conntrack	0xffffffffc0a24150	0x0	nf_nat
__pfx_nf_nat_packet	0xffffffffc0a241d0	0x0	nf_nat
nf_nat_packet	0xffffffffc0a241e0	0x0	nf_nat
__pfx_find_best_ips_proto	0xffffffffc0a24250	0x0	nf_nat
find_best_ips_proto	0xffffffffc0a24260	0x0	nf_nat
__pfx_l4proto_in_range.isra.0	0xffffffffc0a245e0	0x0	nf_nat
l4proto_in_range.isra.0	0xffffffffc0a245f0	0x0	nf_nat
__pfx___nf_nat_decode_session	0xffffffffc0a246b0	0x0	nf_nat
__nf_nat_decode_session	0xffffffffc0a246c0	0x0	nf_nat
__pfx_nfnetlink_parse_nat	0xffffffffc0a248a0	0x0	nf_nat
nfnetlink_parse_nat	0xffffffffc0a248b0	0x0	nf_nat
__pfx_nf_nat_used_tuple_new	0xffffffffc0a24aa0	0x0	nf_nat
nf_nat_used_tuple_new	0xffffffffc0a24ab0	0x0	nf_nat
__pfx_nf_nat_l4proto_unique_tuple	0xffffffffc0a24ca0	0x0	nf_nat
nf_nat_l4proto_unique_tuple	0xffffffffc0a24cb0	0x0	nf_nat
__pfx_nf_ct_nat_ext_add	0xffffffffc0a250c0	0x0	nf_nat
nf_ct_nat_ext_add	0xffffffffc0a250d0	0x0	nf_nat
__pfx_nf_nat_proto_clean	0xffffffffc0a25140	0x0	nf_nat
nf_nat_proto_clean	0xffffffffc0a25150	0x0	nf_nat
__pfx_nf_in_range	0xffffffffc0a25210	0x0	nf_nat
nf_in_range	0xffffffffc0a25220	0x0	nf_nat
__pfx_get_unique_tuple	0xffffffffc0a252e0	0x0	nf_nat
get_unique_tuple	0xffffffffc0a252f0	0x0	nf_nat
__pfx_nf_nat_setup_info	0xffffffffc0a25660	0x0	nf_nat
nf_nat_setup_info	0xffffffffc0a25670	0x0	nf_nat
__pfx___nf_nat_alloc_null_binding	0xffffffffc0a259f0	0x0	nf_nat
__nf_nat_alloc_null_binding	0xffffffffc0a25a00	0x0	nf_nat
__pfx_nf_nat_alloc_null_binding	0xffffffffc0a25a90	0x0	nf_nat
nf_nat_alloc_null_binding	0xffffffffc0a25aa0	0x0	nf_nat
__pfx_nfnetlink_parse_nat_setup	0xffffffffc0a25ad0	0x0	nf_nat
nfnetlink_parse_nat_setup	0xffffffffc0a25ae0	0x0	nf_nat
__pfx_nf_nat_inet_fn	0xffffffffc0a25bc0	0x0	nf_nat
nf_nat_inet_fn	0xffffffffc0a25bd0	0x0	nf_nat
__pfx_nf_nat_register_fn	0xffffffffc0a25f00	0x0	nf_nat
nf_nat_register_fn	0xffffffffc0a25f10	0x0	nf_nat
__pfx_nf_nat_unregister_fn	0xffffffffc0a26190	0x0	nf_nat
nf_nat_unregister_fn	0xffffffffc0a261a0	0x0	nf_nat
__pfx_nf_csum_update	0xffffffffc0a26310	0x0	nf_nat
nf_csum_update	0xffffffffc0a26320	0x0	nf_nat
__pfx_nf_nat_ipv4_register_fn	0xffffffffc0a263b0	0x0	nf_nat
nf_nat_ipv4_register_fn	0xffffffffc0a263c0	0x0	nf_nat
__pfx_nf_nat_ipv6_register_fn	0xffffffffc0a263f0	0x0	nf_nat
nf_nat_ipv6_register_fn	0xffffffffc0a26400	0x0	nf_nat
__pfx_nf_nat_ipv4_unregister_fn	0xffffffffc0a26430	0x0	nf_nat
nf_nat_ipv4_unregister_fn	0xffffffffc0a26440	0x0	nf_nat
__pfx_nf_nat_inet_unregister_fn	0xffffffffc0a26460	0x0	nf_nat
nf_nat_inet_unregister_fn	0xffffffffc0a26470	0x0	nf_nat
__pfx_nf_nat_inet_register_fn	0xffffffffc0a264c0	0x0	nf_nat
nf_nat_inet_register_fn	0xffffffffc0a264d0	0x0	nf_nat
__pfx_nf_nat_ipv6_unregister_fn	0xffffffffc0a26570	0x0	nf_nat
nf_nat_ipv6_unregister_fn	0xffffffffc0a26580	0x0	nf_nat
__pfx_l4proto_manip_pkt	0xffffffffc0a265a0	0x0	nf_nat
l4proto_manip_pkt	0xffffffffc0a265b0	0x0	nf_nat
__pfx_nf_nat_ipv6_manip_pkt	0xffffffffc0a26a10	0x0	nf_nat
nf_nat_ipv6_manip_pkt	0xffffffffc0a26a20	0x0	nf_nat
__pfx_nf_nat_icmpv6_reply_translation	0xffffffffc0a26b50	0x0	nf_nat
nf_nat_icmpv6_reply_translation	0xffffffffc0a26b60	0x0	nf_nat
__pfx_nf_nat_ipv6_fn	0xffffffffc0a26d70	0x0	nf_nat
nf_nat_ipv6_fn	0xffffffffc0a26d80	0x0	nf_nat
__pfx_nf_nat_ipv6_local_in	0xffffffffc0a26e70	0x0	nf_nat
nf_nat_ipv6_local_in	0xffffffffc0a26e80	0x0	nf_nat
__pfx_nf_nat_ipv4_manip_pkt	0xffffffffc0a26fe0	0x0	nf_nat
nf_nat_ipv4_manip_pkt	0xffffffffc0a26ff0	0x0	nf_nat
__pfx_nf_nat_icmp_reply_translation	0xffffffffc0a270f0	0x0	nf_nat
nf_nat_icmp_reply_translation	0xffffffffc0a27100	0x0	nf_nat
__pfx_nf_nat_ipv4_fn	0xffffffffc0a27310	0x0	nf_nat
nf_nat_ipv4_fn	0xffffffffc0a27320	0x0	nf_nat
__pfx_nf_xfrm_me_harder	0xffffffffc0a273a0	0x0	nf_nat
nf_xfrm_me_harder	0xffffffffc0a273b0	0x0	nf_nat
__pfx_nf_nat_ipv6_out	0xffffffffc0a27530	0x0	nf_nat
nf_nat_ipv6_out	0xffffffffc0a27540	0x0	nf_nat
__pfx_nf_nat_ipv6_local_fn	0xffffffffc0a27640	0x0	nf_nat
nf_nat_ipv6_local_fn	0xffffffffc0a27650	0x0	nf_nat
__pfx_nf_nat_ipv4_local_in	0xffffffffc0a27770	0x0	nf_nat
nf_nat_ipv4_local_in	0xffffffffc0a27780	0x0	nf_nat
__pfx_nf_nat_ipv6_in	0xffffffffc0a278a0	0x0	nf_nat
nf_nat_ipv6_in	0xffffffffc0a278b0	0x0	nf_nat
__pfx_nf_nat_ipv4_pre_routing	0xffffffffc0a27980	0x0	nf_nat
nf_nat_ipv4_pre_routing	0xffffffffc0a27990	0x0	nf_nat
__pfx_nf_nat_ipv4_out	0xffffffffc0a27a50	0x0	nf_nat
nf_nat_ipv4_out	0xffffffffc0a27a60	0x0	nf_nat
__pfx_nf_nat_ipv4_local_fn	0xffffffffc0a27b90	0x0	nf_nat
nf_nat_ipv4_local_fn	0xffffffffc0a27ba0	0x0	nf_nat
__pfx_nf_nat_manip_pkt	0xffffffffc0a27cf0	0x0	nf_nat
nf_nat_manip_pkt	0xffffffffc0a27d00	0x0	nf_nat
__pfx_nf_nat_csum_recalc	0xffffffffc0a27dd0	0x0	nf_nat
nf_nat_csum_recalc	0xffffffffc0a27de0	0x0	nf_nat
__pfx_nf_nat_follow_master	0xffffffffc0a27f40	0x0	nf_nat
nf_nat_follow_master	0xffffffffc0a27f50	0x0	nf_nat
__pfx_nf_nat_exp_find_port	0xffffffffc0a280a0	0x0	nf_nat
nf_nat_exp_find_port	0xffffffffc0a280b0	0x0	nf_nat
__pfx_mangle_contents	0xffffffffc0a28140	0x0	nf_nat
mangle_contents	0xffffffffc0a28150	0x0	nf_nat
__pfx___nf_nat_mangle_tcp_packet	0xffffffffc0a28300	0x0	nf_nat
__nf_nat_mangle_tcp_packet	0xffffffffc0a28310	0x0	nf_nat
__pfx_nf_nat_mangle_udp_packet	0xffffffffc0a28470	0x0	nf_nat
nf_nat_mangle_udp_packet	0xffffffffc0a28480	0x0	nf_nat
__pfx_nf_nat_redirect.isra.0	0xffffffffc0a285e0	0x0	nf_nat
nf_nat_redirect.isra.0	0xffffffffc0a285f0	0x0	nf_nat
__pfx_nf_nat_redirect_ipv6	0xffffffffc0a28680	0x0	nf_nat
nf_nat_redirect_ipv6	0xffffffffc0a28690	0x0	nf_nat
__pfx_nf_nat_redirect_ipv4	0xffffffffc0a287b0	0x0	nf_nat
nf_nat_redirect_ipv4	0xffffffffc0a287c0	0x0	nf_nat
__pfx_nf_nat_masquerade_ipv4	0xffffffffc0a28840	0x0	nf_nat
nf_nat_masquerade_ipv4	0xffffffffc0a28850	0x0	nf_nat
__pfx_nf_nat_masquerade_ipv6	0xffffffffc0a289f0	0x0	nf_nat
nf_nat_masquerade_ipv6	0xffffffffc0a28a00	0x0	nf_nat
__pfx_nf_nat_masquerade_inet_register_notifiers	0xffffffffc0a28b50	0x0	nf_nat
nf_nat_masquerade_inet_register_notifiers	0xffffffffc0a28b60	0x0	nf_nat
__pfx_nf_nat_masquerade_inet_unregister_notifiers	0xffffffffc0a28c10	0x0	nf_nat
nf_nat_masquerade_inet_unregister_notifiers	0xffffffffc0a28c20	0x0	nf_nat
__pfx_device_cmp	0xffffffffc0a28c80	0x0	nf_nat
device_cmp	0xffffffffc0a28c90	0x0	nf_nat
__pfx_nf_nat_masq_schedule.part.0	0xffffffffc0a28d00	0x0	nf_nat
nf_nat_masq_schedule.part.0	0xffffffffc0a28d10	0x0	nf_nat
__pfx_masq_inet_event	0xffffffffc0a28ec0	0x0	nf_nat
masq_inet_event	0xffffffffc0a28ed0	0x0	nf_nat
__pfx_masq_device_event	0xffffffffc0a28f80	0x0	nf_nat
masq_device_event	0xffffffffc0a28f90	0x0	nf_nat
__pfx_masq_inet6_event	0xffffffffc0a28fe0	0x0	nf_nat
masq_inet6_event	0xffffffffc0a28ff0	0x0	nf_nat
__pfx_iterate_cleanup_work	0xffffffffc0a29080	0x0	nf_nat
iterate_cleanup_work	0xffffffffc0a29090	0x0	nf_nat
__pfx_inet_cmp	0xffffffffc0a29140	0x0	nf_nat
inet_cmp	0xffffffffc0a29150	0x0	nf_nat
__pfx_nf_ct_nat_execute	0xffffffffc0a291d0	0x0	nf_nat
nf_ct_nat_execute	0xffffffffc0a291e0	0x0	nf_nat
__pfx_nf_ct_nat	0xffffffffc0a29510	0x0	nf_nat
nf_ct_nat	0xffffffffc0a29520	0x0	nf_nat
__pfx_bpf_ct_set_nat_info	0xffffffffc0a29660	0x0	nf_nat
bpf_ct_set_nat_info	0xffffffffc0a29670	0x0	nf_nat
__pfx_register_nf_nat_bpf	0xffffffffc0a29750	0x0	nf_nat
register_nf_nat_bpf	0xffffffffc0a29760	0x0	nf_nat
__pfx_nf_nat_cleanup	0xffffffffc0a297a0	0x0	nf_nat
__pfx_cleanup_module	0xffffffffc0a297a0	0x0	nf_nat
nf_nat_cleanup	0xffffffffc0a297b0	0x0	nf_nat
cleanup_module	0xffffffffc0a297b0	0x0	nf_nat
nf_nat_used_tuple_new.cold	0xffffffffc0a29829	0x0	nf_nat
__pfx_ip_set_none	0xffffffffc0a2a000	0x0	ip_set
ip_set_none	0xffffffffc0a2a010	0x0	ip_set
__pfx_ip_set_net_pre_exit	0xffffffffc0a2a030	0x0	ip_set
ip_set_net_pre_exit	0xffffffffc0a2a040	0x0	ip_set
__pfx_find_set_type	0xffffffffc0a2a070	0x0	ip_set
find_set_type	0xffffffffc0a2a080	0x0	ip_set
__pfx_ip_set_get_byname	0xffffffffc0a2a100	0x0	ip_set
ip_set_get_byname	0xffffffffc0a2a110	0x0	ip_set
__pfx_find_set_and_id	0xffffffffc0a2a1c0	0x0	ip_set
find_set_and_id	0xffffffffc0a2a1d0	0x0	ip_set
__pfx_ip_set_type_register	0xffffffffc0a2a250	0x0	ip_set
ip_set_type_register	0xffffffffc0a2a260	0x0	ip_set
__pfx_ip_set_type_unregister	0xffffffffc0a2a3d0	0x0	ip_set
ip_set_type_unregister	0xffffffffc0a2a3e0	0x0	ip_set
__pfx_ip_set_alloc	0xffffffffc0a2a4f0	0x0	ip_set
ip_set_alloc	0xffffffffc0a2a500	0x0	ip_set
__pfx_ip_set_net_init	0xffffffffc0a2a520	0x0	ip_set
ip_set_net_init	0xffffffffc0a2a530	0x0	ip_set
__pfx_ip_set_free	0xffffffffc0a2a5c0	0x0	ip_set
ip_set_free	0xffffffffc0a2a5d0	0x0	ip_set
__pfx_ip_set_init_comment	0xffffffffc0a2a640	0x0	ip_set
ip_set_init_comment	0xffffffffc0a2a650	0x0	ip_set
__pfx_ip_set_comment_free	0xffffffffc0a2a7d0	0x0	ip_set
ip_set_comment_free	0xffffffffc0a2a7e0	0x0	ip_set
__pfx_ip_set_elem_len	0xffffffffc0a2a840	0x0	ip_set
ip_set_elem_len	0xffffffffc0a2a850	0x0	ip_set
__pfx_ip_set_get_extensions	0xffffffffc0a2aba0	0x0	ip_set
ip_set_get_extensions	0xffffffffc0a2abb0	0x0	ip_set
__pfx_ip_set_put_flags	0xffffffffc0a2ae10	0x0	ip_set
ip_set_put_flags	0xffffffffc0a2ae20	0x0	ip_set
__pfx_ip_set_name_byindex	0xffffffffc0a2af00	0x0	ip_set
ip_set_name_byindex	0xffffffffc0a2af10	0x0	ip_set
__pfx_ip_set_swap	0xffffffffc0a2b030	0x0	ip_set
ip_set_swap	0xffffffffc0a2b040	0x0	ip_set
__pfx_ip_set_rename	0xffffffffc0a2b4a0	0x0	ip_set
ip_set_rename	0xffffffffc0a2b4b0	0x0	ip_set
__pfx_load_settype	0xffffffffc0a2b6e0	0x0	ip_set
load_settype	0xffffffffc0a2b6f0	0x0	ip_set
__pfx___find_set_type_minmax	0xffffffffc0a2b7b0	0x0	ip_set
__find_set_type_minmax	0xffffffffc0a2b7c0	0x0	ip_set
__pfx___find_set_type_get	0xffffffffc0a2b8d0	0x0	ip_set
__find_set_type_get	0xffffffffc0a2b8e0	0x0	ip_set
__pfx_ip_set_dump_start	0xffffffffc0a2b9d0	0x0	ip_set
ip_set_dump_start	0xffffffffc0a2b9e0	0x0	ip_set
__pfx_ip_set_destroy_set_rcu	0xffffffffc0a2bb20	0x0	ip_set
ip_set_destroy_set_rcu	0xffffffffc0a2bb30	0x0	ip_set
__pfx__destroy_all_sets	0xffffffffc0a2bb70	0x0	ip_set
_destroy_all_sets	0xffffffffc0a2bb80	0x0	ip_set
__pfx_ip_set_destroy	0xffffffffc0a2bc60	0x0	ip_set
ip_set_destroy	0xffffffffc0a2bc70	0x0	ip_set
__pfx_ip_set_net_exit	0xffffffffc0a2be30	0x0	ip_set
ip_set_net_exit	0xffffffffc0a2be40	0x0	ip_set
__pfx_ip_set_test	0xffffffffc0a2be80	0x0	ip_set
ip_set_test	0xffffffffc0a2be90	0x0	ip_set
__pfx_ip_set_nfnl_put	0xffffffffc0a2c020	0x0	ip_set
ip_set_nfnl_put	0xffffffffc0a2c030	0x0	ip_set
__pfx_ip_set_dump	0xffffffffc0a2c0c0	0x0	ip_set
ip_set_dump	0xffffffffc0a2c0d0	0x0	ip_set
__pfx_ip_set_sockfn_get	0xffffffffc0a2c170	0x0	ip_set
ip_set_sockfn_get	0xffffffffc0a2c180	0x0	ip_set
__pfx_ip_set_nfnl_get_byindex	0xffffffffc0a2c4f0	0x0	ip_set
ip_set_nfnl_get_byindex	0xffffffffc0a2c500	0x0	ip_set
__pfx_ip_set_put_byindex	0xffffffffc0a2c590	0x0	ip_set
ip_set_put_byindex	0xffffffffc0a2c5a0	0x0	ip_set
__pfx_call_ad.isra.0	0xffffffffc0a2c600	0x0	ip_set
call_ad.isra.0	0xffffffffc0a2c610	0x0	ip_set
__pfx_ip_set_match_extensions	0xffffffffc0a2c950	0x0	ip_set
ip_set_match_extensions	0xffffffffc0a2c960	0x0	ip_set
__pfx_ip_set_dump_done	0xffffffffc0a2cab0	0x0	ip_set
ip_set_dump_done	0xffffffffc0a2cac0	0x0	ip_set
__pfx_ip_set_flush_set	0xffffffffc0a2cb50	0x0	ip_set
ip_set_flush_set	0xffffffffc0a2cb60	0x0	ip_set
__pfx_ip_set_flush	0xffffffffc0a2cc00	0x0	ip_set
ip_set_flush	0xffffffffc0a2cc10	0x0	ip_set
__pfx_ip_set_get_ipaddr4	0xffffffffc0a2cce0	0x0	ip_set
ip_set_get_ipaddr4	0xffffffffc0a2ccf0	0x0	ip_set
__pfx_ip_set_del	0xffffffffc0a2cda0	0x0	ip_set
ip_set_del	0xffffffffc0a2cdb0	0x0	ip_set
__pfx_ip_set_add	0xffffffffc0a2cef0	0x0	ip_set
ip_set_add	0xffffffffc0a2cf00	0x0	ip_set
__pfx_ip_set_get_ipaddr6	0xffffffffc0a2d030	0x0	ip_set
ip_set_get_ipaddr6	0xffffffffc0a2d040	0x0	ip_set
__pfx_ip_set_utest	0xffffffffc0a2d0f0	0x0	ip_set
ip_set_utest	0xffffffffc0a2d100	0x0	ip_set
__pfx_ip_set_protocol	0xffffffffc0a2d270	0x0	ip_set
ip_set_protocol	0xffffffffc0a2d280	0x0	ip_set
__pfx_ip_set_ad.isra.0	0xffffffffc0a2d3f0	0x0	ip_set
ip_set_ad.isra.0	0xffffffffc0a2d400	0x0	ip_set
__pfx_ip_set_uadd	0xffffffffc0a2d6f0	0x0	ip_set
ip_set_uadd	0xffffffffc0a2d700	0x0	ip_set
__pfx_ip_set_udel	0xffffffffc0a2d730	0x0	ip_set
ip_set_udel	0xffffffffc0a2d740	0x0	ip_set
__pfx_ip_set_byname	0xffffffffc0a2d770	0x0	ip_set
ip_set_byname	0xffffffffc0a2d780	0x0	ip_set
__pfx_ip_set_create	0xffffffffc0a2d990	0x0	ip_set
ip_set_create	0xffffffffc0a2d9a0	0x0	ip_set
__pfx_ip_set_byindex	0xffffffffc0a2dfc0	0x0	ip_set
ip_set_byindex	0xffffffffc0a2dfd0	0x0	ip_set
__pfx_ip_set_header	0xffffffffc0a2e200	0x0	ip_set
ip_set_header	0xffffffffc0a2e210	0x0	ip_set
__pfx_ip_set_put_extensions	0xffffffffc0a2e4c0	0x0	ip_set
ip_set_put_extensions	0xffffffffc0a2e4d0	0x0	ip_set
__pfx_ip_set_type	0xffffffffc0a2e720	0x0	ip_set
ip_set_type	0xffffffffc0a2e730	0x0	ip_set
__pfx_ip_set_dump_do	0xffffffffc0a2e990	0x0	ip_set
ip_set_dump_do	0xffffffffc0a2e9a0	0x0	ip_set
__pfx_get_port	0xffffffffc0a2f040	0x0	ip_set
get_port	0xffffffffc0a2f050	0x0	ip_set
__pfx_ip_set_get_ip4_port	0xffffffffc0a2f240	0x0	ip_set
ip_set_get_ip4_port	0xffffffffc0a2f250	0x0	ip_set
__pfx_ip_set_get_ip6_port	0xffffffffc0a2f300	0x0	ip_set
ip_set_get_ip6_port	0xffffffffc0a2f310	0x0	ip_set
__pfx_ip_set_range_to_cidr	0xffffffffc0a2f3c0	0x0	ip_set
ip_set_range_to_cidr	0xffffffffc0a2f3d0	0x0	ip_set
__pfx_ip_set_fini	0xffffffffc0a2f420	0x0	ip_set
__pfx_cleanup_module	0xffffffffc0a2f420	0x0	ip_set
ip_set_fini	0xffffffffc0a2f430	0x0	ip_set
cleanup_module	0xffffffffc0a2f430	0x0	ip_set
ip_set_test.cold	0xffffffffc0a2f47e	0x0	ip_set
ip_set_nfnl_put.cold	0xffffffffc0a2f4a8	0x0	ip_set
call_ad.isra.0.cold	0xffffffffc0a2f4bd	0x0	ip_set
ip_set_flush_set.cold	0xffffffffc0a2f51a	0x0	ip_set
ip_set_del.cold	0xffffffffc0a2f544	0x0	ip_set
ip_set_add.cold	0xffffffffc0a2f574	0x0	ip_set
ip_set_dump_do.cold	0xffffffffc0a2f5a4	0x0	ip_set
__pfx_br_switchdev_event	0xffffffffc0a30000	0x0	bridge
br_switchdev_event	0xffffffffc0a30010	0x0	bridge
__pfx_br_switchdev_blocking_event	0xffffffffc0a30100	0x0	bridge
br_switchdev_blocking_event	0xffffffffc0a30110	0x0	bridge
__pfx_br_device_event	0xffffffffc0a30200	0x0	bridge
br_device_event	0xffffffffc0a30210	0x0	bridge
__pfx_br_net_exit_rtnl	0xffffffffc0a30570	0x0	bridge
br_net_exit_rtnl	0xffffffffc0a30580	0x0	bridge
__pfx_br_boolopt_get	0xffffffffc0a30630	0x0	bridge
br_boolopt_get	0xffffffffc0a30640	0x0	bridge
__pfx_br_boolopt_multi_get	0xffffffffc0a306b0	0x0	bridge
br_boolopt_multi_get	0xffffffffc0a306c0	0x0	bridge
__pfx_br_opt_toggle	0xffffffffc0a30710	0x0	bridge
br_opt_toggle	0xffffffffc0a30720	0x0	bridge
__pfx_br_boolopt_toggle	0xffffffffc0a307a0	0x0	bridge
br_boolopt_toggle	0xffffffffc0a307b0	0x0	bridge
__pfx_br_boolopt_multi_toggle	0xffffffffc0a30820	0x0	bridge
br_boolopt_multi_toggle	0xffffffffc0a30830	0x0	bridge
__pfx_br_dev_set_multicast_list	0xffffffffc0a309a0	0x0	bridge
br_dev_set_multicast_list	0xffffffffc0a309b0	0x0	bridge
__pfx_br_netpoll_cleanup	0xffffffffc0a309c0	0x0	bridge
br_netpoll_cleanup	0xffffffffc0a309d0	0x0	bridge
__pfx_br_get_link_ksettings	0xffffffffc0a30a30	0x0	bridge
br_get_link_ksettings	0xffffffffc0a30a40	0x0	bridge
__pfx_br_getinfo	0xffffffffc0a30b40	0x0	bridge
br_getinfo	0xffffffffc0a30b50	0x0	bridge
__pfx_br_fill_forward_path	0xffffffffc0a30b90	0x0	bridge
br_fill_forward_path	0xffffffffc0a30ba0	0x0	bridge
__pfx_br_fix_features	0xffffffffc0a30cf0	0x0	bridge
br_fix_features	0xffffffffc0a30d00	0x0	bridge
__pfx_br_del_slave	0xffffffffc0a30d20	0x0	bridge
br_del_slave	0xffffffffc0a30d30	0x0	bridge
__pfx_br_add_slave	0xffffffffc0a30d50	0x0	bridge
br_add_slave	0xffffffffc0a30d60	0x0	bridge
__pfx_br_change_mtu	0xffffffffc0a30d80	0x0	bridge
br_change_mtu	0xffffffffc0a30d90	0x0	bridge
__pfx_br_set_mac_address	0xffffffffc0a30e10	0x0	bridge
br_set_mac_address	0xffffffffc0a30e20	0x0	bridge
__pfx_br_dev_change_rx_flags	0xffffffffc0a30eb0	0x0	bridge
br_dev_change_rx_flags	0xffffffffc0a30ec0	0x0	bridge
__pfx_br_dev_uninit	0xffffffffc0a30ef0	0x0	bridge
br_dev_uninit	0xffffffffc0a30f00	0x0	bridge
__pfx_br_dev_init	0xffffffffc0a30f50	0x0	bridge
br_dev_init	0xffffffffc0a30f60	0x0	bridge
__pfx___br_netpoll_enable	0xffffffffc0a31020	0x0	bridge
__br_netpoll_enable	0xffffffffc0a31030	0x0	bridge
__pfx_br_poll_controller	0xffffffffc0a310e0	0x0	bridge
br_poll_controller	0xffffffffc0a310f0	0x0	bridge
__pfx_br_dev_stop	0xffffffffc0a31100	0x0	bridge
br_dev_stop	0xffffffffc0a31110	0x0	bridge
__pfx_br_dev_open	0xffffffffc0a31170	0x0	bridge
br_dev_open	0xffffffffc0a31180	0x0	bridge
__pfx_br_netpoll_setup	0xffffffffc0a311f0	0x0	bridge
br_netpoll_setup	0xffffffffc0a31200	0x0	bridge
__pfx_br_dev_xmit	0xffffffffc0a312b0	0x0	bridge
br_dev_xmit	0xffffffffc0a312c0	0x0	bridge
__pfx_br_netpoll_enable	0xffffffffc0a317e0	0x0	bridge
br_netpoll_enable	0xffffffffc0a317f0	0x0	bridge
__pfx_br_netpoll_disable	0xffffffffc0a31820	0x0	bridge
br_netpoll_disable	0xffffffffc0a31830	0x0	bridge
__pfx_br_dev_setup	0xffffffffc0a31870	0x0	bridge
br_dev_setup	0xffffffffc0a31880	0x0	bridge
__pfx_fdb_to_nud	0xffffffffc0a31af0	0x0	bridge
fdb_to_nud	0xffffffffc0a31b00	0x0	bridge
__pfx___ndm_flags_to_fdb_flags	0xffffffffc0a31b90	0x0	bridge
__ndm_flags_to_fdb_flags	0xffffffffc0a31ba0	0x0	bridge
__pfx_br_fdb_clear_offload	0xffffffffc0a31c10	0x0	bridge
br_fdb_clear_offload	0xffffffffc0a31c20	0x0	bridge
__pfx_fdb_del_hw_addr	0xffffffffc0a31cf0	0x0	bridge
fdb_del_hw_addr	0xffffffffc0a31d00	0x0	bridge
__pfx_fdb_add_hw_addr	0xffffffffc0a31db0	0x0	bridge
fdb_add_hw_addr	0xffffffffc0a31dc0	0x0	bridge
__pfx_schedule_work.isra.0	0xffffffffc0a31e90	0x0	bridge
schedule_work.isra.0	0xffffffffc0a31ea0	0x0	bridge
__pfx_fdb_fill_info	0xffffffffc0a31ec0	0x0	bridge
fdb_fill_info	0xffffffffc0a31ed0	0x0	bridge
__pfx_fdb_notify	0xffffffffc0a321d0	0x0	bridge
fdb_notify	0xffffffffc0a321e0	0x0	bridge
__pfx___rhashtable_insert_fast.constprop.0	0xffffffffc0a322d0	0x0	bridge
__rhashtable_insert_fast.constprop.0	0xffffffffc0a322e0	0x0	bridge
__pfx_fdb_create	0xffffffffc0a32580	0x0	bridge
fdb_create	0xffffffffc0a32590	0x0	bridge
__pfx___rhashtable_remove_fast_one.constprop.0	0xffffffffc0a32700	0x0	bridge
__rhashtable_remove_fast_one.constprop.0	0xffffffffc0a32710	0x0	bridge
__pfx_fdb_delete	0xffffffffc0a32950	0x0	bridge
fdb_delete	0xffffffffc0a32960	0x0	bridge
__pfx_fdb_delete_local	0xffffffffc0a32a70	0x0	bridge
fdb_delete_local	0xffffffffc0a32a80	0x0	bridge
__pfx_fdb_find_rcu	0xffffffffc0a32bd0	0x0	bridge
fdb_find_rcu	0xffffffffc0a32be0	0x0	bridge
__pfx_fdb_add_local	0xffffffffc0a32d50	0x0	bridge
fdb_add_local	0xffffffffc0a32d60	0x0	bridge
__pfx_br_fdb_find_port	0xffffffffc0a32e70	0x0	bridge
br_fdb_find_port	0xffffffffc0a32e80	0x0	bridge
__pfx_fdb_add_entry.isra.0	0xffffffffc0a32f20	0x0	bridge
fdb_add_entry.isra.0	0xffffffffc0a32f30	0x0	bridge
__pfx_br_fdb_fini	0xffffffffc0a33210	0x0	bridge
br_fdb_fini	0xffffffffc0a33220	0x0	bridge
__pfx_br_fdb_hash_init	0xffffffffc0a33240	0x0	bridge
br_fdb_hash_init	0xffffffffc0a33250	0x0	bridge
__pfx_br_fdb_hash_fini	0xffffffffc0a33270	0x0	bridge
br_fdb_hash_fini	0xffffffffc0a33280	0x0	bridge
__pfx_br_fdb_find_rcu	0xffffffffc0a332a0	0x0	bridge
br_fdb_find_rcu	0xffffffffc0a332b0	0x0	bridge
__pfx_br_fdb_find_delete_local	0xffffffffc0a332d0	0x0	bridge
br_fdb_find_delete_local	0xffffffffc0a332e0	0x0	bridge
__pfx_br_fdb_changeaddr	0xffffffffc0a33360	0x0	bridge
br_fdb_changeaddr	0xffffffffc0a33370	0x0	bridge
__pfx_br_fdb_change_mac_address	0xffffffffc0a334b0	0x0	bridge
br_fdb_change_mac_address	0xffffffffc0a334c0	0x0	bridge
__pfx_br_fdb_cleanup	0xffffffffc0a33620	0x0	bridge
br_fdb_cleanup	0xffffffffc0a33630	0x0	bridge
__pfx_br_fdb_flush	0xffffffffc0a33760	0x0	bridge
br_fdb_flush	0xffffffffc0a33770	0x0	bridge
__pfx_br_fdb_delete_bulk	0xffffffffc0a33840	0x0	bridge
br_fdb_delete_bulk	0xffffffffc0a33850	0x0	bridge
__pfx_br_fdb_delete_by_port	0xffffffffc0a33c10	0x0	bridge
br_fdb_delete_by_port	0xffffffffc0a33c20	0x0	bridge
__pfx_br_fdb_test_addr	0xffffffffc0a33cf0	0x0	bridge
br_fdb_test_addr	0xffffffffc0a33d00	0x0	bridge
__pfx_br_fdb_fillbuf	0xffffffffc0a33d70	0x0	bridge
br_fdb_fillbuf	0xffffffffc0a33d80	0x0	bridge
__pfx_br_fdb_add_local	0xffffffffc0a33ed0	0x0	bridge
br_fdb_add_local	0xffffffffc0a33ee0	0x0	bridge
__pfx_br_fdb_update	0xffffffffc0a33f40	0x0	bridge
br_fdb_update	0xffffffffc0a33f50	0x0	bridge
__pfx_br_fdb_dump	0xffffffffc0a34230	0x0	bridge
br_fdb_dump	0xffffffffc0a34240	0x0	bridge
__pfx_br_fdb_get	0xffffffffc0a34330	0x0	bridge
br_fdb_get	0xffffffffc0a34340	0x0	bridge
__pfx_br_fdb_delete	0xffffffffc0a343d0	0x0	bridge
br_fdb_delete	0xffffffffc0a343e0	0x0	bridge
__pfx_br_fdb_sync_static	0xffffffffc0a345f0	0x0	bridge
br_fdb_sync_static	0xffffffffc0a34600	0x0	bridge
__pfx_br_fdb_unsync_static	0xffffffffc0a34700	0x0	bridge
br_fdb_unsync_static	0xffffffffc0a34710	0x0	bridge
__pfx_br_fdb_external_learn_add	0xffffffffc0a347b0	0x0	bridge
br_fdb_external_learn_add	0xffffffffc0a347c0	0x0	bridge
__pfx___br_fdb_add	0xffffffffc0a34a10	0x0	bridge
__br_fdb_add	0xffffffffc0a34a20	0x0	bridge
__pfx_br_fdb_add	0xffffffffc0a34b80	0x0	bridge
br_fdb_add	0xffffffffc0a34b90	0x0	bridge
__pfx_br_fdb_external_learn_del	0xffffffffc0a34f40	0x0	bridge
br_fdb_external_learn_del	0xffffffffc0a34f50	0x0	bridge
__pfx_br_fdb_offloaded_set	0xffffffffc0a34fd0	0x0	bridge
br_fdb_offloaded_set	0xffffffffc0a34fe0	0x0	bridge
__pfx_br_dev_queue_push_xmit	0xffffffffc0a35050	0x0	bridge
br_dev_queue_push_xmit	0xffffffffc0a35060	0x0	bridge
__pfx_br_forward_finish	0xffffffffc0a35250	0x0	bridge
br_forward_finish	0xffffffffc0a35260	0x0	bridge
__pfx___br_forward	0xffffffffc0a35320	0x0	bridge
__br_forward	0xffffffffc0a35330	0x0	bridge
__pfx_maybe_deliver_addr	0xffffffffc0a35500	0x0	bridge
maybe_deliver_addr	0xffffffffc0a35510	0x0	bridge
__pfx_maybe_deliver	0xffffffffc0a356f0	0x0	bridge
maybe_deliver	0xffffffffc0a35700	0x0	bridge
__pfx_br_forward	0xffffffffc0a35840	0x0	bridge
br_forward	0xffffffffc0a35850	0x0	bridge
__pfx_br_flood	0xffffffffc0a359a0	0x0	bridge
br_flood	0xffffffffc0a359b0	0x0	bridge
__pfx_br_multicast_flood	0xffffffffc0a35bd0	0x0	bridge
br_multicast_flood	0xffffffffc0a35be0	0x0	bridge
__pfx_br_port_flag_is_set	0xffffffffc0a35f50	0x0	bridge
br_port_flag_is_set	0xffffffffc0a35f60	0x0	bridge
__pfx_port_cost	0xffffffffc0a35f90	0x0	bridge
port_cost	0xffffffffc0a35fa0	0x0	bridge
__pfx_destroy_nbp_rcu	0xffffffffc0a360b0	0x0	bridge
destroy_nbp_rcu	0xffffffffc0a360c0	0x0	bridge
__pfx_release_nbp	0xffffffffc0a36110	0x0	bridge
release_nbp	0xffffffffc0a36120	0x0	bridge
__pfx_brport_get_ownership	0xffffffffc0a36140	0x0	bridge
brport_get_ownership	0xffffffffc0a36150	0x0	bridge
__pfx_br_set_gso_limits	0xffffffffc0a36180	0x0	bridge
br_set_gso_limits	0xffffffffc0a36190	0x0	bridge
__pfx_new_nbp	0xffffffffc0a36220	0x0	bridge
new_nbp	0xffffffffc0a36230	0x0	bridge
__pfx_br_port_carrier_check	0xffffffffc0a36400	0x0	bridge
br_port_carrier_check	0xffffffffc0a36410	0x0	bridge
__pfx_br_manage_promisc	0xffffffffc0a364f0	0x0	bridge
br_manage_promisc	0xffffffffc0a36500	0x0	bridge
__pfx_nbp_backup_change	0xffffffffc0a36660	0x0	bridge
nbp_backup_change	0xffffffffc0a36670	0x0	bridge
__pfx_del_nbp	0xffffffffc0a36760	0x0	bridge
del_nbp	0xffffffffc0a36770	0x0	bridge
__pfx_br_dev_delete	0xffffffffc0a36a80	0x0	bridge
br_dev_delete	0xffffffffc0a36a90	0x0	bridge
__pfx_br_add_bridge	0xffffffffc0a36b40	0x0	bridge
br_add_bridge	0xffffffffc0a36b50	0x0	bridge
__pfx_br_del_bridge	0xffffffffc0a36be0	0x0	bridge
br_del_bridge	0xffffffffc0a36bf0	0x0	bridge
__pfx_br_mtu_auto_adjust	0xffffffffc0a36c50	0x0	bridge
br_mtu_auto_adjust	0xffffffffc0a36c60	0x0	bridge
__pfx_br_features_recompute	0xffffffffc0a36d50	0x0	bridge
br_features_recompute	0xffffffffc0a36d60	0x0	bridge
__pfx_br_add_if	0xffffffffc0a36e00	0x0	bridge
br_add_if	0xffffffffc0a36e10	0x0	bridge
__pfx_br_del_if	0xffffffffc0a37400	0x0	bridge
br_del_if	0xffffffffc0a37410	0x0	bridge
__pfx_br_port_flags_change	0xffffffffc0a374a0	0x0	bridge
br_port_flags_change	0xffffffffc0a374b0	0x0	bridge
__pfx_br_handle_frame_dummy	0xffffffffc0a37550	0x0	bridge
br_handle_frame_dummy	0xffffffffc0a37560	0x0	bridge
__pfx_br_netif_receive_skb	0xffffffffc0a37580	0x0	bridge
br_netif_receive_skb	0xffffffffc0a37590	0x0	bridge
__pfx_br_pass_frame_up	0xffffffffc0a375f0	0x0	bridge
br_pass_frame_up	0xffffffffc0a37600	0x0	bridge
__pfx___br_handle_local_finish	0xffffffffc0a37790	0x0	bridge
__br_handle_local_finish	0xffffffffc0a377a0	0x0	bridge
__pfx_br_handle_local_finish	0xffffffffc0a37850	0x0	bridge
br_handle_local_finish	0xffffffffc0a37860	0x0	bridge
__pfx_br_handle_frame_finish	0xffffffffc0a37880	0x0	bridge
br_handle_frame_finish	0xffffffffc0a37890	0x0	bridge
__pfx_br_handle_frame	0xffffffffc0a37f10	0x0	bridge
br_handle_frame	0xffffffffc0a37f20	0x0	bridge
__pfx_br_get_rx_handler	0xffffffffc0a38350	0x0	bridge
br_get_rx_handler	0xffffffffc0a38360	0x0	bridge
__pfx_br_add_frame	0xffffffffc0a383a0	0x0	bridge
br_add_frame	0xffffffffc0a383b0	0x0	bridge
__pfx_br_del_frame	0xffffffffc0a383e0	0x0	bridge
br_del_frame	0xffffffffc0a383f0	0x0	bridge
__pfx_br_dev_read_uargs	0xffffffffc0a38450	0x0	bridge
br_dev_read_uargs	0xffffffffc0a38460	0x0	bridge
__pfx_add_del_if	0xffffffffc0a38590	0x0	bridge
add_del_if	0xffffffffc0a385a0	0x0	bridge
__pfx_get_fdb_entries	0xffffffffc0a38630	0x0	bridge
get_fdb_entries	0xffffffffc0a38640	0x0	bridge
__pfx_old_deviceless	0xffffffffc0a38700	0x0	bridge
old_deviceless	0xffffffffc0a38710	0x0	bridge
__pfx_br_dev_siocdevprivate	0xffffffffc0a38930	0x0	bridge
br_dev_siocdevprivate	0xffffffffc0a38940	0x0	bridge
__pfx_br_ioctl_stub	0xffffffffc0a38fe0	0x0	bridge
br_ioctl_stub	0xffffffffc0a38ff0	0x0	bridge
__pfx_br_supersedes_port_info	0xffffffffc0a39210	0x0	bridge
br_supersedes_port_info	0xffffffffc0a39220	0x0	bridge
__pfx_br_should_become_root_port	0xffffffffc0a392d0	0x0	bridge
br_should_become_root_port	0xffffffffc0a392e0	0x0	bridge
__pfx_br_port_get_stp_state	0xffffffffc0a39440	0x0	bridge
br_port_get_stp_state	0xffffffffc0a39450	0x0	bridge
__pfx_br_get_ageing_time	0xffffffffc0a394d0	0x0	bridge
br_get_ageing_time	0xffffffffc0a394e0	0x0	bridge
__pfx_br_should_become_designated_port	0xffffffffc0a39510	0x0	bridge
br_should_become_designated_port	0xffffffffc0a39520	0x0	bridge
__pfx_br_designated_port_selection	0xffffffffc0a395b0	0x0	bridge
br_designated_port_selection	0xffffffffc0a395c0	0x0	bridge
__pfx_br_set_state	0xffffffffc0a39650	0x0	bridge
br_set_state	0xffffffffc0a39660	0x0	bridge
__pfx_br_root_selection	0xffffffffc0a39840	0x0	bridge
br_root_selection	0xffffffffc0a39850	0x0	bridge
__pfx_br_get_port	0xffffffffc0a399b0	0x0	bridge
br_get_port	0xffffffffc0a399c0	0x0	bridge
__pfx_br_transmit_config	0xffffffffc0a39a10	0x0	bridge
br_transmit_config	0xffffffffc0a39a20	0x0	bridge
__pfx_br_transmit_tcn	0xffffffffc0a39bb0	0x0	bridge
br_transmit_tcn	0xffffffffc0a39bc0	0x0	bridge
__pfx_br_config_bpdu_generation	0xffffffffc0a39c30	0x0	bridge
br_config_bpdu_generation	0xffffffffc0a39c40	0x0	bridge
__pfx_br_configuration_update	0xffffffffc0a39cb0	0x0	bridge
br_configuration_update	0xffffffffc0a39cc0	0x0	bridge
__pfx_br_become_designated_port	0xffffffffc0a39cf0	0x0	bridge
br_become_designated_port	0xffffffffc0a39d00	0x0	bridge
__pfx_br_set_hello_time	0xffffffffc0a39d40	0x0	bridge
br_set_hello_time	0xffffffffc0a39d50	0x0	bridge
__pfx_br_set_max_age	0xffffffffc0a39dc0	0x0	bridge
br_set_max_age	0xffffffffc0a39dd0	0x0	bridge
__pfx___set_ageing_time	0xffffffffc0a39e40	0x0	bridge
__set_ageing_time	0xffffffffc0a39e50	0x0	bridge
__pfx_br_set_ageing_time	0xffffffffc0a39ef0	0x0	bridge
br_set_ageing_time	0xffffffffc0a39f00	0x0	bridge
__pfx___br_set_topology_change	0xffffffffc0a39f80	0x0	bridge
__br_set_topology_change	0xffffffffc0a39f90	0x0	bridge
__pfx_br_topology_change_detection	0xffffffffc0a3a080	0x0	bridge
br_topology_change_detection	0xffffffffc0a3a090	0x0	bridge
__pfx_br_become_root_bridge	0xffffffffc0a3a180	0x0	bridge
br_become_root_bridge	0xffffffffc0a3a190	0x0	bridge
__pfx_br_make_forwarding	0xffffffffc0a3a280	0x0	bridge
br_make_forwarding	0xffffffffc0a3a290	0x0	bridge
__pfx_br_received_tcn_bpdu	0xffffffffc0a3a340	0x0	bridge
br_received_tcn_bpdu	0xffffffffc0a3a350	0x0	bridge
__pfx_br_port_state_selection	0xffffffffc0a3a3e0	0x0	bridge
br_port_state_selection	0xffffffffc0a3a3f0	0x0	bridge
__pfx_br_received_config_bpdu	0xffffffffc0a3a550	0x0	bridge
br_received_config_bpdu	0xffffffffc0a3a560	0x0	bridge
__pfx___br_set_forward_delay	0xffffffffc0a3a720	0x0	bridge
__br_set_forward_delay	0xffffffffc0a3a730	0x0	bridge
__pfx_br_set_forward_delay	0xffffffffc0a3a760	0x0	bridge
br_set_forward_delay	0xffffffffc0a3a770	0x0	bridge
__pfx_br_send_bpdu_finish	0xffffffffc0a3a7f0	0x0	bridge
br_send_bpdu_finish	0xffffffffc0a3a800	0x0	bridge
__pfx_br_send_bpdu	0xffffffffc0a3a820	0x0	bridge
br_send_bpdu	0xffffffffc0a3a830	0x0	bridge
__pfx_br_send_config_bpdu	0xffffffffc0a3a9e0	0x0	bridge
br_send_config_bpdu	0xffffffffc0a3a9f0	0x0	bridge
__pfx_br_send_tcn_bpdu	0xffffffffc0a3ab30	0x0	bridge
br_send_tcn_bpdu	0xffffffffc0a3ab40	0x0	bridge
__pfx_br_stp_rcv	0xffffffffc0a3abb0	0x0	bridge
br_stp_rcv	0xffffffffc0a3abc0	0x0	bridge
__pfx_br_stp_call_user	0xffffffffc0a3af40	0x0	bridge
br_stp_call_user	0xffffffffc0a3af50	0x0	bridge
__pfx_br_stp_start	0xffffffffc0a3b040	0x0	bridge
br_stp_start	0xffffffffc0a3b050	0x0	bridge
__pfx_br_init_port	0xffffffffc0a3b1f0	0x0	bridge
br_init_port	0xffffffffc0a3b200	0x0	bridge
__pfx_br_stp_enable_bridge	0xffffffffc0a3b280	0x0	bridge
br_stp_enable_bridge	0xffffffffc0a3b290	0x0	bridge
__pfx_br_stp_enable_port	0xffffffffc0a3b380	0x0	bridge
br_stp_enable_port	0xffffffffc0a3b390	0x0	bridge
__pfx_br_stp_disable_port	0xffffffffc0a3b3d0	0x0	bridge
br_stp_disable_port	0xffffffffc0a3b3e0	0x0	bridge
__pfx_br_stp_disable_bridge	0xffffffffc0a3b4c0	0x0	bridge
br_stp_disable_bridge	0xffffffffc0a3b4d0	0x0	bridge
__pfx_br_stp_set_enabled	0xffffffffc0a3b590	0x0	bridge
br_stp_set_enabled	0xffffffffc0a3b5a0	0x0	bridge
__pfx_br_stp_change_bridge_id	0xffffffffc0a3b6c0	0x0	bridge
br_stp_change_bridge_id	0xffffffffc0a3b6d0	0x0	bridge
__pfx_br_stp_recalculate_bridge_id	0xffffffffc0a3b820	0x0	bridge
br_stp_recalculate_bridge_id	0xffffffffc0a3b830	0x0	bridge
__pfx_br_stp_set_bridge_priority	0xffffffffc0a3b930	0x0	bridge
br_stp_set_bridge_priority	0xffffffffc0a3b940	0x0	bridge
__pfx_br_stp_set_port_priority	0xffffffffc0a3ba20	0x0	bridge
br_stp_set_port_priority	0xffffffffc0a3ba30	0x0	bridge
__pfx_br_stp_set_path_cost	0xffffffffc0a3bac0	0x0	bridge
br_stp_set_path_cost	0xffffffffc0a3bad0	0x0	bridge
__pfx_br_show_bridge_id	0xffffffffc0a3bb20	0x0	bridge
br_show_bridge_id	0xffffffffc0a3bb30	0x0	bridge
__pfx_br_message_age_timer_expired	0xffffffffc0a3bb80	0x0	bridge
br_message_age_timer_expired	0xffffffffc0a3bb90	0x0	bridge
__pfx_br_topology_change_timer_expired	0xffffffffc0a3bc70	0x0	bridge
br_topology_change_timer_expired	0xffffffffc0a3bc80	0x0	bridge
__pfx_br_hold_timer_expired	0xffffffffc0a3bcf0	0x0	bridge
br_hold_timer_expired	0xffffffffc0a3bd00	0x0	bridge
__pfx_br_hello_timer_expired	0xffffffffc0a3bd80	0x0	bridge
br_hello_timer_expired	0xffffffffc0a3bd90	0x0	bridge
__pfx_br_tcn_timer_expired	0xffffffffc0a3be30	0x0	bridge
br_tcn_timer_expired	0xffffffffc0a3be40	0x0	bridge
__pfx_br_forward_delay_timer_expired	0xffffffffc0a3bee0	0x0	bridge
br_forward_delay_timer_expired	0xffffffffc0a3bef0	0x0	bridge
__pfx_br_stp_timer_init	0xffffffffc0a3c010	0x0	bridge
br_stp_timer_init	0xffffffffc0a3c020	0x0	bridge
__pfx_br_stp_port_timer_init	0xffffffffc0a3c090	0x0	bridge
br_stp_port_timer_init	0xffffffffc0a3c0a0	0x0	bridge
__pfx_br_timer_value	0xffffffffc0a3c110	0x0	bridge
br_timer_value	0xffffffffc0a3c120	0x0	bridge
__pfx_br_validate	0xffffffffc0a3c160	0x0	bridge
br_validate	0xffffffffc0a3c170	0x0	bridge
__pfx_br_port_get_slave_size	0xffffffffc0a3c200	0x0	bridge
br_port_get_slave_size	0xffffffffc0a3c210	0x0	bridge
__pfx_br_get_linkxstats_size	0xffffffffc0a3c230	0x0	bridge
br_get_linkxstats_size	0xffffffffc0a3c240	0x0	bridge
__pfx_br_get_link_af_size_filtered	0xffffffffc0a3c310	0x0	bridge
br_get_link_af_size_filtered	0xffffffffc0a3c320	0x0	bridge
__pfx_br_fill_ifvlaninfo_range	0xffffffffc0a3c620	0x0	bridge
br_fill_ifvlaninfo_range	0xffffffffc0a3c630	0x0	bridge
__pfx_br_port_fill_attrs	0xffffffffc0a3c6e0	0x0	bridge
br_port_fill_attrs	0xffffffffc0a3c6f0	0x0	bridge
__pfx_br_port_fill_slave_info	0xffffffffc0a3cdf0	0x0	bridge
br_port_fill_slave_info	0xffffffffc0a3ce00	0x0	bridge
__pfx_br_set_port_state	0xffffffffc0a3ce30	0x0	bridge
br_set_port_state	0xffffffffc0a3ce40	0x0	bridge
__pfx_br_get_size	0xffffffffc0a3ced0	0x0	bridge
br_get_size	0xffffffffc0a3cee0	0x0	bridge
__pfx_br_vlan_info	0xffffffffc0a3cf00	0x0	bridge
br_vlan_info	0xffffffffc0a3cf10	0x0	bridge
__pfx_br_changelink	0xffffffffc0a3cff0	0x0	bridge
br_changelink	0xffffffffc0a3d000	0x0	bridge
__pfx_br_dev_newlink	0xffffffffc0a3d5b0	0x0	bridge
br_dev_newlink	0xffffffffc0a3d5c0	0x0	bridge
__pfx_br_fill_linkxstats	0xffffffffc0a3d670	0x0	bridge
br_fill_linkxstats	0xffffffffc0a3d680	0x0	bridge
__pfx_br_fill_info	0xffffffffc0a3da00	0x0	bridge
br_fill_info	0xffffffffc0a3da10	0x0	bridge
__pfx_br_fill_ifinfo	0xffffffffc0a3e2a0	0x0	bridge
br_fill_ifinfo	0xffffffffc0a3e2b0	0x0	bridge
__pfx_br_setport	0xffffffffc0a3eb00	0x0	bridge
br_setport	0xffffffffc0a3eb10	0x0	bridge
__pfx_br_port_slave_changelink	0xffffffffc0a3f100	0x0	bridge
br_port_slave_changelink	0xffffffffc0a3f110	0x0	bridge
__pfx_br_info_notify	0xffffffffc0a3f180	0x0	bridge
br_info_notify	0xffffffffc0a3f190	0x0	bridge
__pfx_br_ifinfo_notify	0xffffffffc0a3f2f0	0x0	bridge
br_ifinfo_notify	0xffffffffc0a3f300	0x0	bridge
__pfx_br_getlink	0xffffffffc0a3f320	0x0	bridge
br_getlink	0xffffffffc0a3f330	0x0	bridge
__pfx_br_process_vlan_info	0xffffffffc0a3f380	0x0	bridge
br_process_vlan_info	0xffffffffc0a3f390	0x0	bridge
__pfx_br_afspec	0xffffffffc0a3f6e0	0x0	bridge
br_afspec	0xffffffffc0a3f6f0	0x0	bridge
__pfx_br_setlink	0xffffffffc0a3f940	0x0	bridge
br_setlink	0xffffffffc0a3f950	0x0	bridge
__pfx_br_dellink	0xffffffffc0a3fb70	0x0	bridge
br_dellink	0xffffffffc0a3fb80	0x0	bridge
__pfx_br_netlink_fini	0xffffffffc0a3fc60	0x0	bridge
br_netlink_fini	0xffffffffc0a3fc70	0x0	bridge
__pfx_br_fill_vlan_tinfo	0xffffffffc0a3fca0	0x0	bridge
br_fill_vlan_tinfo	0xffffffffc0a3fcb0	0x0	bridge
__pfx_br_fill_vlan_tinfo_range.isra.0	0xffffffffc0a3fdd0	0x0	bridge
br_fill_vlan_tinfo_range.isra.0	0xffffffffc0a3fde0	0x0	bridge
__pfx_vlan_tunid_inrange	0xffffffffc0a3fe50	0x0	bridge
vlan_tunid_inrange	0xffffffffc0a3fe60	0x0	bridge
__pfx_br_get_vlan_tunnel_info_size	0xffffffffc0a3fe90	0x0	bridge
br_get_vlan_tunnel_info_size	0xffffffffc0a3fea0	0x0	bridge
__pfx_br_fill_vlan_tunnel_info	0xffffffffc0a3ff90	0x0	bridge
br_fill_vlan_tunnel_info	0xffffffffc0a3ffa0	0x0	bridge
__pfx_br_vlan_tunnel_info	0xffffffffc0a40070	0x0	bridge
br_vlan_tunnel_info	0xffffffffc0a40080	0x0	bridge
__pfx_br_parse_vlan_tunnel_info	0xffffffffc0a400e0	0x0	bridge
br_parse_vlan_tunnel_info	0xffffffffc0a400f0	0x0	bridge
__pfx_br_process_vlan_tunnel_info	0xffffffffc0a401d0	0x0	bridge
br_process_vlan_tunnel_info	0xffffffffc0a401e0	0x0	bridge
__pfx_br_chk_addr_ip	0xffffffffc0a40480	0x0	bridge
br_chk_addr_ip	0xffffffffc0a40490	0x0	bridge
__pfx_br_arp_send	0xffffffffc0a404e0	0x0	bridge
br_arp_send	0xffffffffc0a404f0	0x0	bridge
__pfx_br_chk_addr_ip6	0xffffffffc0a406d0	0x0	bridge
br_chk_addr_ip6	0xffffffffc0a406e0	0x0	bridge
__pfx_br_nd_send	0xffffffffc0a40710	0x0	bridge
br_nd_send	0xffffffffc0a40720	0x0	bridge
__pfx_br_opt_get.constprop.0	0xffffffffc0a40c10	0x0	bridge
br_opt_get.constprop.0	0xffffffffc0a40c20	0x0	bridge
__pfx_neigh_release	0xffffffffc0a40c30	0x0	bridge
neigh_release	0xffffffffc0a40c40	0x0	bridge
__pfx_br_recalculate_neigh_suppress_enabled	0xffffffffc0a40c80	0x0	bridge
br_recalculate_neigh_suppress_enabled	0xffffffffc0a40c90	0x0	bridge
__pfx_br_is_nd_neigh_msg	0xffffffffc0a40cf0	0x0	bridge
br_is_nd_neigh_msg	0xffffffffc0a40d00	0x0	bridge
__pfx_br_is_neigh_suppress_enabled	0xffffffffc0a40d90	0x0	bridge
br_is_neigh_suppress_enabled	0xffffffffc0a40da0	0x0	bridge
__pfx_br_do_proxy_suppress_arp	0xffffffffc0a40e00	0x0	bridge
br_do_proxy_suppress_arp	0xffffffffc0a40e10	0x0	bridge
__pfx_br_do_suppress_nd	0xffffffffc0a411d0	0x0	bridge
br_do_suppress_nd	0xffffffffc0a411e0	0x0	bridge
__pfx_store_group_fwd_mask	0xffffffffc0a41410	0x0	bridge
store_group_fwd_mask	0xffffffffc0a41420	0x0	bridge
__pfx_brport_show	0xffffffffc0a41450	0x0	bridge
brport_show	0xffffffffc0a41460	0x0	bridge
__pfx_brport_store	0xffffffffc0a414a0	0x0	bridge
brport_store	0xffffffffc0a414b0	0x0	bridge
__pfx_store_backup_port	0xffffffffc0a41650	0x0	bridge
store_backup_port	0xffffffffc0a41660	0x0	bridge
__pfx_show_backup_port	0xffffffffc0a416d0	0x0	bridge
show_backup_port	0xffffffffc0a416e0	0x0	bridge
__pfx_show_isolated	0xffffffffc0a41720	0x0	bridge
show_isolated	0xffffffffc0a41730	0x0	bridge
__pfx_show_neigh_suppress	0xffffffffc0a41760	0x0	bridge
show_neigh_suppress	0xffffffffc0a41770	0x0	bridge
__pfx_show_group_fwd_mask	0xffffffffc0a417b0	0x0	bridge
show_group_fwd_mask	0xffffffffc0a417c0	0x0	bridge
__pfx_show_broadcast_flood	0xffffffffc0a417f0	0x0	bridge
show_broadcast_flood	0xffffffffc0a41800	0x0	bridge
__pfx_show_multicast_flood	0xffffffffc0a41840	0x0	bridge
show_multicast_flood	0xffffffffc0a41850	0x0	bridge
__pfx_show_proxyarp_wifi	0xffffffffc0a41890	0x0	bridge
show_proxyarp_wifi	0xffffffffc0a418a0	0x0	bridge
__pfx_show_proxyarp	0xffffffffc0a418e0	0x0	bridge
show_proxyarp	0xffffffffc0a418f0	0x0	bridge
__pfx_show_multicast_to_unicast	0xffffffffc0a41930	0x0	bridge
show_multicast_to_unicast	0xffffffffc0a41940	0x0	bridge
__pfx_show_multicast_fast_leave	0xffffffffc0a41980	0x0	bridge
show_multicast_fast_leave	0xffffffffc0a41990	0x0	bridge
__pfx_show_multicast_router	0xffffffffc0a419d0	0x0	bridge
show_multicast_router	0xffffffffc0a419e0	0x0	bridge
__pfx_show_unicast_flood	0xffffffffc0a41a10	0x0	bridge
show_unicast_flood	0xffffffffc0a41a20	0x0	bridge
__pfx_show_learning	0xffffffffc0a41a60	0x0	bridge
show_learning	0xffffffffc0a41a70	0x0	bridge
__pfx_show_root_block	0xffffffffc0a41ab0	0x0	bridge
show_root_block	0xffffffffc0a41ac0	0x0	bridge
__pfx_show_bpdu_guard	0xffffffffc0a41b00	0x0	bridge
show_bpdu_guard	0xffffffffc0a41b10	0x0	bridge
__pfx_show_hairpin_mode	0xffffffffc0a41b40	0x0	bridge
show_hairpin_mode	0xffffffffc0a41b50	0x0	bridge
__pfx_show_config_pending	0xffffffffc0a41b80	0x0	bridge
show_config_pending	0xffffffffc0a41b90	0x0	bridge
__pfx_show_change_ack	0xffffffffc0a41bc0	0x0	bridge
show_change_ack	0xffffffffc0a41bd0	0x0	bridge
__pfx_show_port_state	0xffffffffc0a41c00	0x0	bridge
show_port_state	0xffffffffc0a41c10	0x0	bridge
__pfx_show_designated_cost	0xffffffffc0a41c40	0x0	bridge
show_designated_cost	0xffffffffc0a41c50	0x0	bridge
__pfx_show_designated_port	0xffffffffc0a41c80	0x0	bridge
show_designated_port	0xffffffffc0a41c90	0x0	bridge
__pfx_show_port_no	0xffffffffc0a41cc0	0x0	bridge
show_port_no	0xffffffffc0a41cd0	0x0	bridge
__pfx_show_port_id	0xffffffffc0a41d00	0x0	bridge
show_port_id	0xffffffffc0a41d10	0x0	bridge
__pfx_show_priority	0xffffffffc0a41d40	0x0	bridge
show_priority	0xffffffffc0a41d50	0x0	bridge
__pfx_show_path_cost	0xffffffffc0a41d80	0x0	bridge
show_path_cost	0xffffffffc0a41d90	0x0	bridge
__pfx_store_flag	0xffffffffc0a41dc0	0x0	bridge
store_flag	0xffffffffc0a41dd0	0x0	bridge
__pfx_store_isolated	0xffffffffc0a41ea0	0x0	bridge
store_isolated	0xffffffffc0a41eb0	0x0	bridge
__pfx_store_neigh_suppress	0xffffffffc0a41ed0	0x0	bridge
store_neigh_suppress	0xffffffffc0a41ee0	0x0	bridge
__pfx_store_broadcast_flood	0xffffffffc0a41f00	0x0	bridge
store_broadcast_flood	0xffffffffc0a41f10	0x0	bridge
__pfx_store_multicast_flood	0xffffffffc0a41f30	0x0	bridge
store_multicast_flood	0xffffffffc0a41f40	0x0	bridge
__pfx_store_proxyarp_wifi	0xffffffffc0a41f60	0x0	bridge
store_proxyarp_wifi	0xffffffffc0a41f70	0x0	bridge
__pfx_store_proxyarp	0xffffffffc0a41f90	0x0	bridge
store_proxyarp	0xffffffffc0a41fa0	0x0	bridge
__pfx_store_multicast_to_unicast	0xffffffffc0a41fc0	0x0	bridge
store_multicast_to_unicast	0xffffffffc0a41fd0	0x0	bridge
__pfx_store_multicast_fast_leave	0xffffffffc0a41ff0	0x0	bridge
store_multicast_fast_leave	0xffffffffc0a42000	0x0	bridge
__pfx_store_unicast_flood	0xffffffffc0a42020	0x0	bridge
store_unicast_flood	0xffffffffc0a42030	0x0	bridge
__pfx_store_learning	0xffffffffc0a42050	0x0	bridge
store_learning	0xffffffffc0a42060	0x0	bridge
__pfx_store_root_block	0xffffffffc0a42080	0x0	bridge
store_root_block	0xffffffffc0a42090	0x0	bridge
__pfx_store_bpdu_guard	0xffffffffc0a420b0	0x0	bridge
store_bpdu_guard	0xffffffffc0a420c0	0x0	bridge
__pfx_store_hairpin_mode	0xffffffffc0a420e0	0x0	bridge
store_hairpin_mode	0xffffffffc0a420f0	0x0	bridge
__pfx_store_multicast_router	0xffffffffc0a42110	0x0	bridge
store_multicast_router	0xffffffffc0a42120	0x0	bridge
__pfx_store_flush	0xffffffffc0a42140	0x0	bridge
store_flush	0xffffffffc0a42150	0x0	bridge
__pfx_show_hold_timer	0xffffffffc0a42170	0x0	bridge
show_hold_timer	0xffffffffc0a42180	0x0	bridge
__pfx_show_forward_delay_timer	0xffffffffc0a421c0	0x0	bridge
show_forward_delay_timer	0xffffffffc0a421d0	0x0	bridge
__pfx_show_message_age_timer	0xffffffffc0a42210	0x0	bridge
show_message_age_timer	0xffffffffc0a42220	0x0	bridge
__pfx_show_designated_bridge	0xffffffffc0a42260	0x0	bridge
show_designated_bridge	0xffffffffc0a42270	0x0	bridge
__pfx_show_designated_root	0xffffffffc0a42290	0x0	bridge
show_designated_root	0xffffffffc0a422a0	0x0	bridge
__pfx_br_sysfs_addif	0xffffffffc0a422c0	0x0	bridge
br_sysfs_addif	0xffffffffc0a422d0	0x0	bridge
__pfx_br_sysfs_renameif	0xffffffffc0a423c0	0x0	bridge
br_sysfs_renameif	0xffffffffc0a423d0	0x0	bridge
__pfx_set_group_fwd_mask	0xffffffffc0a424d0	0x0	bridge
set_group_fwd_mask	0xffffffffc0a424e0	0x0	bridge
__pfx_set_hash_max	0xffffffffc0a42510	0x0	bridge
set_hash_max	0xffffffffc0a42520	0x0	bridge
__pfx_set_last_member_count	0xffffffffc0a42540	0x0	bridge
set_last_member_count	0xffffffffc0a42550	0x0	bridge
__pfx_set_startup_query_count	0xffffffffc0a42570	0x0	bridge
set_startup_query_count	0xffffffffc0a42580	0x0	bridge
__pfx_brforward_read	0xffffffffc0a425a0	0x0	bridge
brforward_read	0xffffffffc0a425b0	0x0	bridge
__pfx_set_vlan_stats_per_port	0xffffffffc0a42600	0x0	bridge
set_vlan_stats_per_port	0xffffffffc0a42610	0x0	bridge
__pfx_store_bridge_parm	0xffffffffc0a42630	0x0	bridge
store_bridge_parm	0xffffffffc0a42640	0x0	bridge
__pfx_vlan_stats_per_port_store	0xffffffffc0a427d0	0x0	bridge
vlan_stats_per_port_store	0xffffffffc0a427e0	0x0	bridge
__pfx_vlan_stats_enabled_store	0xffffffffc0a42810	0x0	bridge
vlan_stats_enabled_store	0xffffffffc0a42820	0x0	bridge
__pfx_default_pvid_store	0xffffffffc0a42850	0x0	bridge
default_pvid_store	0xffffffffc0a42860	0x0	bridge
__pfx_vlan_protocol_store	0xffffffffc0a42890	0x0	bridge
vlan_protocol_store	0xffffffffc0a428a0	0x0	bridge
__pfx_vlan_filtering_store	0xffffffffc0a428d0	0x0	bridge
vlan_filtering_store	0xffffffffc0a428e0	0x0	bridge
__pfx_nf_call_arptables_store	0xffffffffc0a42910	0x0	bridge
nf_call_arptables_store	0xffffffffc0a42920	0x0	bridge
__pfx_nf_call_ip6tables_store	0xffffffffc0a42950	0x0	bridge
nf_call_ip6tables_store	0xffffffffc0a42960	0x0	bridge
__pfx_nf_call_iptables_store	0xffffffffc0a42990	0x0	bridge
nf_call_iptables_store	0xffffffffc0a429a0	0x0	bridge
__pfx_multicast_mld_version_store	0xffffffffc0a429d0	0x0	bridge
multicast_mld_version_store	0xffffffffc0a429e0	0x0	bridge
__pfx_multicast_igmp_version_store	0xffffffffc0a42a10	0x0	bridge
multicast_igmp_version_store	0xffffffffc0a42a20	0x0	bridge
__pfx_multicast_stats_enabled_store	0xffffffffc0a42a50	0x0	bridge
multicast_stats_enabled_store	0xffffffffc0a42a60	0x0	bridge
__pfx_multicast_startup_query_interval_store	0xffffffffc0a42a90	0x0	bridge
multicast_startup_query_interval_store	0xffffffffc0a42aa0	0x0	bridge
__pfx_multicast_query_response_interval_store	0xffffffffc0a42ad0	0x0	bridge
multicast_query_response_interval_store	0xffffffffc0a42ae0	0x0	bridge
__pfx_multicast_query_interval_store	0xffffffffc0a42b10	0x0	bridge
multicast_query_interval_store	0xffffffffc0a42b20	0x0	bridge
__pfx_multicast_querier_interval_store	0xffffffffc0a42b50	0x0	bridge
multicast_querier_interval_store	0xffffffffc0a42b60	0x0	bridge
__pfx_multicast_membership_interval_store	0xffffffffc0a42b90	0x0	bridge
multicast_membership_interval_store	0xffffffffc0a42ba0	0x0	bridge
__pfx_multicast_last_member_interval_store	0xffffffffc0a42bd0	0x0	bridge
multicast_last_member_interval_store	0xffffffffc0a42be0	0x0	bridge
__pfx_multicast_startup_query_count_store	0xffffffffc0a42c10	0x0	bridge
multicast_startup_query_count_store	0xffffffffc0a42c20	0x0	bridge
__pfx_multicast_last_member_count_store	0xffffffffc0a42c50	0x0	bridge
multicast_last_member_count_store	0xffffffffc0a42c60	0x0	bridge
__pfx_hash_max_store	0xffffffffc0a42c90	0x0	bridge
hash_max_store	0xffffffffc0a42ca0	0x0	bridge
__pfx_hash_elasticity_store	0xffffffffc0a42cd0	0x0	bridge
hash_elasticity_store	0xffffffffc0a42ce0	0x0	bridge
__pfx_multicast_query_use_ifaddr_store	0xffffffffc0a42d10	0x0	bridge
multicast_query_use_ifaddr_store	0xffffffffc0a42d20	0x0	bridge
__pfx_multicast_querier_store	0xffffffffc0a42d50	0x0	bridge
multicast_querier_store	0xffffffffc0a42d60	0x0	bridge
__pfx_multicast_snooping_store	0xffffffffc0a42d90	0x0	bridge
multicast_snooping_store	0xffffffffc0a42da0	0x0	bridge
__pfx_multicast_router_store	0xffffffffc0a42dd0	0x0	bridge
multicast_router_store	0xffffffffc0a42de0	0x0	bridge
__pfx_no_linklocal_learn_store	0xffffffffc0a42e10	0x0	bridge
no_linklocal_learn_store	0xffffffffc0a42e20	0x0	bridge
__pfx_flush_store	0xffffffffc0a42e50	0x0	bridge
flush_store	0xffffffffc0a42e60	0x0	bridge
__pfx_priority_store	0xffffffffc0a42e90	0x0	bridge
priority_store	0xffffffffc0a42ea0	0x0	bridge
__pfx_group_fwd_mask_store	0xffffffffc0a42ed0	0x0	bridge
group_fwd_mask_store	0xffffffffc0a42ee0	0x0	bridge
__pfx_stp_state_store	0xffffffffc0a42f10	0x0	bridge
stp_state_store	0xffffffffc0a42f20	0x0	bridge
__pfx_ageing_time_store	0xffffffffc0a42f50	0x0	bridge
ageing_time_store	0xffffffffc0a42f60	0x0	bridge
__pfx_max_age_store	0xffffffffc0a42f90	0x0	bridge
max_age_store	0xffffffffc0a42fa0	0x0	bridge
__pfx_hello_time_store	0xffffffffc0a42fd0	0x0	bridge
hello_time_store	0xffffffffc0a42fe0	0x0	bridge
__pfx_forward_delay_store	0xffffffffc0a43010	0x0	bridge
forward_delay_store	0xffffffffc0a43020	0x0	bridge
__pfx_vlan_stats_enabled_show	0xffffffffc0a43050	0x0	bridge
vlan_stats_enabled_show	0xffffffffc0a43060	0x0	bridge
__pfx_default_pvid_show	0xffffffffc0a430a0	0x0	bridge
default_pvid_show	0xffffffffc0a430b0	0x0	bridge
__pfx_multicast_mld_version_show	0xffffffffc0a430e0	0x0	bridge
multicast_mld_version_show	0xffffffffc0a430f0	0x0	bridge
__pfx_multicast_igmp_version_show	0xffffffffc0a43120	0x0	bridge
multicast_igmp_version_show	0xffffffffc0a43130	0x0	bridge
__pfx_multicast_startup_query_count_show	0xffffffffc0a43160	0x0	bridge
multicast_startup_query_count_show	0xffffffffc0a43170	0x0	bridge
__pfx_multicast_last_member_count_show	0xffffffffc0a431a0	0x0	bridge
multicast_last_member_count_show	0xffffffffc0a431b0	0x0	bridge
__pfx_hash_max_show	0xffffffffc0a431e0	0x0	bridge
hash_max_show	0xffffffffc0a431f0	0x0	bridge
__pfx_hash_elasticity_show	0xffffffffc0a43220	0x0	bridge
hash_elasticity_show	0xffffffffc0a43230	0x0	bridge
__pfx_multicast_querier_show	0xffffffffc0a43260	0x0	bridge
multicast_querier_show	0xffffffffc0a43270	0x0	bridge
__pfx_multicast_router_show	0xffffffffc0a432a0	0x0	bridge
multicast_router_show	0xffffffffc0a432b0	0x0	bridge
__pfx_group_addr_show	0xffffffffc0a432e0	0x0	bridge
group_addr_show	0xffffffffc0a432f0	0x0	bridge
__pfx_topology_change_detected_show	0xffffffffc0a43320	0x0	bridge
topology_change_detected_show	0xffffffffc0a43330	0x0	bridge
__pfx_topology_change_show	0xffffffffc0a43360	0x0	bridge
topology_change_show	0xffffffffc0a43370	0x0	bridge
__pfx_root_port_show	0xffffffffc0a433a0	0x0	bridge
root_port_show	0xffffffffc0a433b0	0x0	bridge
__pfx_root_path_cost_show	0xffffffffc0a433e0	0x0	bridge
root_path_cost_show	0xffffffffc0a433f0	0x0	bridge
__pfx_priority_show	0xffffffffc0a43420	0x0	bridge
priority_show	0xffffffffc0a43430	0x0	bridge
__pfx_group_fwd_mask_show	0xffffffffc0a43470	0x0	bridge
group_fwd_mask_show	0xffffffffc0a43480	0x0	bridge
__pfx_stp_state_show	0xffffffffc0a434b0	0x0	bridge
stp_state_show	0xffffffffc0a434c0	0x0	bridge
__pfx_set_vlan_stats_enabled	0xffffffffc0a434f0	0x0	bridge
set_vlan_stats_enabled	0xffffffffc0a43500	0x0	bridge
__pfx_vlan_protocol_show	0xffffffffc0a43520	0x0	bridge
vlan_protocol_show	0xffffffffc0a43530	0x0	bridge
__pfx_set_nf_call_arptables	0xffffffffc0a43570	0x0	bridge
set_nf_call_arptables	0xffffffffc0a43580	0x0	bridge
__pfx_set_nf_call_ip6tables	0xffffffffc0a435b0	0x0	bridge
set_nf_call_ip6tables	0xffffffffc0a435c0	0x0	bridge
__pfx_set_nf_call_iptables	0xffffffffc0a435f0	0x0	bridge
set_nf_call_iptables	0xffffffffc0a43600	0x0	bridge
__pfx_set_stats_enabled	0xffffffffc0a43630	0x0	bridge
set_stats_enabled	0xffffffffc0a43640	0x0	bridge
__pfx_set_query_use_ifaddr	0xffffffffc0a43670	0x0	bridge
set_query_use_ifaddr	0xffffffffc0a43680	0x0	bridge
__pfx_set_multicast_mld_version	0xffffffffc0a436b0	0x0	bridge
set_multicast_mld_version	0xffffffffc0a436c0	0x0	bridge
__pfx_set_multicast_igmp_version	0xffffffffc0a436e0	0x0	bridge
set_multicast_igmp_version	0xffffffffc0a436f0	0x0	bridge
__pfx_set_startup_query_interval	0xffffffffc0a43710	0x0	bridge
set_startup_query_interval	0xffffffffc0a43720	0x0	bridge
__pfx_multicast_startup_query_interval_show	0xffffffffc0a43740	0x0	bridge
multicast_startup_query_interval_show	0xffffffffc0a43750	0x0	bridge
__pfx_multicast_query_response_interval_show	0xffffffffc0a43790	0x0	bridge
multicast_query_response_interval_show	0xffffffffc0a437a0	0x0	bridge
__pfx_multicast_query_interval_show	0xffffffffc0a437e0	0x0	bridge
multicast_query_interval_show	0xffffffffc0a437f0	0x0	bridge
__pfx_multicast_querier_interval_show	0xffffffffc0a43830	0x0	bridge
multicast_querier_interval_show	0xffffffffc0a43840	0x0	bridge
__pfx_multicast_membership_interval_show	0xffffffffc0a43880	0x0	bridge
multicast_membership_interval_show	0xffffffffc0a43890	0x0	bridge
__pfx_multicast_last_member_interval_show	0xffffffffc0a438d0	0x0	bridge
multicast_last_member_interval_show	0xffffffffc0a438e0	0x0	bridge
__pfx_ageing_time_show	0xffffffffc0a43920	0x0	bridge
ageing_time_show	0xffffffffc0a43930	0x0	bridge
__pfx_max_age_show	0xffffffffc0a43970	0x0	bridge
max_age_show	0xffffffffc0a43980	0x0	bridge
__pfx_hello_time_show	0xffffffffc0a439c0	0x0	bridge
hello_time_show	0xffffffffc0a439d0	0x0	bridge
__pfx_forward_delay_show	0xffffffffc0a43a10	0x0	bridge
forward_delay_show	0xffffffffc0a43a20	0x0	bridge
__pfx_set_query_response_interval	0xffffffffc0a43a60	0x0	bridge
set_query_response_interval	0xffffffffc0a43a70	0x0	bridge
__pfx_set_querier_interval	0xffffffffc0a43aa0	0x0	bridge
set_querier_interval	0xffffffffc0a43ab0	0x0	bridge
__pfx_set_membership_interval	0xffffffffc0a43ae0	0x0	bridge
set_membership_interval	0xffffffffc0a43af0	0x0	bridge
__pfx_set_last_member_interval	0xffffffffc0a43b20	0x0	bridge
set_last_member_interval	0xffffffffc0a43b30	0x0	bridge
__pfx_set_query_interval	0xffffffffc0a43b60	0x0	bridge
set_query_interval	0xffffffffc0a43b70	0x0	bridge
__pfx_set_elasticity	0xffffffffc0a43b90	0x0	bridge
set_elasticity	0xffffffffc0a43ba0	0x0	bridge
__pfx_set_multicast_querier	0xffffffffc0a43be0	0x0	bridge
set_multicast_querier	0xffffffffc0a43bf0	0x0	bridge
__pfx_set_multicast_router	0xffffffffc0a43c10	0x0	bridge
set_multicast_router	0xffffffffc0a43c20	0x0	bridge
__pfx_set_no_linklocal_learn	0xffffffffc0a43c40	0x0	bridge
set_no_linklocal_learn	0xffffffffc0a43c50	0x0	bridge
__pfx_no_linklocal_learn_show	0xffffffffc0a43c80	0x0	bridge
no_linklocal_learn_show	0xffffffffc0a43c90	0x0	bridge
__pfx_set_flush	0xffffffffc0a43cd0	0x0	bridge
set_flush	0xffffffffc0a43ce0	0x0	bridge
__pfx_group_addr_store	0xffffffffc0a43d40	0x0	bridge
group_addr_store	0xffffffffc0a43d50	0x0	bridge
__pfx_gc_timer_show	0xffffffffc0a43ea0	0x0	bridge
gc_timer_show	0xffffffffc0a43eb0	0x0	bridge
__pfx_topology_change_timer_show	0xffffffffc0a43ef0	0x0	bridge
topology_change_timer_show	0xffffffffc0a43f00	0x0	bridge
__pfx_tcn_timer_show	0xffffffffc0a43f40	0x0	bridge
tcn_timer_show	0xffffffffc0a43f50	0x0	bridge
__pfx_hello_timer_show	0xffffffffc0a43f90	0x0	bridge
hello_timer_show	0xffffffffc0a43fa0	0x0	bridge
__pfx_root_id_show	0xffffffffc0a43fe0	0x0	bridge
root_id_show	0xffffffffc0a43ff0	0x0	bridge
__pfx_bridge_id_show	0xffffffffc0a44020	0x0	bridge
bridge_id_show	0xffffffffc0a44030	0x0	bridge
__pfx_set_priority	0xffffffffc0a44060	0x0	bridge
set_priority	0xffffffffc0a44070	0x0	bridge
__pfx_set_stp_state	0xffffffffc0a44090	0x0	bridge
set_stp_state	0xffffffffc0a440a0	0x0	bridge
__pfx_set_ageing_time	0xffffffffc0a440c0	0x0	bridge
set_ageing_time	0xffffffffc0a440d0	0x0	bridge
__pfx_set_max_age	0xffffffffc0a440f0	0x0	bridge
set_max_age	0xffffffffc0a44100	0x0	bridge
__pfx_set_hello_time	0xffffffffc0a44120	0x0	bridge
set_hello_time	0xffffffffc0a44130	0x0	bridge
__pfx_set_forward_delay	0xffffffffc0a44150	0x0	bridge
set_forward_delay	0xffffffffc0a44160	0x0	bridge
__pfx_vlan_stats_per_port_show	0xffffffffc0a44180	0x0	bridge
vlan_stats_per_port_show	0xffffffffc0a44190	0x0	bridge
__pfx_multicast_snooping_show	0xffffffffc0a441d0	0x0	bridge
multicast_snooping_show	0xffffffffc0a441e0	0x0	bridge
__pfx_multicast_query_use_ifaddr_show	0xffffffffc0a44220	0x0	bridge
multicast_query_use_ifaddr_show	0xffffffffc0a44230	0x0	bridge
__pfx_multicast_stats_enabled_show	0xffffffffc0a44270	0x0	bridge
multicast_stats_enabled_show	0xffffffffc0a44280	0x0	bridge
__pfx_nf_call_iptables_show	0xffffffffc0a442c0	0x0	bridge
nf_call_iptables_show	0xffffffffc0a442d0	0x0	bridge
__pfx_nf_call_ip6tables_show	0xffffffffc0a44310	0x0	bridge
nf_call_ip6tables_show	0xffffffffc0a44320	0x0	bridge
__pfx_nf_call_arptables_show	0xffffffffc0a44360	0x0	bridge
nf_call_arptables_show	0xffffffffc0a44370	0x0	bridge
__pfx_vlan_filtering_show	0xffffffffc0a443b0	0x0	bridge
vlan_filtering_show	0xffffffffc0a443c0	0x0	bridge
__pfx_br_sysfs_addbr	0xffffffffc0a443f0	0x0	bridge
br_sysfs_addbr	0xffffffffc0a44400	0x0	bridge
__pfx_br_sysfs_delbr	0xffffffffc0a44520	0x0	bridge
br_sysfs_delbr	0xffffffffc0a44530	0x0	bridge
__pfx_fake_update_pmtu	0xffffffffc0a44580	0x0	bridge
fake_update_pmtu	0xffffffffc0a44590	0x0	bridge
__pfx_fake_redirect	0xffffffffc0a445a0	0x0	bridge
fake_redirect	0xffffffffc0a445b0	0x0	bridge
__pfx_fake_cow_metrics	0xffffffffc0a445c0	0x0	bridge
fake_cow_metrics	0xffffffffc0a445d0	0x0	bridge
__pfx_fake_neigh_lookup	0xffffffffc0a445f0	0x0	bridge
fake_neigh_lookup	0xffffffffc0a44600	0x0	bridge
__pfx_fake_mtu	0xffffffffc0a44620	0x0	bridge
fake_mtu	0xffffffffc0a44630	0x0	bridge
__pfx_br_netfilter_rtable_init	0xffffffffc0a44650	0x0	bridge
br_netfilter_rtable_init	0xffffffffc0a44660	0x0	bridge
__pfx_br_nf_core_fini	0xffffffffc0a446f0	0x0	bridge
br_nf_core_fini	0xffffffffc0a44700	0x0	bridge
__pfx_queued_spin_unlock	0xffffffffc0a44720	0x0	bridge
queued_spin_unlock	0xffffffffc0a44730	0x0	bridge
__pfx_jhash	0xffffffffc0a44740	0x0	bridge
jhash	0xffffffffc0a44750	0x0	bridge
__pfx_br_multicast_query_delay_expired	0xffffffffc0a448d0	0x0	bridge
br_multicast_query_delay_expired	0xffffffffc0a448e0	0x0	bridge
__pfx_br_multicast_has_querier_adjacent	0xffffffffc0a448f0	0x0	bridge
br_multicast_has_querier_adjacent	0xffffffffc0a44900	0x0	bridge
__pfx_mcast_stats_add_dir	0xffffffffc0a44990	0x0	bridge
mcast_stats_add_dir	0xffffffffc0a449a0	0x0	bridge
__pfx_br_multicast_destroy_mdb_entry	0xffffffffc0a449c0	0x0	bridge
br_multicast_destroy_mdb_entry	0xffffffffc0a449d0	0x0	bridge
__pfx_br_multicast_destroy_group_src	0xffffffffc0a44a30	0x0	bridge
br_multicast_destroy_group_src	0xffffffffc0a44a40	0x0	bridge
__pfx_br_multicast_destroy_port_group	0xffffffffc0a44a90	0x0	bridge
br_multicast_destroy_port_group	0xffffffffc0a44aa0	0x0	bridge
__pfx_br_multicast_list_adjacent	0xffffffffc0a44b10	0x0	bridge
br_multicast_list_adjacent	0xffffffffc0a44b20	0x0	bridge
__pfx___br_multicast_query_handle_vlan	0xffffffffc0a44c90	0x0	bridge
__br_multicast_query_handle_vlan	0xffffffffc0a44ca0	0x0	bridge
__pfx_br_multicast_port_ngroups_inc_one	0xffffffffc0a44d40	0x0	bridge
br_multicast_port_ngroups_inc_one	0xffffffffc0a44d50	0x0	bridge
__pfx___br_multicast_get_querier_port	0xffffffffc0a44e20	0x0	bridge
__br_multicast_get_querier_port	0xffffffffc0a44e30	0x0	bridge
__pfx_br_multicast_has_router_adjacent	0xffffffffc0a44e90	0x0	bridge
br_multicast_has_router_adjacent	0xffffffffc0a44ea0	0x0	bridge
__pfx_ipv6_eth_mc_map	0xffffffffc0a44f60	0x0	bridge
ipv6_eth_mc_map	0xffffffffc0a44f70	0x0	bridge
__pfx_br_ip6_multicast_alloc_query	0xffffffffc0a44f90	0x0	bridge
br_ip6_multicast_alloc_query	0xffffffffc0a44fa0	0x0	bridge
__pfx_br_multicast_read_querier	0xffffffffc0a454f0	0x0	bridge
br_multicast_read_querier	0xffffffffc0a45500	0x0	bridge
__pfx_br_multicast_router	0xffffffffc0a45580	0x0	bridge
br_multicast_router	0xffffffffc0a45590	0x0	bridge
__pfx_br_multicast_ctx_should_use	0xffffffffc0a45600	0x0	bridge
br_multicast_ctx_should_use	0xffffffffc0a45610	0x0	bridge
__pfx_br_multicast_add_router.part.0	0xffffffffc0a45680	0x0	bridge
br_multicast_add_router.part.0	0xffffffffc0a45690	0x0	bridge
__pfx_br_multicast_update_querier.isra.0	0xffffffffc0a457f0	0x0	bridge
br_multicast_update_querier.isra.0	0xffffffffc0a45800	0x0	bridge
__pfx_br_multicast_gc.isra.0	0xffffffffc0a45840	0x0	bridge
br_multicast_gc.isra.0	0xffffffffc0a45850	0x0	bridge
__pfx_br_multicast_gc_work	0xffffffffc0a458e0	0x0	bridge
br_multicast_gc_work	0xffffffffc0a458f0	0x0	bridge
__pfx_rht_key_get_hash.isra.0	0xffffffffc0a45980	0x0	bridge
rht_key_get_hash.isra.0	0xffffffffc0a45990	0x0	bridge
__pfx_br_mcast_stats_add	0xffffffffc0a459b0	0x0	bridge
br_mcast_stats_add	0xffffffffc0a459c0	0x0	bridge
__pfx_br_ip4_multicast_join_snoopers.isra.0	0xffffffffc0a45dc0	0x0	bridge
br_ip4_multicast_join_snoopers.isra.0	0xffffffffc0a45dd0	0x0	bridge
__pfx_br_ip4_multicast_leave_snoopers.isra.0	0xffffffffc0a45e80	0x0	bridge
br_ip4_multicast_leave_snoopers.isra.0	0xffffffffc0a45e90	0x0	bridge
__pfx_br_multicast_rport_del_notify.part.0	0xffffffffc0a45f40	0x0	bridge
br_multicast_rport_del_notify.part.0	0xffffffffc0a45f50	0x0	bridge
__pfx___rhashtable_remove_fast_one.isra.0	0xffffffffc0a46000	0x0	bridge
__rhashtable_remove_fast_one.isra.0	0xffffffffc0a46010	0x0	bridge
__pfx_br_multicast_del_mdb_entry	0xffffffffc0a46270	0x0	bridge
br_multicast_del_mdb_entry	0xffffffffc0a46280	0x0	bridge
__pfx_br_multicast_enabled	0xffffffffc0a46360	0x0	bridge
br_multicast_enabled	0xffffffffc0a46370	0x0	bridge
__pfx___rhashtable_insert_fast.constprop.0.isra.0	0xffffffffc0a46390	0x0	bridge
__rhashtable_insert_fast.constprop.0.isra.0	0xffffffffc0a463a0	0x0	bridge
__pfx_br_multicast_new_group.part.0	0xffffffffc0a466d0	0x0	bridge
br_multicast_new_group.part.0	0xffffffffc0a466e0	0x0	bridge
__pfx_br_multicast_port_vid_to_port_ctx	0xffffffffc0a46930	0x0	bridge
br_multicast_port_vid_to_port_ctx	0xffffffffc0a46940	0x0	bridge
__pfx_br_multicast_port_ngroups_dec	0xffffffffc0a46990	0x0	bridge
br_multicast_port_ngroups_dec	0xffffffffc0a469a0	0x0	bridge
__pfx_br_multicast_err_count	0xffffffffc0a46a20	0x0	bridge
br_multicast_err_count	0xffffffffc0a46a30	0x0	bridge
__pfx___br_multicast_open	0xffffffffc0a46aa0	0x0	bridge
__br_multicast_open	0xffffffffc0a46ab0	0x0	bridge
__pfx_br_multicast_pg_to_port_ctx	0xffffffffc0a46b20	0x0	bridge
br_multicast_pg_to_port_ctx	0xffffffffc0a46b30	0x0	bridge
__pfx_br_mdb_ip_get_rcu	0xffffffffc0a46ba0	0x0	bridge
br_mdb_ip_get_rcu	0xffffffffc0a46bb0	0x0	bridge
__pfx_br_sg_port_find	0xffffffffc0a46ce0	0x0	bridge
br_sg_port_find	0xffffffffc0a46cf0	0x0	bridge
__pfx_br_ip4_multicast_alloc_query	0xffffffffc0a46e20	0x0	bridge
br_ip4_multicast_alloc_query	0xffffffffc0a46e30	0x0	bridge
__pfx_br_multicast_start_querier	0xffffffffc0a47300	0x0	bridge
br_multicast_start_querier	0xffffffffc0a47310	0x0	bridge
__pfx___br_multicast_enable_port_ctx	0xffffffffc0a47500	0x0	bridge
__br_multicast_enable_port_ctx	0xffffffffc0a47510	0x0	bridge
__pfx_br_multicast_has_querier_anywhere	0xffffffffc0a47680	0x0	bridge
br_multicast_has_querier_anywhere	0xffffffffc0a47690	0x0	bridge
__pfx_br_multicast_mark_router	0xffffffffc0a477a0	0x0	bridge
br_multicast_mark_router	0xffffffffc0a477b0	0x0	bridge
__pfx_br_ip4_multicast_local_router_expired	0xffffffffc0a478f0	0x0	bridge
br_ip4_multicast_local_router_expired	0xffffffffc0a47900	0x0	bridge
__pfx_br_ip6_multicast_local_router_expired	0xffffffffc0a479c0	0x0	bridge
br_ip6_multicast_local_router_expired	0xffffffffc0a479d0	0x0	bridge
__pfx_br_ip6_multicast_router_expired	0xffffffffc0a47aa0	0x0	bridge
br_ip6_multicast_router_expired	0xffffffffc0a47ab0	0x0	bridge
__pfx_br_ip4_multicast_router_expired	0xffffffffc0a47b40	0x0	bridge
br_ip4_multicast_router_expired	0xffffffffc0a47b50	0x0	bridge
__pfx_br_multicast_querier_expired	0xffffffffc0a47be0	0x0	bridge
br_multicast_querier_expired	0xffffffffc0a47bf0	0x0	bridge
__pfx_br_ip6_multicast_querier_expired	0xffffffffc0a47c70	0x0	bridge
br_ip6_multicast_querier_expired	0xffffffffc0a47c80	0x0	bridge
__pfx_br_ip4_multicast_querier_expired	0xffffffffc0a47cb0	0x0	bridge
br_ip4_multicast_querier_expired	0xffffffffc0a47cc0	0x0	bridge
__pfx_br_mdb_ip_get	0xffffffffc0a47ce0	0x0	bridge
br_mdb_ip_get	0xffffffffc0a47cf0	0x0	bridge
__pfx_br_multicast_star_g_host_state	0xffffffffc0a47e20	0x0	bridge
br_multicast_star_g_host_state	0xffffffffc0a47e30	0x0	bridge
__pfx_br_ip4_multicast_query	0xffffffffc0a47f60	0x0	bridge
br_ip4_multicast_query	0xffffffffc0a47f70	0x0	bridge
__pfx_br_ip6_multicast_query	0xffffffffc0a483a0	0x0	bridge
br_ip6_multicast_query	0xffffffffc0a483b0	0x0	bridge
__pfx_br_mdb_entry_skb_get	0xffffffffc0a48880	0x0	bridge
br_mdb_entry_skb_get	0xffffffffc0a48890	0x0	bridge
__pfx___br_multicast_del_group_src	0xffffffffc0a48a50	0x0	bridge
__br_multicast_del_group_src	0xffffffffc0a48a60	0x0	bridge
__pfx_br_multicast_ngroups_get	0xffffffffc0a48af0	0x0	bridge
br_multicast_ngroups_get	0xffffffffc0a48b00	0x0	bridge
__pfx_br_multicast_ngroups_set_max	0xffffffffc0a48b20	0x0	bridge
br_multicast_ngroups_set_max	0xffffffffc0a48b30	0x0	bridge
__pfx_br_multicast_ngroups_get_max	0xffffffffc0a48b50	0x0	bridge
br_multicast_ngroups_get_max	0xffffffffc0a48b60	0x0	bridge
__pfx_br_multicast_new_group	0xffffffffc0a48b80	0x0	bridge
br_multicast_new_group	0xffffffffc0a48b90	0x0	bridge
__pfx_br_multicast_find_group_src	0xffffffffc0a48bc0	0x0	bridge
br_multicast_find_group_src	0xffffffffc0a48bd0	0x0	bridge
__pfx_br_multicast_new_group_src	0xffffffffc0a48c40	0x0	bridge
br_multicast_new_group_src	0xffffffffc0a48c50	0x0	bridge
__pfx_br_multicast_new_port_group	0xffffffffc0a48db0	0x0	bridge
br_multicast_new_port_group	0xffffffffc0a48dc0	0x0	bridge
__pfx_br_multicast_del_port_group	0xffffffffc0a49140	0x0	bridge
br_multicast_del_port_group	0xffffffffc0a49150	0x0	bridge
__pfx_br_multicast_host_join	0xffffffffc0a49250	0x0	bridge
br_multicast_host_join	0xffffffffc0a49260	0x0	bridge
__pfx___br_multicast_add_group	0xffffffffc0a49320	0x0	bridge
__br_multicast_add_group	0xffffffffc0a49330	0x0	bridge
__pfx_br_multicast_star_g_handle_mode	0xffffffffc0a494d0	0x0	bridge
br_multicast_star_g_handle_mode	0xffffffffc0a494e0	0x0	bridge
__pfx_br_multicast_del_pg	0xffffffffc0a49830	0x0	bridge
br_multicast_del_pg	0xffffffffc0a49840	0x0	bridge
__pfx_br_multicast_fwd_src_remove	0xffffffffc0a49ac0	0x0	bridge
br_multicast_fwd_src_remove	0xffffffffc0a49ad0	0x0	bridge
__pfx_br_multicast_del_group_src	0xffffffffc0a49c20	0x0	bridge
br_multicast_del_group_src	0xffffffffc0a49c30	0x0	bridge
__pfx___br_multicast_disable_port_ctx	0xffffffffc0a49c60	0x0	bridge
__br_multicast_disable_port_ctx	0xffffffffc0a49c70	0x0	bridge
__pfx_br_multicast_toggle_port	0xffffffffc0a49e00	0x0	bridge
br_multicast_toggle_port	0xffffffffc0a49e10	0x0	bridge
__pfx_br_multicast_port_group_expired	0xffffffffc0a49f90	0x0	bridge
br_multicast_port_group_expired	0xffffffffc0a49fa0	0x0	bridge
__pfx_br_multicast_sg_add_exclude_ports	0xffffffffc0a4a130	0x0	bridge
br_multicast_sg_add_exclude_ports	0xffffffffc0a4a140	0x0	bridge
__pfx_br_multicast_fwd_src_handle	0xffffffffc0a4a330	0x0	bridge
br_multicast_fwd_src_handle	0xffffffffc0a4a340	0x0	bridge
__pfx_br_multicast_group_src_expired	0xffffffffc0a4a5a0	0x0	bridge
br_multicast_group_src_expired	0xffffffffc0a4a5b0	0x0	bridge
__pfx_br_multicast_isinc_allow	0xffffffffc0a4a690	0x0	bridge
br_multicast_isinc_allow	0xffffffffc0a4a6a0	0x0	bridge
__pfx___grp_src_isexc_excl.constprop.0	0xffffffffc0a4a830	0x0	bridge
__grp_src_isexc_excl.constprop.0	0xffffffffc0a4a840	0x0	bridge
__pfx___grp_src_isexc_incl.constprop.0	0xffffffffc0a4aa50	0x0	bridge
__grp_src_isexc_incl.constprop.0	0xffffffffc0a4aa60	0x0	bridge
__pfx_br_multicast_isexc.constprop.0	0xffffffffc0a4ac00	0x0	bridge
br_multicast_isexc.constprop.0	0xffffffffc0a4ac10	0x0	bridge
__pfx_br_ip6_multicast_add_group	0xffffffffc0a4ac80	0x0	bridge
br_ip6_multicast_add_group	0xffffffffc0a4ac90	0x0	bridge
__pfx_br_ip4_multicast_add_group	0xffffffffc0a4adc0	0x0	bridge
br_ip4_multicast_add_group	0xffffffffc0a4add0	0x0	bridge
__pfx_br_multicast_host_leave	0xffffffffc0a4aee0	0x0	bridge
br_multicast_host_leave	0xffffffffc0a4aef0	0x0	bridge
__pfx_br_multicast_group_expired	0xffffffffc0a4af70	0x0	bridge
br_multicast_group_expired	0xffffffffc0a4af80	0x0	bridge
__pfx_br_multicast_port_ctx_init	0xffffffffc0a4b000	0x0	bridge
br_multicast_port_ctx_init	0xffffffffc0a4b010	0x0	bridge
__pfx_br_multicast_port_ctx_deinit	0xffffffffc0a4b0a0	0x0	bridge
br_multicast_port_ctx_deinit	0xffffffffc0a4b0b0	0x0	bridge
__pfx_br_multicast_add_port	0xffffffffc0a4b170	0x0	bridge
br_multicast_add_port	0xffffffffc0a4b180	0x0	bridge
__pfx_br_multicast_del_port	0xffffffffc0a4b2d0	0x0	bridge
br_multicast_del_port	0xffffffffc0a4b2e0	0x0	bridge
__pfx_br_multicast_enable_port	0xffffffffc0a4b3c0	0x0	bridge
br_multicast_enable_port	0xffffffffc0a4b3d0	0x0	bridge
__pfx_br_multicast_disable_port	0xffffffffc0a4b3f0	0x0	bridge
br_multicast_disable_port	0xffffffffc0a4b400	0x0	bridge
__pfx_br_multicast_querier_state_size	0xffffffffc0a4b420	0x0	bridge
br_multicast_querier_state_size	0xffffffffc0a4b430	0x0	bridge
__pfx_br_multicast_dump_querier_state	0xffffffffc0a4b450	0x0	bridge
br_multicast_dump_querier_state	0xffffffffc0a4b460	0x0	bridge
__pfx_br_multicast_ctx_init	0xffffffffc0a4b730	0x0	bridge
br_multicast_ctx_init	0xffffffffc0a4b740	0x0	bridge
__pfx_br_multicast_ctx_deinit	0xffffffffc0a4b890	0x0	bridge
br_multicast_ctx_deinit	0xffffffffc0a4b8a0	0x0	bridge
__pfx_br_multicast_init	0xffffffffc0a4b920	0x0	bridge
br_multicast_init	0xffffffffc0a4b930	0x0	bridge
__pfx_br_multicast_join_snoopers	0xffffffffc0a4b9e0	0x0	bridge
br_multicast_join_snoopers	0xffffffffc0a4b9f0	0x0	bridge
__pfx_br_multicast_leave_snoopers	0xffffffffc0a4ba60	0x0	bridge
br_multicast_leave_snoopers	0xffffffffc0a4ba70	0x0	bridge
__pfx_br_multicast_open	0xffffffffc0a4bae0	0x0	bridge
br_multicast_open	0xffffffffc0a4baf0	0x0	bridge
__pfx_br_multicast_update_vlan_mcast_ctx	0xffffffffc0a4bbd0	0x0	bridge
br_multicast_update_vlan_mcast_ctx	0xffffffffc0a4bbe0	0x0	bridge
__pfx_br_multicast_toggle_one_vlan	0xffffffffc0a4bc60	0x0	bridge
br_multicast_toggle_one_vlan	0xffffffffc0a4bc70	0x0	bridge
__pfx_br_multicast_toggle_vlan	0xffffffffc0a4be40	0x0	bridge
br_multicast_toggle_vlan	0xffffffffc0a4be50	0x0	bridge
__pfx_br_multicast_toggle_vlan_snooping	0xffffffffc0a4bf00	0x0	bridge
br_multicast_toggle_vlan_snooping	0xffffffffc0a4bf10	0x0	bridge
__pfx_br_multicast_toggle_global_vlan	0xffffffffc0a4c160	0x0	bridge
br_multicast_toggle_global_vlan	0xffffffffc0a4c170	0x0	bridge
__pfx_br_multicast_stop	0xffffffffc0a4c210	0x0	bridge
br_multicast_stop	0xffffffffc0a4c220	0x0	bridge
__pfx_br_multicast_dev_del	0xffffffffc0a4c3c0	0x0	bridge
br_multicast_dev_del	0xffffffffc0a4c3d0	0x0	bridge
__pfx_br_multicast_set_router	0xffffffffc0a4c510	0x0	bridge
br_multicast_set_router	0xffffffffc0a4c520	0x0	bridge
__pfx_br_multicast_set_port_router	0xffffffffc0a4c670	0x0	bridge
br_multicast_set_port_router	0xffffffffc0a4c680	0x0	bridge
__pfx_br_multicast_set_vlan_router	0xffffffffc0a4c970	0x0	bridge
br_multicast_set_vlan_router	0xffffffffc0a4c980	0x0	bridge
__pfx_br_multicast_toggle	0xffffffffc0a4c9c0	0x0	bridge
br_multicast_toggle	0xffffffffc0a4c9d0	0x0	bridge
__pfx_br_multicast_set_querier	0xffffffffc0a4cbb0	0x0	bridge
br_multicast_set_querier	0xffffffffc0a4cbc0	0x0	bridge
__pfx_br_multicast_set_igmp_version	0xffffffffc0a4cc80	0x0	bridge
br_multicast_set_igmp_version	0xffffffffc0a4cc90	0x0	bridge
__pfx_br_multicast_set_mld_version	0xffffffffc0a4ccf0	0x0	bridge
br_multicast_set_mld_version	0xffffffffc0a4cd00	0x0	bridge
__pfx_br_multicast_set_query_intvl	0xffffffffc0a4cd60	0x0	bridge
br_multicast_set_query_intvl	0xffffffffc0a4cd70	0x0	bridge
__pfx_br_multicast_set_startup_query_intvl	0xffffffffc0a4ce40	0x0	bridge
br_multicast_set_startup_query_intvl	0xffffffffc0a4ce50	0x0	bridge
__pfx_br_multicast_count	0xffffffffc0a4cf20	0x0	bridge
br_multicast_count	0xffffffffc0a4cf30	0x0	bridge
__pfx___br_multicast_send_query	0xffffffffc0a4cf90	0x0	bridge
__br_multicast_send_query	0xffffffffc0a4cfa0	0x0	bridge
__pfx_br_multicast_port_group_rexmit	0xffffffffc0a4d290	0x0	bridge
br_multicast_port_group_rexmit	0xffffffffc0a4d2a0	0x0	bridge
__pfx_br_multicast_send_query	0xffffffffc0a4d430	0x0	bridge
br_multicast_send_query	0xffffffffc0a4d440	0x0	bridge
__pfx_br_multicast_port_query_expired	0xffffffffc0a4d610	0x0	bridge
br_multicast_port_query_expired	0xffffffffc0a4d620	0x0	bridge
__pfx_br_ip6_multicast_port_query_expired	0xffffffffc0a4d6c0	0x0	bridge
br_ip6_multicast_port_query_expired	0xffffffffc0a4d6d0	0x0	bridge
__pfx_br_ip4_multicast_port_query_expired	0xffffffffc0a4d6f0	0x0	bridge
br_ip4_multicast_port_query_expired	0xffffffffc0a4d700	0x0	bridge
__pfx_br_multicast_query_expired.isra.0	0xffffffffc0a4d720	0x0	bridge
br_multicast_query_expired.isra.0	0xffffffffc0a4d730	0x0	bridge
__pfx_br_ip4_multicast_query_expired	0xffffffffc0a4d7a0	0x0	bridge
br_ip4_multicast_query_expired	0xffffffffc0a4d7b0	0x0	bridge
__pfx_br_ip6_multicast_query_expired	0xffffffffc0a4d7d0	0x0	bridge
br_ip6_multicast_query_expired	0xffffffffc0a4d7e0	0x0	bridge
__pfx___grp_src_query_marked_and_rexmit	0xffffffffc0a4d800	0x0	bridge
__grp_src_query_marked_and_rexmit	0xffffffffc0a4d810	0x0	bridge
__pfx___grp_src_block_excl.constprop.0	0xffffffffc0a4d970	0x0	bridge
__grp_src_block_excl.constprop.0	0xffffffffc0a4d980	0x0	bridge
__pfx___grp_src_block_incl.constprop.0	0xffffffffc0a4db90	0x0	bridge
__grp_src_block_incl.constprop.0	0xffffffffc0a4dba0	0x0	bridge
__pfx_br_multicast_block.constprop.0	0xffffffffc0a4dd20	0x0	bridge
br_multicast_block.constprop.0	0xffffffffc0a4dd30	0x0	bridge
__pfx___grp_src_toex_excl.constprop.0	0xffffffffc0a4de20	0x0	bridge
__grp_src_toex_excl.constprop.0	0xffffffffc0a4de30	0x0	bridge
__pfx___grp_src_toex_incl.constprop.0	0xffffffffc0a4e090	0x0	bridge
__grp_src_toex_incl.constprop.0	0xffffffffc0a4e0a0	0x0	bridge
__pfx_br_multicast_toex.constprop.0	0xffffffffc0a4e2a0	0x0	bridge
br_multicast_toex.constprop.0	0xffffffffc0a4e2b0	0x0	bridge
__pfx___grp_src_toin_incl.constprop.0	0xffffffffc0a4e330	0x0	bridge
__grp_src_toin_incl.constprop.0	0xffffffffc0a4e340	0x0	bridge
__pfx___grp_src_toin_excl.constprop.0	0xffffffffc0a4e550	0x0	bridge
__grp_src_toin_excl.constprop.0	0xffffffffc0a4e560	0x0	bridge
__pfx_br_multicast_toin.constprop.0	0xffffffffc0a4e880	0x0	bridge
br_multicast_toin.constprop.0	0xffffffffc0a4e890	0x0	bridge
__pfx_br_multicast_leave_group	0xffffffffc0a4e950	0x0	bridge
br_multicast_leave_group	0xffffffffc0a4e960	0x0	bridge
__pfx_br_ip6_multicast_leave_group	0xffffffffc0a4ec70	0x0	bridge
br_ip6_multicast_leave_group	0xffffffffc0a4ec80	0x0	bridge
__pfx_br_ip6_multicast_mld2_report	0xffffffffc0a4ed40	0x0	bridge
br_ip6_multicast_mld2_report	0xffffffffc0a4ed50	0x0	bridge
__pfx_br_ip4_multicast_igmp3_report	0xffffffffc0a4f390	0x0	bridge
br_ip4_multicast_igmp3_report	0xffffffffc0a4f3a0	0x0	bridge
__pfx_br_multicast_ipv4_rcv	0xffffffffc0a4f940	0x0	bridge
br_multicast_ipv4_rcv	0xffffffffc0a4f950	0x0	bridge
__pfx_br_multicast_ipv6_rcv	0xffffffffc0a4fcb0	0x0	bridge
br_multicast_ipv6_rcv	0xffffffffc0a4fcc0	0x0	bridge
__pfx_br_multicast_rcv	0xffffffffc0a4fef0	0x0	bridge
br_multicast_rcv	0xffffffffc0a4ff00	0x0	bridge
__pfx_br_multicast_init_stats	0xffffffffc0a4ffb0	0x0	bridge
br_multicast_init_stats	0xffffffffc0a4ffc0	0x0	bridge
__pfx_br_multicast_uninit_stats	0xffffffffc0a50070	0x0	bridge
br_multicast_uninit_stats	0xffffffffc0a50080	0x0	bridge
__pfx_br_multicast_get_stats	0xffffffffc0a500a0	0x0	bridge
br_multicast_get_stats	0xffffffffc0a500b0	0x0	bridge
__pfx_br_mdb_hash_init	0xffffffffc0a50360	0x0	bridge
br_mdb_hash_init	0xffffffffc0a50370	0x0	bridge
__pfx_br_mdb_hash_fini	0xffffffffc0a503e0	0x0	bridge
br_mdb_hash_fini	0xffffffffc0a503f0	0x0	bridge
__pfx_rtnl_mdb_nlmsg_pg_size	0xffffffffc0a50420	0x0	bridge
rtnl_mdb_nlmsg_pg_size	0xffffffffc0a50430	0x0	bridge
__pfx___mdb_entry_to_br_ip	0xffffffffc0a50500	0x0	bridge
__mdb_entry_to_br_ip	0xffffffffc0a50510	0x0	bridge
__pfx_br_mdb_flush	0xffffffffc0a50610	0x0	bridge
br_mdb_flush	0xffffffffc0a50620	0x0	bridge
__pfx_is_valid_mdb_source	0xffffffffc0a50790	0x0	bridge
is_valid_mdb_source	0xffffffffc0a507a0	0x0	bridge
__pfx_br_mdb_config_src_list_init	0xffffffffc0a508f0	0x0	bridge
br_mdb_config_src_list_init	0xffffffffc0a50900	0x0	bridge
__pfx_br_mdb_get_parse.isra.0	0xffffffffc0a50b90	0x0	bridge
br_mdb_get_parse.isra.0	0xffffffffc0a50ba0	0x0	bridge
__pfx_br_mdb_config_attrs_init	0xffffffffc0a50cb0	0x0	bridge
br_mdb_config_attrs_init	0xffffffffc0a50cc0	0x0	bridge
__pfx_br_mdb_config_init	0xffffffffc0a50fb0	0x0	bridge
br_mdb_config_init	0xffffffffc0a50fc0	0x0	bridge
__pfx___mdb_fill_srcs	0xffffffffc0a511a0	0x0	bridge
__mdb_fill_srcs	0xffffffffc0a511b0	0x0	bridge
__pfx___mdb_fill_info	0xffffffffc0a51390	0x0	bridge
__mdb_fill_info	0xffffffffc0a513a0	0x0	bridge
__pfx_nlmsg_populate_mdb_fill	0xffffffffc0a516c0	0x0	bridge
nlmsg_populate_mdb_fill	0xffffffffc0a516d0	0x0	bridge
__pfx___br_mdb_notify	0xffffffffc0a51850	0x0	bridge
__br_mdb_notify	0xffffffffc0a51860	0x0	bridge
__pfx_br_mdb_add_group_sg	0xffffffffc0a51940	0x0	bridge
br_mdb_add_group_sg	0xffffffffc0a51950	0x0	bridge
__pfx_br_mdb_add_group_src_fwd.isra.0	0xffffffffc0a51bf0	0x0	bridge
br_mdb_add_group_src_fwd.isra.0	0xffffffffc0a51c00	0x0	bridge
__pfx_br_mdb_add_group_srcs	0xffffffffc0a51d80	0x0	bridge
br_mdb_add_group_srcs	0xffffffffc0a51d90	0x0	bridge
__pfx_br_mdb_add_group_star_g	0xffffffffc0a51f50	0x0	bridge
br_mdb_add_group_star_g	0xffffffffc0a51f60	0x0	bridge
__pfx_br_mdb_add_group	0xffffffffc0a52240	0x0	bridge
br_mdb_add_group	0xffffffffc0a52250	0x0	bridge
__pfx___br_mdb_del	0xffffffffc0a52490	0x0	bridge
__br_mdb_del	0xffffffffc0a524a0	0x0	bridge
__pfx_br_mdb_get_reply_fill	0xffffffffc0a52610	0x0	bridge
br_mdb_get_reply_fill	0xffffffffc0a52620	0x0	bridge
__pfx_br_mdb_fill_info	0xffffffffc0a527f0	0x0	bridge
br_mdb_fill_info	0xffffffffc0a52800	0x0	bridge
__pfx_nlmsg_populate_rtr_fill.constprop.0	0xffffffffc0a52a30	0x0	bridge
nlmsg_populate_rtr_fill.constprop.0	0xffffffffc0a52a40	0x0	bridge
__pfx_br_rports_size	0xffffffffc0a52c30	0x0	bridge
br_rports_size	0xffffffffc0a52c40	0x0	bridge
__pfx_br_rports_fill_info	0xffffffffc0a52ca0	0x0	bridge
br_rports_fill_info	0xffffffffc0a52cb0	0x0	bridge
__pfx_br_mdb_dump	0xffffffffc0a53020	0x0	bridge
br_mdb_dump	0xffffffffc0a53030	0x0	bridge
__pfx_br_mdb_notify	0xffffffffc0a53100	0x0	bridge
br_mdb_notify	0xffffffffc0a53110	0x0	bridge
__pfx_br_mdb_flag_change_notify	0xffffffffc0a53130	0x0	bridge
br_mdb_flag_change_notify	0xffffffffc0a53140	0x0	bridge
__pfx_br_rtr_notify	0xffffffffc0a53160	0x0	bridge
br_rtr_notify	0xffffffffc0a53170	0x0	bridge
__pfx_br_mdb_add	0xffffffffc0a53270	0x0	bridge
br_mdb_add	0xffffffffc0a53280	0x0	bridge
__pfx_br_mdb_del	0xffffffffc0a534e0	0x0	bridge
br_mdb_del	0xffffffffc0a534f0	0x0	bridge
__pfx_br_mdb_del_bulk	0xffffffffc0a53610	0x0	bridge
br_mdb_del_bulk	0xffffffffc0a53620	0x0	bridge
__pfx_br_mdb_get	0xffffffffc0a53750	0x0	bridge
br_mdb_get	0xffffffffc0a53760	0x0	bridge
__pfx_br_multicast_destroy_eht_set	0xffffffffc0a53960	0x0	bridge
br_multicast_destroy_eht_set	0xffffffffc0a53970	0x0	bridge
__pfx_br_multicast_destroy_eht_set_entry	0xffffffffc0a539c0	0x0	bridge
br_multicast_destroy_eht_set_entry	0xffffffffc0a539d0	0x0	bridge
__pfx_br_multicast_ip_src_to_eht_addr	0xffffffffc0a53a10	0x0	bridge
br_multicast_ip_src_to_eht_addr	0xffffffffc0a53a20	0x0	bridge
__pfx_br_multicast_eht_set_lookup.isra.0	0xffffffffc0a53a60	0x0	bridge
br_multicast_eht_set_lookup.isra.0	0xffffffffc0a53a70	0x0	bridge
__pfx_br_multicast_eht_host_lookup.isra.0	0xffffffffc0a53ac0	0x0	bridge
br_multicast_eht_host_lookup.isra.0	0xffffffffc0a53ad0	0x0	bridge
__pfx___eht_lookup_create_set_entry	0xffffffffc0a53b20	0x0	bridge
__eht_lookup_create_set_entry	0xffffffffc0a53b30	0x0	bridge
__pfx___eht_lookup_create_set	0xffffffffc0a53cc0	0x0	bridge
__eht_lookup_create_set	0xffffffffc0a53cd0	0x0	bridge
__pfx___eht_lookup_create_host	0xffffffffc0a53e10	0x0	bridge
__eht_lookup_create_host	0xffffffffc0a53e20	0x0	bridge
__pfx___eht_del_set_entry	0xffffffffc0a53f70	0x0	bridge
__eht_del_set_entry	0xffffffffc0a53f80	0x0	bridge
__pfx_br_multicast_del_eht_set	0xffffffffc0a540d0	0x0	bridge
br_multicast_del_eht_set	0xffffffffc0a540e0	0x0	bridge
__pfx_br_multicast_create_eht_set_entry	0xffffffffc0a54180	0x0	bridge
br_multicast_create_eht_set_entry	0xffffffffc0a54190	0x0	bridge
__pfx___eht_create_set_entries	0xffffffffc0a542f0	0x0	bridge
__eht_create_set_entries	0xffffffffc0a54300	0x0	bridge
__pfx_br_multicast_del_eht_set_entry.isra.0	0xffffffffc0a543c0	0x0	bridge
br_multicast_del_eht_set_entry.isra.0	0xffffffffc0a543d0	0x0	bridge
__pfx___eht_inc_exc	0xffffffffc0a54450	0x0	bridge
__eht_inc_exc	0xffffffffc0a54460	0x0	bridge
__pfx_br_multicast_eht_exc	0xffffffffc0a54660	0x0	bridge
br_multicast_eht_exc	0xffffffffc0a54670	0x0	bridge
__pfx___eht_del_set_entries	0xffffffffc0a54730	0x0	bridge
__eht_del_set_entries	0xffffffffc0a54740	0x0	bridge
__pfx_br_multicast_eht_block	0xffffffffc0a54890	0x0	bridge
br_multicast_eht_block	0xffffffffc0a548a0	0x0	bridge
__pfx_br_multicast_eht_allow.isra.0	0xffffffffc0a54940	0x0	bridge
br_multicast_eht_allow.isra.0	0xffffffffc0a54950	0x0	bridge
__pfx_br_multicast_eht_set_entry_expired	0xffffffffc0a54a10	0x0	bridge
br_multicast_eht_set_entry_expired	0xffffffffc0a54a20	0x0	bridge
__pfx_br_multicast_eht_inc	0xffffffffc0a54a90	0x0	bridge
br_multicast_eht_inc	0xffffffffc0a54aa0	0x0	bridge
__pfx_br_multicast_eht_set_expired	0xffffffffc0a54b40	0x0	bridge
br_multicast_eht_set_expired	0xffffffffc0a54b50	0x0	bridge
__pfx_br_multicast_eht_clean_sets	0xffffffffc0a54bb0	0x0	bridge
br_multicast_eht_clean_sets	0xffffffffc0a54bc0	0x0	bridge
__pfx_br_multicast_eht_handle	0xffffffffc0a54c00	0x0	bridge
br_multicast_eht_handle	0xffffffffc0a54c10	0x0	bridge
__pfx_br_multicast_eht_set_hosts_limit	0xffffffffc0a54e00	0x0	bridge
br_multicast_eht_set_hosts_limit	0xffffffffc0a54e10	0x0	bridge
__pfx_jhash	0xffffffffc0a54e60	0x0	bridge
jhash	0xffffffffc0a54e70	0x0	bridge
__pfx_br_vlan_cmp	0xffffffffc0a54ff0	0x0	bridge
br_vlan_cmp	0xffffffffc0a55000	0x0	bridge
__pfx___vlan_flags_update	0xffffffffc0a55020	0x0	bridge
__vlan_flags_update	0xffffffffc0a55030	0x0	bridge
__pfx_br_vlan_is_bind_vlan_dev_fn	0xffffffffc0a550e0	0x0	bridge
br_vlan_is_bind_vlan_dev_fn	0xffffffffc0a550f0	0x0	bridge
__pfx_br_vlan_match_bind_vlan_dev_fn	0xffffffffc0a55120	0x0	bridge
br_vlan_match_bind_vlan_dev_fn	0xffffffffc0a55130	0x0	bridge
__pfx_br_vlan_get_proto	0xffffffffc0a55170	0x0	bridge
br_vlan_get_proto	0xffffffffc0a55180	0x0	bridge
__pfx_br_master_vlan_rcu_free	0xffffffffc0a551a0	0x0	bridge
br_master_vlan_rcu_free	0xffffffffc0a551b0	0x0	bridge
__pfx_nbp_vlan_rcu_free	0xffffffffc0a55200	0x0	bridge
nbp_vlan_rcu_free	0xffffffffc0a55210	0x0	bridge
__pfx_br_vlan_toggle_bridge_binding	0xffffffffc0a55270	0x0	bridge
br_vlan_toggle_bridge_binding	0xffffffffc0a55280	0x0	bridge
__pfx_br_vlan_get_pvid_rcu	0xffffffffc0a552e0	0x0	bridge
br_vlan_get_pvid_rcu	0xffffffffc0a552f0	0x0	bridge
__pfx___vlan_insert_inner_tag.constprop.0	0xffffffffc0a55360	0x0	bridge
__vlan_insert_inner_tag.constprop.0	0xffffffffc0a55370	0x0	bridge
__pfx_schedule_work.isra.0	0xffffffffc0a55450	0x0	bridge
schedule_work.isra.0	0xffffffffc0a55460	0x0	bridge
__pfx_br_vlan_get_pvid	0xffffffffc0a55480	0x0	bridge
br_vlan_get_pvid	0xffffffffc0a55490	0x0	bridge
__pfx_br_vlan_lookup	0xffffffffc0a55550	0x0	bridge
br_vlan_lookup	0xffffffffc0a55560	0x0	bridge
__pfx_br_vlan_get_info	0xffffffffc0a55620	0x0	bridge
br_vlan_get_info	0xffffffffc0a55630	0x0	bridge
__pfx_br_vlan_get_info_rcu	0xffffffffc0a55740	0x0	bridge
br_vlan_get_info_rcu	0xffffffffc0a55750	0x0	bridge
__pfx_br_vlan_rtm_process_one	0xffffffffc0a55800	0x0	bridge
br_vlan_rtm_process_one	0xffffffffc0a55810	0x0	bridge
__pfx_br_vlan_rtm_process	0xffffffffc0a55c30	0x0	bridge
br_vlan_rtm_process	0xffffffffc0a55c40	0x0	bridge
__pfx___rhashtable_remove_fast_one.constprop.0	0xffffffffc0a55df0	0x0	bridge
__rhashtable_remove_fast_one.constprop.0	0xffffffffc0a55e00	0x0	bridge
__pfx_br_vlan_put_master.part.0	0xffffffffc0a56000	0x0	bridge
br_vlan_put_master.part.0	0xffffffffc0a56010	0x0	bridge
__pfx_br_vlan_set_vlan_dev_state	0xffffffffc0a560e0	0x0	bridge
br_vlan_set_vlan_dev_state	0xffffffffc0a560f0	0x0	bridge
__pfx_br_vlan_link_state_change_fn	0xffffffffc0a561a0	0x0	bridge
br_vlan_link_state_change_fn	0xffffffffc0a561b0	0x0	bridge
__pfx_br_vlan_enabled	0xffffffffc0a561f0	0x0	bridge
br_vlan_enabled	0xffffffffc0a56200	0x0	bridge
__pfx_nbp_vlan_set_vlan_dev_state	0xffffffffc0a56220	0x0	bridge
nbp_vlan_set_vlan_dev_state	0xffffffffc0a56230	0x0	bridge
__pfx___vlan_del	0xffffffffc0a562d0	0x0	bridge
__vlan_del	0xffffffffc0a562e0	0x0	bridge
__pfx___rhashtable_insert_fast.constprop.0	0xffffffffc0a564d0	0x0	bridge
__rhashtable_insert_fast.constprop.0	0xffffffffc0a564e0	0x0	bridge
__pfx_recalculate_group_addr	0xffffffffc0a566d0	0x0	bridge
recalculate_group_addr	0xffffffffc0a566e0	0x0	bridge
__pfx___allowed_ingress	0xffffffffc0a56730	0x0	bridge
__allowed_ingress	0xffffffffc0a56740	0x0	bridge
__pfx_br_handle_vlan	0xffffffffc0a56990	0x0	bridge
br_handle_vlan	0xffffffffc0a569a0	0x0	bridge
__pfx_br_allowed_ingress	0xffffffffc0a56ab0	0x0	bridge
br_allowed_ingress	0xffffffffc0a56ac0	0x0	bridge
__pfx_br_allowed_egress	0xffffffffc0a56b00	0x0	bridge
br_allowed_egress	0xffffffffc0a56b10	0x0	bridge
__pfx_br_should_learn	0xffffffffc0a56b80	0x0	bridge
br_should_learn	0xffffffffc0a56b90	0x0	bridge
__pfx_br_vlan_delete	0xffffffffc0a56c50	0x0	bridge
br_vlan_delete	0xffffffffc0a56c60	0x0	bridge
__pfx_br_vlan_find	0xffffffffc0a56d40	0x0	bridge
br_vlan_find	0xffffffffc0a56d50	0x0	bridge
__pfx_br_recalculate_fwd_mask	0xffffffffc0a56d80	0x0	bridge
br_recalculate_fwd_mask	0xffffffffc0a56d90	0x0	bridge
__pfx_br_vlan_filter_toggle	0xffffffffc0a56de0	0x0	bridge
br_vlan_filter_toggle	0xffffffffc0a56df0	0x0	bridge
__pfx___br_vlan_set_proto	0xffffffffc0a56f20	0x0	bridge
__br_vlan_set_proto	0xffffffffc0a56f30	0x0	bridge
__pfx_br_vlan_set_proto	0xffffffffc0a571b0	0x0	bridge
br_vlan_set_proto	0xffffffffc0a571c0	0x0	bridge
__pfx_br_vlan_set_stats	0xffffffffc0a57200	0x0	bridge
br_vlan_set_stats	0xffffffffc0a57210	0x0	bridge
__pfx_br_vlan_set_stats_per_port	0xffffffffc0a57240	0x0	bridge
br_vlan_set_stats_per_port	0xffffffffc0a57250	0x0	bridge
__pfx_br_vlan_init	0xffffffffc0a572c0	0x0	bridge
br_vlan_init	0xffffffffc0a572d0	0x0	bridge
__pfx_nbp_vlan_delete	0xffffffffc0a573b0	0x0	bridge
nbp_vlan_delete	0xffffffffc0a573c0	0x0	bridge
__pfx_br_vlan_get_stats	0xffffffffc0a57490	0x0	bridge
br_vlan_get_stats	0xffffffffc0a574a0	0x0	bridge
__pfx_br_vlan_fill_vids	0xffffffffc0a57570	0x0	bridge
br_vlan_fill_vids	0xffffffffc0a57580	0x0	bridge
__pfx_br_vlan_dump_dev	0xffffffffc0a57880	0x0	bridge
br_vlan_dump_dev	0xffffffffc0a57890	0x0	bridge
__pfx_br_vlan_rtm_dump	0xffffffffc0a57bd0	0x0	bridge
br_vlan_rtm_dump	0xffffffffc0a57be0	0x0	bridge
__pfx_br_vlan_fill_forward_path_pvid	0xffffffffc0a57d70	0x0	bridge
br_vlan_fill_forward_path_pvid	0xffffffffc0a57d80	0x0	bridge
__pfx_br_vlan_fill_forward_path_mode	0xffffffffc0a57e50	0x0	bridge
br_vlan_fill_forward_path_mode	0xffffffffc0a57e60	0x0	bridge
__pfx_br_vlan_vlan_upper_event	0xffffffffc0a57ee0	0x0	bridge
br_vlan_vlan_upper_event	0xffffffffc0a57ef0	0x0	bridge
__pfx_br_vlan_port_event	0xffffffffc0a57f70	0x0	bridge
br_vlan_port_event	0xffffffffc0a57f80	0x0	bridge
__pfx_br_vlan_notify	0xffffffffc0a580b0	0x0	bridge
br_vlan_notify	0xffffffffc0a580c0	0x0	bridge
__pfx___vlan_add	0xffffffffc0a58310	0x0	bridge
__vlan_add	0xffffffffc0a58320	0x0	bridge
__pfx_br_vlan_add	0xffffffffc0a58930	0x0	bridge
br_vlan_add	0xffffffffc0a58940	0x0	bridge
__pfx_nbp_vlan_add	0xffffffffc0a58cc0	0x0	bridge
nbp_vlan_add	0xffffffffc0a58cd0	0x0	bridge
__pfx___vlan_flush	0xffffffffc0a58e80	0x0	bridge
__vlan_flush	0xffffffffc0a58e90	0x0	bridge
__pfx_br_vlan_flush	0xffffffffc0a58fe0	0x0	bridge
br_vlan_flush	0xffffffffc0a58ff0	0x0	bridge
__pfx_nbp_vlan_flush	0xffffffffc0a590a0	0x0	bridge
nbp_vlan_flush	0xffffffffc0a590b0	0x0	bridge
__pfx___br_vlan_set_default_pvid	0xffffffffc0a59160	0x0	bridge
__br_vlan_set_default_pvid	0xffffffffc0a59170	0x0	bridge
__pfx_br_vlan_set_default_pvid	0xffffffffc0a59680	0x0	bridge
br_vlan_set_default_pvid	0xffffffffc0a59690	0x0	bridge
__pfx_nbp_vlan_init	0xffffffffc0a59710	0x0	bridge
nbp_vlan_init	0xffffffffc0a59720	0x0	bridge
__pfx_br_vlan_bridge_event	0xffffffffc0a598d0	0x0	bridge
br_vlan_bridge_event	0xffffffffc0a598e0	0x0	bridge
__pfx_br_vlan_can_enter_range	0xffffffffc0a59a70	0x0	bridge
br_vlan_can_enter_range	0xffffffffc0a59a80	0x0	bridge
__pfx_br_vlan_rtnl_init	0xffffffffc0a59ac0	0x0	bridge
br_vlan_rtnl_init	0xffffffffc0a59ad0	0x0	bridge
__pfx_br_vlan_rtnl_uninit	0xffffffffc0a59af0	0x0	bridge
br_vlan_rtnl_uninit	0xffffffffc0a59b00	0x0	bridge
__pfx_br_vlan_tunid_cmp	0xffffffffc0a59b20	0x0	bridge
br_vlan_tunid_cmp	0xffffffffc0a59b30	0x0	bridge
__pfx_schedule_work.isra.0	0xffffffffc0a59b50	0x0	bridge
schedule_work.isra.0	0xffffffffc0a59b60	0x0	bridge
__pfx___rhashtable_insert_fast.constprop.0	0xffffffffc0a59b80	0x0	bridge
__rhashtable_insert_fast.constprop.0	0xffffffffc0a59b90	0x0	bridge
__pfx___vlan_tunnel_info_add	0xffffffffc0a59db0	0x0	bridge
__vlan_tunnel_info_add	0xffffffffc0a59dc0	0x0	bridge
__pfx___rhashtable_remove_fast_one.constprop.0	0xffffffffc0a59f20	0x0	bridge
__rhashtable_remove_fast_one.constprop.0	0xffffffffc0a59f30	0x0	bridge
__pfx_vlan_tunnel_info_del.part.0	0xffffffffc0a5a170	0x0	bridge
vlan_tunnel_info_del.part.0	0xffffffffc0a5a180	0x0	bridge
__pfx_vlan_tunnel_info_del	0xffffffffc0a5a1f0	0x0	bridge
vlan_tunnel_info_del	0xffffffffc0a5a200	0x0	bridge
__pfx_nbp_vlan_tunnel_info_add	0xffffffffc0a5a230	0x0	bridge
nbp_vlan_tunnel_info_add	0xffffffffc0a5a240	0x0	bridge
__pfx_nbp_vlan_tunnel_info_delete	0xffffffffc0a5a2e0	0x0	bridge
nbp_vlan_tunnel_info_delete	0xffffffffc0a5a2f0	0x0	bridge
__pfx_nbp_vlan_tunnel_info_flush	0xffffffffc0a5a390	0x0	bridge
nbp_vlan_tunnel_info_flush	0xffffffffc0a5a3a0	0x0	bridge
__pfx_vlan_tunnel_init	0xffffffffc0a5a460	0x0	bridge
vlan_tunnel_init	0xffffffffc0a5a470	0x0	bridge
__pfx_vlan_tunnel_deinit	0xffffffffc0a5a4a0	0x0	bridge
vlan_tunnel_deinit	0xffffffffc0a5a4b0	0x0	bridge
__pfx_br_handle_ingress_vlan_tunnel	0xffffffffc0a5a4d0	0x0	bridge
br_handle_ingress_vlan_tunnel	0xffffffffc0a5a4e0	0x0	bridge
__pfx_br_handle_egress_vlan_tunnel	0xffffffffc0a5a6e0	0x0	bridge
br_handle_egress_vlan_tunnel	0xffffffffc0a5a6f0	0x0	bridge
__pfx_nla_nest_start_noflag	0xffffffffc0a5a890	0x0	bridge
nla_nest_start_noflag	0xffffffffc0a5a8a0	0x0	bridge
__pfx_nlmsg_trim	0xffffffffc0a5a8e0	0x0	bridge
nlmsg_trim	0xffffffffc0a5a8f0	0x0	bridge
__pfx_br_vlan_process_global_one_opts.isra.0	0xffffffffc0a5a920	0x0	bridge
br_vlan_process_global_one_opts.isra.0	0xffffffffc0a5a930	0x0	bridge
__pfx_br_vlan_opts_eq_range	0xffffffffc0a5ab80	0x0	bridge
br_vlan_opts_eq_range	0xffffffffc0a5ab90	0x0	bridge
__pfx_br_vlan_opts_fill	0xffffffffc0a5ac10	0x0	bridge
br_vlan_opts_fill	0xffffffffc0a5ac20	0x0	bridge
__pfx_br_vlan_opts_nl_size	0xffffffffc0a5ae20	0x0	bridge
br_vlan_opts_nl_size	0xffffffffc0a5ae30	0x0	bridge
__pfx_br_vlan_process_options	0xffffffffc0a5ae50	0x0	bridge
br_vlan_process_options	0xffffffffc0a5ae60	0x0	bridge
__pfx_br_vlan_global_opts_can_enter_range	0xffffffffc0a5b520	0x0	bridge
br_vlan_global_opts_can_enter_range	0xffffffffc0a5b530	0x0	bridge
__pfx_br_vlan_global_opts_fill	0xffffffffc0a5b640	0x0	bridge
br_vlan_global_opts_fill	0xffffffffc0a5b650	0x0	bridge
__pfx_br_vlan_global_opts_notify	0xffffffffc0a5ba30	0x0	bridge
br_vlan_global_opts_notify	0xffffffffc0a5ba40	0x0	bridge
__pfx_br_vlan_rtm_process_global_options	0xffffffffc0a5bc00	0x0	bridge
br_vlan_rtm_process_global_options	0xffffffffc0a5bc10	0x0	bridge
__pfx_br_mst_enabled	0xffffffffc0a5bf80	0x0	bridge
br_mst_enabled	0xffffffffc0a5bf90	0x0	bridge
__pfx_br_mst_get_state	0xffffffffc0a5bfc0	0x0	bridge
br_mst_get_state	0xffffffffc0a5bfd0	0x0	bridge
__pfx_br_mst_get_info	0xffffffffc0a5c0f0	0x0	bridge
br_mst_get_info	0xffffffffc0a5c100	0x0	bridge
__pfx_br_mst_uninit	0xffffffffc0a5c1e0	0x0	bridge
br_mst_uninit	0xffffffffc0a5c1f0	0x0	bridge
__pfx_br_mst_set_state	0xffffffffc0a5c220	0x0	bridge
br_mst_set_state	0xffffffffc0a5c230	0x0	bridge
__pfx_br_mst_vlan_set_msti	0xffffffffc0a5c370	0x0	bridge
br_mst_vlan_set_msti	0xffffffffc0a5c380	0x0	bridge
__pfx_br_mst_vlan_init_state	0xffffffffc0a5c520	0x0	bridge
br_mst_vlan_init_state	0xffffffffc0a5c530	0x0	bridge
__pfx_br_mst_set_enabled	0xffffffffc0a5c560	0x0	bridge
br_mst_set_enabled	0xffffffffc0a5c570	0x0	bridge
__pfx_br_mst_info_size	0xffffffffc0a5c6a0	0x0	bridge
br_mst_info_size	0xffffffffc0a5c6b0	0x0	bridge
__pfx_br_mst_fill_info	0xffffffffc0a5c770	0x0	bridge
br_mst_fill_info	0xffffffffc0a5c780	0x0	bridge
__pfx_br_mst_process	0xffffffffc0a5c8f0	0x0	bridge
br_mst_process	0xffffffffc0a5c900	0x0	bridge
__pfx_br_switchdev_fdb_populate	0xffffffffc0a5cb40	0x0	bridge
br_switchdev_fdb_populate	0xffffffffc0a5cb50	0x0	bridge
__pfx_br_switchdev_fdb_replay	0xffffffffc0a5cbe0	0x0	bridge
br_switchdev_fdb_replay	0xffffffffc0a5cbf0	0x0	bridge
__pfx_ipv6_eth_mc_map	0xffffffffc0a5cd10	0x0	bridge
ipv6_eth_mc_map	0xffffffffc0a5cd20	0x0	bridge
__pfx_br_switchdev_mdb_populate	0xffffffffc0a5cd40	0x0	bridge
br_switchdev_mdb_populate	0xffffffffc0a5cd50	0x0	bridge
__pfx_br_switchdev_mdb_queue_one	0xffffffffc0a5cdf0	0x0	bridge
br_switchdev_mdb_queue_one	0xffffffffc0a5ce00	0x0	bridge
__pfx_br_switchdev_mdb_replay	0xffffffffc0a5cec0	0x0	bridge
br_switchdev_mdb_replay	0xffffffffc0a5ced0	0x0	bridge
__pfx_br_switchdev_vlan_replay_group	0xffffffffc0a5d1a0	0x0	bridge
br_switchdev_vlan_replay_group	0xffffffffc0a5d1b0	0x0	bridge
__pfx_br_switchdev_vlan_replay	0xffffffffc0a5d320	0x0	bridge
br_switchdev_vlan_replay	0xffffffffc0a5d330	0x0	bridge
__pfx_nbp_switchdev_sync_objs.isra.0	0xffffffffc0a5d560	0x0	bridge
nbp_switchdev_sync_objs.isra.0	0xffffffffc0a5d570	0x0	bridge
__pfx_nbp_switchdev_del	0xffffffffc0a5d620	0x0	bridge
nbp_switchdev_del	0xffffffffc0a5d630	0x0	bridge
__pfx_br_switchdev_mdb_complete	0xffffffffc0a5d6e0	0x0	bridge
br_switchdev_mdb_complete	0xffffffffc0a5d6f0	0x0	bridge
__pfx_br_switchdev_host_mdb	0xffffffffc0a5d7d0	0x0	bridge
br_switchdev_host_mdb	0xffffffffc0a5d7e0	0x0	bridge
__pfx_br_switchdev_frame_uses_tx_fwd_offload	0xffffffffc0a5d920	0x0	bridge
br_switchdev_frame_uses_tx_fwd_offload	0xffffffffc0a5d930	0x0	bridge
__pfx_br_switchdev_frame_set_offload_fwd_mark	0xffffffffc0a5d960	0x0	bridge
br_switchdev_frame_set_offload_fwd_mark	0xffffffffc0a5d970	0x0	bridge
__pfx_nbp_switchdev_frame_mark_tx_fwd_offload	0xffffffffc0a5d9b0	0x0	bridge
nbp_switchdev_frame_mark_tx_fwd_offload	0xffffffffc0a5d9c0	0x0	bridge
__pfx_nbp_switchdev_frame_mark_tx_fwd_to_hwdom	0xffffffffc0a5da00	0x0	bridge
nbp_switchdev_frame_mark_tx_fwd_to_hwdom	0xffffffffc0a5da10	0x0	bridge
__pfx_nbp_switchdev_frame_mark	0xffffffffc0a5da50	0x0	bridge
nbp_switchdev_frame_mark	0xffffffffc0a5da60	0x0	bridge
__pfx_nbp_switchdev_allowed_egress	0xffffffffc0a5da80	0x0	bridge
nbp_switchdev_allowed_egress	0xffffffffc0a5da90	0x0	bridge
__pfx_br_switchdev_set_port_flag	0xffffffffc0a5dae0	0x0	bridge
br_switchdev_set_port_flag	0xffffffffc0a5daf0	0x0	bridge
__pfx_br_switchdev_fdb_notify	0xffffffffc0a5dc50	0x0	bridge
br_switchdev_fdb_notify	0xffffffffc0a5dc60	0x0	bridge
__pfx_br_switchdev_port_vlan_add	0xffffffffc0a5dd30	0x0	bridge
br_switchdev_port_vlan_add	0xffffffffc0a5dd40	0x0	bridge
__pfx_br_switchdev_port_vlan_del	0xffffffffc0a5ddc0	0x0	bridge
br_switchdev_port_vlan_del	0xffffffffc0a5ddd0	0x0	bridge
__pfx_br_switchdev_mdb_notify	0xffffffffc0a5de30	0x0	bridge
br_switchdev_mdb_notify	0xffffffffc0a5de40	0x0	bridge
__pfx_br_switchdev_port_offload	0xffffffffc0a5dfb0	0x0	bridge
br_switchdev_port_offload	0xffffffffc0a5dfc0	0x0	bridge
__pfx_br_switchdev_port_unoffload	0xffffffffc0a5e270	0x0	bridge
br_switchdev_port_unoffload	0xffffffffc0a5e280	0x0	bridge
__pfx_br_switchdev_port_replay	0xffffffffc0a5e300	0x0	bridge
br_switchdev_port_replay	0xffffffffc0a5e310	0x0	bridge
__pfx_br_mrp_switchdev_add	0xffffffffc0a5e3c0	0x0	bridge
br_mrp_switchdev_add	0xffffffffc0a5e3d0	0x0	bridge
__pfx_br_mrp_switchdev_del	0xffffffffc0a5e460	0x0	bridge
br_mrp_switchdev_del	0xffffffffc0a5e470	0x0	bridge
__pfx_br_mrp_switchdev_set_ring_role	0xffffffffc0a5e4e0	0x0	bridge
br_mrp_switchdev_set_ring_role	0xffffffffc0a5e4f0	0x0	bridge
__pfx_br_mrp_switchdev_send_ring_test	0xffffffffc0a5e5c0	0x0	bridge
br_mrp_switchdev_send_ring_test	0xffffffffc0a5e5d0	0x0	bridge
__pfx_br_mrp_switchdev_set_ring_state	0xffffffffc0a5e670	0x0	bridge
br_mrp_switchdev_set_ring_state	0xffffffffc0a5e680	0x0	bridge
__pfx_br_mrp_switchdev_set_in_role	0xffffffffc0a5e6f0	0x0	bridge
br_mrp_switchdev_set_in_role	0xffffffffc0a5e700	0x0	bridge
__pfx_br_mrp_switchdev_set_in_state	0xffffffffc0a5e7f0	0x0	bridge
br_mrp_switchdev_set_in_state	0xffffffffc0a5e800	0x0	bridge
__pfx_br_mrp_switchdev_send_in_test	0xffffffffc0a5e870	0x0	bridge
br_mrp_switchdev_send_in_test	0xffffffffc0a5e880	0x0	bridge
__pfx_br_mrp_port_switchdev_set_state	0xffffffffc0a5e920	0x0	bridge
br_mrp_port_switchdev_set_state	0xffffffffc0a5e930	0x0	bridge
__pfx_br_mrp_port_switchdev_set_role	0xffffffffc0a5e9b0	0x0	bridge
br_mrp_port_switchdev_set_role	0xffffffffc0a5e9c0	0x0	bridge
__pfx_br_mrp_unique_ifindex	0xffffffffc0a5ea40	0x0	bridge
br_mrp_unique_ifindex	0xffffffffc0a5ea50	0x0	bridge
__pfx_br_mrp_skb_alloc	0xffffffffc0a5eac0	0x0	bridge
br_mrp_skb_alloc	0xffffffffc0a5ead0	0x0	bridge
__pfx_br_mrp_skb_common	0xffffffffc0a5eb90	0x0	bridge
br_mrp_skb_common	0xffffffffc0a5eba0	0x0	bridge
__pfx_br_mrp_alloc_in_test_skb	0xffffffffc0a5ec00	0x0	bridge
br_mrp_alloc_in_test_skb	0xffffffffc0a5ec10	0x0	bridge
__pfx_br_mrp_alloc_test_skb	0xffffffffc0a5ed30	0x0	bridge
br_mrp_alloc_test_skb	0xffffffffc0a5ed40	0x0	bridge
__pfx_br_mrp_in_test_work_expired	0xffffffffc0a5eed0	0x0	bridge
br_mrp_in_test_work_expired	0xffffffffc0a5eee0	0x0	bridge
__pfx_br_mrp_del_impl	0xffffffffc0a5f0a0	0x0	bridge
br_mrp_del_impl	0xffffffffc0a5f0b0	0x0	bridge
__pfx_br_mrp_test_work_expired	0xffffffffc0a5f2c0	0x0	bridge
br_mrp_test_work_expired	0xffffffffc0a5f2d0	0x0	bridge
__pfx_br_mrp_mrm_process	0xffffffffc0a5f470	0x0	bridge
br_mrp_mrm_process	0xffffffffc0a5f480	0x0	bridge
__pfx_br_mrp_rcv.isra.0	0xffffffffc0a5f530	0x0	bridge
br_mrp_rcv.isra.0	0xffffffffc0a5f540	0x0	bridge
__pfx_br_mrp_process	0xffffffffc0a5fc80	0x0	bridge
br_mrp_process	0xffffffffc0a5fc90	0x0	bridge
__pfx_br_mrp_add	0xffffffffc0a5fcc0	0x0	bridge
br_mrp_add	0xffffffffc0a5fcd0	0x0	bridge
__pfx_br_mrp_port_del	0xffffffffc0a60010	0x0	bridge
br_mrp_port_del	0xffffffffc0a60020	0x0	bridge
__pfx_br_mrp_del	0xffffffffc0a60070	0x0	bridge
br_mrp_del	0xffffffffc0a60080	0x0	bridge
__pfx_br_mrp_set_port_state	0xffffffffc0a600c0	0x0	bridge
br_mrp_set_port_state	0xffffffffc0a600d0	0x0	bridge
__pfx_br_mrp_set_port_role	0xffffffffc0a60150	0x0	bridge
br_mrp_set_port_role	0xffffffffc0a60160	0x0	bridge
__pfx_br_mrp_set_ring_state	0xffffffffc0a601f0	0x0	bridge
br_mrp_set_ring_state	0xffffffffc0a60200	0x0	bridge
__pfx_br_mrp_set_ring_role	0xffffffffc0a60260	0x0	bridge
br_mrp_set_ring_role	0xffffffffc0a60270	0x0	bridge
__pfx_br_mrp_start_test	0xffffffffc0a602e0	0x0	bridge
br_mrp_start_test	0xffffffffc0a602f0	0x0	bridge
__pfx_br_mrp_set_in_state	0xffffffffc0a603f0	0x0	bridge
br_mrp_set_in_state	0xffffffffc0a60400	0x0	bridge
__pfx_br_mrp_set_in_role	0xffffffffc0a60460	0x0	bridge
br_mrp_set_in_role	0xffffffffc0a60470	0x0	bridge
__pfx_br_mrp_start_in_test	0xffffffffc0a60680	0x0	bridge
br_mrp_start_in_test	0xffffffffc0a60690	0x0	bridge
__pfx_br_mrp_enabled	0xffffffffc0a60780	0x0	bridge
br_mrp_enabled	0xffffffffc0a60790	0x0	bridge
__pfx_br_mrp_start_in_test_parse	0xffffffffc0a607b0	0x0	bridge
br_mrp_start_in_test_parse	0xffffffffc0a607c0	0x0	bridge
__pfx_br_mrp_in_role_parse	0xffffffffc0a60930	0x0	bridge
br_mrp_in_role_parse	0xffffffffc0a60940	0x0	bridge
__pfx_br_mrp_start_test_parse	0xffffffffc0a60ac0	0x0	bridge
br_mrp_start_test_parse	0xffffffffc0a60ad0	0x0	bridge
__pfx_br_mrp_instance_parse	0xffffffffc0a60c50	0x0	bridge
br_mrp_instance_parse	0xffffffffc0a60c60	0x0	bridge
__pfx_br_mrp_parse	0xffffffffc0a60df0	0x0	bridge
br_mrp_parse	0xffffffffc0a60e00	0x0	bridge
__pfx_br_mrp_fill_info	0xffffffffc0a613e0	0x0	bridge
br_mrp_fill_info	0xffffffffc0a613f0	0x0	bridge
__pfx_br_mrp_ring_port_open	0xffffffffc0a61790	0x0	bridge
br_mrp_ring_port_open	0xffffffffc0a617a0	0x0	bridge
__pfx_br_mrp_in_port_open	0xffffffffc0a61800	0x0	bridge
br_mrp_in_port_open	0xffffffffc0a61810	0x0	bridge
__pfx_ccm_rx_timer_start	0xffffffffc0a61870	0x0	bridge
ccm_rx_timer_start	0xffffffffc0a61880	0x0	bridge
__pfx_cc_peer_enable	0xffffffffc0a618d0	0x0	bridge
cc_peer_enable	0xffffffffc0a618e0	0x0	bridge
__pfx_ccm_frame_build	0xffffffffc0a61910	0x0	bridge
ccm_frame_build	0xffffffffc0a61920	0x0	bridge
__pfx_mep_delete_implementation	0xffffffffc0a61b70	0x0	bridge
mep_delete_implementation	0xffffffffc0a61b80	0x0	bridge
__pfx_ccm_rx_work_expired	0xffffffffc0a61cc0	0x0	bridge
ccm_rx_work_expired	0xffffffffc0a61cd0	0x0	bridge
__pfx_ccm_tx_work_expired	0xffffffffc0a61d30	0x0	bridge
ccm_tx_work_expired	0xffffffffc0a61d40	0x0	bridge
__pfx_br_cfm_frame_rx	0xffffffffc0a61df0	0x0	bridge
br_cfm_frame_rx	0xffffffffc0a61e00	0x0	bridge
__pfx_br_cfm_mep_create	0xffffffffc0a62200	0x0	bridge
br_cfm_mep_create	0xffffffffc0a62210	0x0	bridge
__pfx_br_cfm_mep_delete	0xffffffffc0a62570	0x0	bridge
br_cfm_mep_delete	0xffffffffc0a62580	0x0	bridge
__pfx_br_cfm_mep_config_set	0xffffffffc0a62630	0x0	bridge
br_cfm_mep_config_set	0xffffffffc0a62640	0x0	bridge
__pfx_br_cfm_cc_config_set	0xffffffffc0a62700	0x0	bridge
br_cfm_cc_config_set	0xffffffffc0a62710	0x0	bridge
__pfx_br_cfm_cc_peer_mep_add	0xffffffffc0a628d0	0x0	bridge
br_cfm_cc_peer_mep_add	0xffffffffc0a628e0	0x0	bridge
__pfx_br_cfm_cc_peer_mep_remove	0xffffffffc0a62b00	0x0	bridge
br_cfm_cc_peer_mep_remove	0xffffffffc0a62b10	0x0	bridge
__pfx_br_cfm_cc_rdi_set	0xffffffffc0a62c50	0x0	bridge
br_cfm_cc_rdi_set	0xffffffffc0a62c60	0x0	bridge
__pfx_br_cfm_cc_ccm_tx	0xffffffffc0a62d20	0x0	bridge
br_cfm_cc_ccm_tx	0xffffffffc0a62d30	0x0	bridge
__pfx_br_cfm_mep_count	0xffffffffc0a62ee0	0x0	bridge
br_cfm_mep_count	0xffffffffc0a62ef0	0x0	bridge
__pfx_br_cfm_peer_mep_count	0xffffffffc0a62f30	0x0	bridge
br_cfm_peer_mep_count	0xffffffffc0a62f40	0x0	bridge
__pfx_br_cfm_created	0xffffffffc0a62f90	0x0	bridge
br_cfm_created	0xffffffffc0a62fa0	0x0	bridge
__pfx_br_cfm_port_del	0xffffffffc0a62fc0	0x0	bridge
br_cfm_port_del	0xffffffffc0a62fd0	0x0	bridge
__pfx_br_cc_config_parse	0xffffffffc0a63070	0x0	bridge
br_cc_config_parse	0xffffffffc0a63080	0x0	bridge
__pfx_br_mep_config_parse	0xffffffffc0a63270	0x0	bridge
br_mep_config_parse	0xffffffffc0a63280	0x0	bridge
__pfx_br_cc_ccm_tx_parse	0xffffffffc0a63460	0x0	bridge
br_cc_ccm_tx_parse	0xffffffffc0a63470	0x0	bridge
__pfx_br_cfm_parse	0xffffffffc0a63730	0x0	bridge
br_cfm_parse	0xffffffffc0a63740	0x0	bridge
__pfx_br_cfm_config_fill_info	0xffffffffc0a63dd0	0x0	bridge
br_cfm_config_fill_info	0xffffffffc0a63de0	0x0	bridge
__pfx_br_cfm_status_fill_info	0xffffffffc0a643e0	0x0	bridge
br_cfm_status_fill_info	0xffffffffc0a643f0	0x0	bridge
__pfx_br_deinit	0xffffffffc0a647a0	0x0	bridge
__pfx_cleanup_module	0xffffffffc0a647a0	0x0	bridge
br_deinit	0xffffffffc0a647b0	0x0	bridge
cleanup_module	0xffffffffc0a647b0	0x0	bridge
br_switchdev_blocking_event.cold	0xffffffffc0a6481c	0x0	bridge
br_device_event.cold	0xffffffffc0a64839	0x0	bridge
br_net_exit_rtnl.cold	0xffffffffc0a6484e	0x0	bridge
br_boolopt_multi_toggle.cold	0xffffffffc0a64862	0x0	bridge
br_fdb_clear_offload.cold	0xffffffffc0a64892	0x0	bridge
fdb_del_hw_addr.cold	0xffffffffc0a648a7	0x0	bridge
fdb_add_hw_addr.cold	0xffffffffc0a648bb	0x0	bridge
__rhashtable_remove_fast_one.constprop.0.cold	0xffffffffc0a648cf	0x0	bridge
br_fdb_find_port.cold	0xffffffffc0a648e4	0x0	bridge
br_fdb_sync_static.cold	0xffffffffc0a648f9	0x0	bridge
br_fdb_unsync_static.cold	0xffffffffc0a6490d	0x0	bridge
nbp_backup_change.cold	0xffffffffc0a64922	0x0	bridge
br_mtu_auto_adjust.cold	0xffffffffc0a64937	0x0	bridge
br_handle_frame_finish.cold	0xffffffffc0a6494c	0x0	bridge
br_handle_frame.cold	0xffffffffc0a64961	0x0	bridge
br_port_get_stp_state.cold	0xffffffffc0a6497d	0x0	bridge
br_stp_set_enabled.cold	0xffffffffc0a64992	0x0	bridge
br_vlan_info.cold	0xffffffffc0a649a7	0x0	bridge
br_process_vlan_info.cold	0xffffffffc0a649c1	0x0	bridge
br_setlink.cold	0xffffffffc0a64a1c	0x0	bridge
br_dellink.cold	0xffffffffc0a64a3c	0x0	bridge
br_process_vlan_tunnel_info.cold	0xffffffffc0a64a57	0x0	bridge
__rhashtable_remove_fast_one.isra.0.cold	0xffffffffc0a64abc	0x0	bridge
br_multicast_star_g_host_state.cold	0xffffffffc0a64ad0	0x0	bridge
br_ip4_multicast_query.cold	0xffffffffc0a64aef	0x0	bridge
br_ip6_multicast_query.cold	0xffffffffc0a64b04	0x0	bridge
br_multicast_host_join.cold	0xffffffffc0a64b19	0x0	bridge
br_multicast_del_pg.cold	0xffffffffc0a64b34	0x0	bridge
br_multicast_sg_add_exclude_ports.cold	0xffffffffc0a64b48	0x0	bridge
br_multicast_host_leave.cold	0xffffffffc0a64b5d	0x0	bridge
br_multicast_open.cold	0xffffffffc0a64b72	0x0	bridge
br_multicast_toggle_global_vlan.cold	0xffffffffc0a64b87	0x0	bridge
br_multicast_stop.cold	0xffffffffc0a64b9c	0x0	bridge
br_multicast_port_group_rexmit.cold	0xffffffffc0a64bb1	0x0	bridge
br_multicast_leave_group.cold	0xffffffffc0a64bc6	0x0	bridge
br_mdb_add_group_sg.cold	0xffffffffc0a64bdb	0x0	bridge
br_mdb_add_group.cold	0xffffffffc0a64c0d	0x0	bridge
__br_mdb_del.cold	0xffffffffc0a64c22	0x0	bridge
br_mdb_get_reply_fill.cold	0xffffffffc0a64c37	0x0	bridge
br_mdb_fill_info.cold	0xffffffffc0a64c4b	0x0	bridge
br_mdb_get.cold	0xffffffffc0a64c60	0x0	bridge
br_vlan_get_pvid.cold	0xffffffffc0a64ca2	0x0	bridge
br_vlan_get_info.cold	0xffffffffc0a64cb7	0x0	bridge
br_vlan_rtm_process_one.cold	0xffffffffc0a64ccc	0x0	bridge
__rhashtable_remove_fast_one.constprop.0.cold	0xffffffffc0a64d23	0x0	bridge
br_vlan_delete.cold	0xffffffffc0a64d37	0x0	bridge
br_recalculate_fwd_mask.cold	0xffffffffc0a64d4c	0x0	bridge
nbp_vlan_delete.cold	0xffffffffc0a64d6c	0x0	bridge
br_vlan_notify.cold	0xffffffffc0a64d81	0x0	bridge
__vlan_add.cold	0xffffffffc0a64d96	0x0	bridge
br_vlan_add.cold	0xffffffffc0a64db1	0x0	bridge
nbp_vlan_add.cold	0xffffffffc0a64dc6	0x0	bridge
br_vlan_flush.cold	0xffffffffc0a64ddb	0x0	bridge
nbp_vlan_flush.cold	0xffffffffc0a64def	0x0	bridge
br_vlan_set_default_pvid.cold	0xffffffffc0a64e03	0x0	bridge
br_vlan_bridge_event.cold	0xffffffffc0a64e17	0x0	bridge
__rhashtable_remove_fast_one.constprop.0.cold	0xffffffffc0a64e50	0x0	bridge
nbp_vlan_tunnel_info_add.cold	0xffffffffc0a64e65	0x0	bridge
nbp_vlan_tunnel_info_delete.cold	0xffffffffc0a64e7a	0x0	bridge
nbp_vlan_tunnel_info_flush.cold	0xffffffffc0a64e8f	0x0	bridge
br_vlan_process_options.cold	0xffffffffc0a64ea4	0x0	bridge
br_vlan_global_opts_notify.cold	0xffffffffc0a64ee1	0x0	bridge
br_vlan_rtm_process_global_options.cold	0xffffffffc0a64ef6	0x0	bridge
br_mst_get_state.cold	0xffffffffc0a64f17	0x0	bridge
br_mst_get_info.cold	0xffffffffc0a64f2c	0x0	bridge
br_switchdev_mdb_replay.cold	0xffffffffc0a64f41	0x0	bridge
br_switchdev_vlan_replay.cold	0xffffffffc0a64f73	0x0	bridge
br_mrp_test_work_expired.cold	0xffffffffc0a64f88	0x0	bridge
br_mrp_rcv.isra.0.cold	0xffffffffc0a64fc7	0x0	bridge
br_mrp_fill_info.cold	0xffffffffc0a65076	0x0	bridge
ccm_frame_build.cold	0xffffffffc0a6508b	0x0	bridge
mep_delete_implementation.cold	0xffffffffc0a650f5	0x0	bridge
br_cfm_mep_create.cold	0xffffffffc0a65109	0x0	bridge
br_cfm_mep_delete.cold	0xffffffffc0a6511d	0x0	bridge
br_cfm_mep_config_set.cold	0xffffffffc0a65132	0x0	bridge
br_cfm_cc_config_set.cold	0xffffffffc0a65147	0x0	bridge
br_cfm_cc_peer_mep_add.cold	0xffffffffc0a651b7	0x0	bridge
br_cfm_cc_peer_mep_remove.cold	0xffffffffc0a651e1	0x0	bridge
br_cfm_cc_rdi_set.cold	0xffffffffc0a651f6	0x0	bridge
br_cfm_cc_ccm_tx.cold	0xffffffffc0a6520b	0x0	bridge
br_cfm_port_del.cold	0xffffffffc0a65220	0x0	bridge
br_cfm_config_fill_info.cold	0xffffffffc0a65234	0x0	bridge
br_cfm_status_fill_info.cold	0xffffffffc0a6529d	0x0	bridge
__pfx_ingress_leaf	0xffffffffc0a66000	0x0	sch_ingress
ingress_leaf	0xffffffffc0a66010	0x0	sch_ingress
__pfx_ingress_find	0xffffffffc0a66030	0x0	sch_ingress
ingress_find	0xffffffffc0a66040	0x0	sch_ingress
__pfx_ingress_bind_filter	0xffffffffc0a66060	0x0	sch_ingress
ingress_bind_filter	0xffffffffc0a66070	0x0	sch_ingress
__pfx_ingress_unbind_filter	0xffffffffc0a66090	0x0	sch_ingress
ingress_unbind_filter	0xffffffffc0a660a0	0x0	sch_ingress
__pfx_ingress_walk	0xffffffffc0a660b0	0x0	sch_ingress
ingress_walk	0xffffffffc0a660c0	0x0	sch_ingress
__pfx_ingress_tcf_block	0xffffffffc0a660d0	0x0	sch_ingress
ingress_tcf_block	0xffffffffc0a660e0	0x0	sch_ingress
__pfx_ingress_ingress_block_set	0xffffffffc0a66100	0x0	sch_ingress
ingress_ingress_block_set	0xffffffffc0a66110	0x0	sch_ingress
__pfx_ingress_ingress_block_get	0xffffffffc0a66130	0x0	sch_ingress
ingress_ingress_block_get	0xffffffffc0a66140	0x0	sch_ingress
__pfx_clsact_find	0xffffffffc0a66160	0x0	sch_ingress
clsact_find	0xffffffffc0a66170	0x0	sch_ingress
__pfx_clsact_bind_filter	0xffffffffc0a661a0	0x0	sch_ingress
clsact_bind_filter	0xffffffffc0a661b0	0x0	sch_ingress
__pfx_clsact_tcf_block	0xffffffffc0a661e0	0x0	sch_ingress
clsact_tcf_block	0xffffffffc0a661f0	0x0	sch_ingress
__pfx_clsact_ingress_block_set	0xffffffffc0a66230	0x0	sch_ingress
clsact_ingress_block_set	0xffffffffc0a66240	0x0	sch_ingress
__pfx_clsact_egress_block_set	0xffffffffc0a66260	0x0	sch_ingress
clsact_egress_block_set	0xffffffffc0a66270	0x0	sch_ingress
__pfx_clsact_ingress_block_get	0xffffffffc0a66290	0x0	sch_ingress
clsact_ingress_block_get	0xffffffffc0a662a0	0x0	sch_ingress
__pfx_clsact_egress_block_get	0xffffffffc0a662c0	0x0	sch_ingress
clsact_egress_block_get	0xffffffffc0a662d0	0x0	sch_ingress
__pfx_clsact_chain_head_change	0xffffffffc0a662f0	0x0	sch_ingress
clsact_chain_head_change	0xffffffffc0a66300	0x0	sch_ingress
__pfx_ingress_dump	0xffffffffc0a66320	0x0	sch_ingress
ingress_dump	0xffffffffc0a66330	0x0	sch_ingress
__pfx_tcx_entry_fetch_or_create	0xffffffffc0a663a0	0x0	sch_ingress
tcx_entry_fetch_or_create	0xffffffffc0a663b0	0x0	sch_ingress
__pfx_ingress_init	0xffffffffc0a664f0	0x0	sch_ingress
ingress_init	0xffffffffc0a66500	0x0	sch_ingress
__pfx_clsact_init	0xffffffffc0a66780	0x0	sch_ingress
clsact_init	0xffffffffc0a66790	0x0	sch_ingress
__pfx_ingress_destroy	0xffffffffc0a66b70	0x0	sch_ingress
ingress_destroy	0xffffffffc0a66b80	0x0	sch_ingress
__pfx_clsact_destroy	0xffffffffc0a66d20	0x0	sch_ingress
clsact_destroy	0xffffffffc0a66d30	0x0	sch_ingress
__pfx_ingress_module_exit	0xffffffffc0a67050	0x0	sch_ingress
__pfx_cleanup_module	0xffffffffc0a67050	0x0	sch_ingress
ingress_module_exit	0xffffffffc0a67060	0x0	sch_ingress
cleanup_module	0xffffffffc0a67060	0x0	sch_ingress
tcx_entry_fetch_or_create.cold	0xffffffffc0a67082	0x0	sch_ingress
ingress_init.cold	0xffffffffc0a67097	0x0	sch_ingress
clsact_init.cold	0xffffffffc0a670d6	0x0	sch_ingress
ingress_destroy.cold	0xffffffffc0a67181	0x0	sch_ingress
clsact_destroy.cold	0xffffffffc0a671c0	0x0	sch_ingress
__pfx_cls_bpf_get	0xffffffffc0a68000	0x0	cls_bpf
cls_bpf_get	0xffffffffc0a68010	0x0	cls_bpf
__pfx_cls_bpf_bind_class	0xffffffffc0a68050	0x0	cls_bpf
cls_bpf_bind_class	0xffffffffc0a68060	0x0	cls_bpf
__pfx_cls_bpf_walk	0xffffffffc0a680f0	0x0	cls_bpf
cls_bpf_walk	0xffffffffc0a68100	0x0	cls_bpf
__pfx_cls_bpf_offload_cmd	0xffffffffc0a68170	0x0	cls_bpf
cls_bpf_offload_cmd	0xffffffffc0a68180	0x0	cls_bpf
__pfx_cls_bpf_dump_ebpf_info	0xffffffffc0a68390	0x0	cls_bpf
cls_bpf_dump_ebpf_info	0xffffffffc0a683a0	0x0	cls_bpf
__pfx_cls_bpf_init	0xffffffffc0a68480	0x0	cls_bpf
cls_bpf_init	0xffffffffc0a68490	0x0	cls_bpf
__pfx_cls_bpf_reoffload	0xffffffffc0a68530	0x0	cls_bpf
cls_bpf_reoffload	0xffffffffc0a68540	0x0	cls_bpf
__pfx_cls_bpf_dump.part.0	0xffffffffc0a686c0	0x0	cls_bpf
cls_bpf_dump.part.0	0xffffffffc0a686d0	0x0	cls_bpf
__pfx_cls_bpf_dump	0xffffffffc0a68960	0x0	cls_bpf
cls_bpf_dump	0xffffffffc0a68970	0x0	cls_bpf
__pfx___cls_bpf_delete_prog	0xffffffffc0a689a0	0x0	cls_bpf
__cls_bpf_delete_prog	0xffffffffc0a689b0	0x0	cls_bpf
__pfx_cls_bpf_delete_prog_work	0xffffffffc0a68a40	0x0	cls_bpf
cls_bpf_delete_prog_work	0xffffffffc0a68a50	0x0	cls_bpf
__pfx___cls_bpf_delete	0xffffffffc0a68a80	0x0	cls_bpf
__cls_bpf_delete	0xffffffffc0a68a90	0x0	cls_bpf
__pfx_cls_bpf_delete	0xffffffffc0a68bb0	0x0	cls_bpf
cls_bpf_delete	0xffffffffc0a68bc0	0x0	cls_bpf
__pfx_cls_bpf_destroy	0xffffffffc0a68bf0	0x0	cls_bpf
cls_bpf_destroy	0xffffffffc0a68c00	0x0	cls_bpf
__pfx_cls_bpf_classify	0xffffffffc0a68c80	0x0	cls_bpf
cls_bpf_classify	0xffffffffc0a68c90	0x0	cls_bpf
__pfx_cls_bpf_change	0xffffffffc0a69030	0x0	cls_bpf
cls_bpf_change	0xffffffffc0a69040	0x0	cls_bpf
__pfx_cls_bpf_exit_mod	0xffffffffc0a699b0	0x0	cls_bpf
__pfx_cleanup_module	0xffffffffc0a699b0	0x0	cls_bpf
cls_bpf_exit_mod	0xffffffffc0a699c0	0x0	cls_bpf
cleanup_module	0xffffffffc0a699c0	0x0	cls_bpf
cls_bpf_offload_cmd.cold	0xffffffffc0a699d6	0x0	cls_bpf
cls_bpf_reoffload.cold	0xffffffffc0a69a13	0x0	cls_bpf
cls_bpf_dump.part.0.cold	0xffffffffc0a69a2e	0x0	cls_bpf
cls_bpf_classify.cold	0xffffffffc0a69a66	0x0	cls_bpf
cls_bpf_change.cold	0xffffffffc0a69aa8	0x0	cls_bpf
